date	depth	nitrite	nitrate	ammonium	silicate	phosphate
17/01/2000	0	0.07	8.05	0.1	3.62	0.35
02/02/2000	0	0.17	7.4	0.11	3.23	0.35
21/02/2000	0	0.31	7.78	0.29	2.9	0.38
13/03/2000	0	0.3	5.52	0.13	2.38	0.31
20/03/2000	0	0.36	5.19	0.22	2.15	0.3
27/03/2000	0	0.39	4.99	0.53	2.22	0.3
03/04/2000	0	0.31	4.34	0.47	1.76	0.28
11/04/2000	0	0.13	2.33	0.33	0.88	0.16
12/06/2000	0	0.05	0.09	0.1	0.46	0.05
19/06/2000	0	0.05	0.21	0.18	0.13	0.06
17/07/2000	0	0.05	0.05	0.13	0.13	0.05
21/08/2000	0	0.05	0.25	0.1	1.89	0.05
04/09/2000	0	0.06	0.21	0.58	2.93	0.05
12/10/2000	0	0.18	3.89	0.1	5.35	0.21
16/10/2000	0	0.44	8.43	0.73	7.3	0.21
26/10/2000	0	0.22	7.74	0.16	6.39	0.28
13/11/2000	0	0.2	9.29	0.21	5.48	0.41
19/11/2000	0	0.21	9.72	0.35	5.61	0.41
16/01/2001	0	0.08	8.47	NA	4.96	0.49
19/02/2001	0	0.09	4.57	NA	2.9	0.21
27/02/2001	0	0.27	6.05	NA	3.78	0.33
04/03/2001	0	0.45	5.38	NA	2.32	0.25
17/04/2001	0	0.43	5.09	NA	2.21	0.22
22/04/2001	0	0.32	1.18	NA	1.14	0.07
29/04/2001	0	0.47	0.72	NA	1.12	0.04
07/05/2001	0	0.19	0.42	NA	0.67	0.04
07/05/2001	0	0.18	0.72	NA	1.74	0.04
13/05/2001	0	0.51	0.71	NA	1.06	0.06
20/05/2001	0	0.02	0.05	NA	0.37	0.04
30/05/2001	0	0.29	0.48	NA	0.82	0.04
03/06/2001	0	0.32	0.7	NA	0.75	0.04
01/07/2001	0	0.07	0.32	NA	0.46	0.04
08/07/2001	0	0.27	0.94	NA	1.54	0.06
22/07/2001	0	0.34	0.63	NA	1.2	0.04
29/07/2001	0	0.24	0.51	NA	0.57	0.04
12/08/2001	0	0.17	0.48	NA	0.53	0.15
18/08/2001	0	0.25	0.68	NA	0.55	0.05
29/08/2001	0	0.38	0.7	NA	1.02	0.12
02/09/2001	0	0.31	0.63	NA	1.39	0.09
09/09/2001	0	0.43	0.72	NA	2.06	0.04
16/09/2001	0	0.47	0.66	NA	1.33	0.04
23/09/2001	0	0.49	1.24	NA	1.51	0.07
21/10/2001	0	0.43	1.18	NA	2.68	0.08
04/11/2001	0	0.35	1.51	NA	2.93	0.12
18/11/2001	0	0.13	1.53	NA	2.59	0.14
25/11/2001	0	0.22	1.75	NA	3	0.22
09/12/2001	0	0.14	2.07	NA	3.13	0.18
16/12/2001	0	0.12	2.35	NA	3.3	0.17
07/01/2002	0	0.11	1.89	NA	2.21	0.14
12/02/2002	0	0.1	2.5	NA	3.03	0.24
07/04/2002	0	0.32	2.21	NA	1.07	0.59
30/04/2002	0	0.12	0.93	NA	0.84	0.37
06/05/2002	0	0.02	0.16	NA	0.74	0.28
16/05/2002	0	0.19	0.28	NA	0.74	0.24
27/05/2002	0	0.02	NA	NA	3.33	NA
11/06/2002	0	0.01	0.2	NA	0.44	0.18
18/06/2002	0	0.02	0.17	NA	0.72	0.32
24/06/2002	0	0.1	0.24	NA	NA	0.28
01/07/2002	0	0.08	0.08	NA	0.15	0.26
09/07/2002	0	0.1	0.2	NA	NA	0.17
16/07/2002	0	0	0.01	NA	0.21	0.15
22/07/2002	0	0.01	0.09	NA	0.1	0.09
29/07/2002	0	0.13	0.25	NA	0.01	0.15
05/08/2002	0	0.07	0.08	NA	0.32	0.11
12/08/2002	0	0.05	0.71	NA	2.67	0.22
19/08/2002	0	0.03	0.14	NA	2.58	0.32
28/08/2002	0	0.03	0.15	NA	1.23	0.27
02/09/2002	0	0.06	0.07	NA	1.6	0.22
09/09/2002	0	0.05	0.26	NA	1.75	0.22
16/09/2002	0	0.11	0.51	NA	1.58	0.36
23/09/2002	0	0.14	1.3	NA	5.1	0.22
30/09/2002	0	0.15	0.55	NA	1.63	0.35
07/10/2002	0	0.23	0.87	NA	3.9	0.37
14/10/2002	0	0.67	0.77	NA	2.88	0.31
28/10/2002	0	0.54	1.25	NA	3.28	0.41
04/11/2002	0	0.91	3.08	NA	3.4	0.65
18/11/2002	0	0.34	6.46	NA	5.05	0.57
25/11/2002	0	0.28	11.68	NA	6.41	0.66
03/12/2002	0	0.05	5.01	NA	3.32	0.73
16/12/2002	0	0.14	7.08	NA	6.19	0.62
06/01/2003	0	0.03	7.66	0.03	4.4	0.66
13/01/2003	0	0.12	12.21	0.03	5.26	0.73
22/01/2003	0	0.15	7.07	0.12	5.63	0.95
27/01/2003	0	0.14	12.21	0.03	7.44	0.77
03/02/2003	0	0.1	9.03	0.03	6.94	0.67
10/02/2003	0	0.14	10.66	0.03	6.7	0.85
17/02/2003	0	0.16	8.72	0.75	7.41	0.73
03/03/2003	0	0.32	6.81	0.03	2.5	0.72
11/03/2003	0	0.31	9.11	0.21	5.1	0.95
17/03/2003	0	0.16	5.09	0.2	4.12	0.79
31/03/2003	0	0.05	3.29	0.18	5.02	0.69
07/04/2003	0	0.05	2.59	0.06	1.73	0.48
14/04/2003	0	0.12	2.76	0.3	5.98	1.05
22/04/2003	0	0.03	0.03	0.24	4.76	0.45
07/05/2003	0	0.2	1.05	0.24	8.03	0.54
12/05/2003	0	0	0	0.03	0.61	0.26
19/05/2003	0	0	0.04	0.15	0.94	0.18
28/05/2003	0	0	0.05	0.29	0.58	0.14
02/06/2003	0	0	0.05	0.29	0.35	0.11
09/06/2003	0	0	0.05	0.34	0.46	0.17
16/06/2003	0	0	0.05	0.15	0.29	0.13
23/06/2003	0	0	0.04	0.29	0.29	0.18
30/06/2003	0	0	0.05	0.27	0.25	0.1
07/07/2003	0	0	0.04	0.28	0.75	0.1
14/07/2003	0	0	0	0.23	1.35	0.09
21/07/2003	0	0	0.04	0.27	0.31	0.18
28/07/2003	0	0	0	0.3	0.52	0.11
04/08/2003	0	0	0.06	0.22	7.05	0.05
11/08/2003	0	0	0.2	0.79	6.06	0.89
20/08/2003	0	0	0.13	0.3	2.76	0.39
27/08/2003	0	0	0.13	0.42	2.67	0.41
02/09/2003	0	0.39	0.85	0.62	3.1	0.53
11/09/2003	0	0.25	0.91	0.74	3.83	0.71
15/09/2003	0	0.45	1.37	0.65	3.42	0.68
24/09/2003	0	0.31	0.74	0.47	1.69	0.38
29/09/2003	0	1.22	3.41	0.55	5.23	1.04
13/10/2003	0	0.41	1.86	0.63	2.28	0.53
21/10/2003	0	0.8	2.85	0.9	2.69	0.73
27/10/2003	0	1.04	4.11	0	2.97	0.51
06/11/2003	0	1.08	5.04	0	6.99	0.47
10/11/2003	0	1.02	5.33	0	8.29	0.42
24/11/2003	0	0.07	5.59	0	3.38	0.51
10/12/2003	0	0.07	6.13	0	3.9	0.51
15/12/2003	0	0.22	7.95	0	4.44	0.58
21/01/2004	0	0.17	9.81	0	4.37	0.58
28/01/2004	0	0.24	11.36	0	8.9	0.63
12/02/2004	0	0.55	10.8	0	7.91	0.69
16/02/2004	0	0.33	8.83	0	10.38	0.58
01/03/2004	0	0.31	6.91	0	3.44	0.43
17/03/2004	0	0.34	8.12	0	4.13	0.45
29/03/2004	0	0.27	6.73	0	3.35	0.44
13/04/2004	0	0.14	1.81	0	1.34	0.36
22/04/2004	0	0	0.07	0	0.79	0.26
26/04/2004	0	0	0.03	0	1.27	0.13
10/05/2004	0	0.05	0.13	0	0.81	0.07
17/05/2004	0	0	0.05	0	0.28	0.03
24/05/2004	0	0	0.04	0	0.64	0.4
02/06/2004	0	0.11	0.17	0	0.46	0.12
07/06/2004	0	0	0	0	0.29	0.15
14/06/2004	0	0.07	0.45	0	1.07	0.21
21/06/2004	0	0.06	0.08	0	0.94	0.14
30/06/2004	0	0	0.04	0	0.24	0
06/07/2004	0	0	0	0	0.21	0.04
12/07/2004	0	0.07	0.33	0	0.89	0.22
21/07/2004	0	0	0.03	0	0.22	0.05
02/08/2004	0	0	0.03	0	0.48	0
09/08/2004	0	0	0	0	0.78	0
16/08/2004	0	0	0.85	NA	7.15	0.1
25/08/2004	0	0.48	1.96	NA	9.65	0.15
31/08/2004	0	0.04	0.35	NA	0.31	0.1
06/09/2004	0	0	0.41	NA	0.87	0
21/09/2004	0	0.35	3.71	NA	3.14	0.04
27/09/2004	0	0.31	6.07	NA	4.27	0.14
18/10/2004	0	0.77	10.01	NA	13.66	0.23
26/10/2004	0	0.46	10.32	NA	10.3	0.26
01/11/2004	0	0.3	9.28	NA	9.93	0.35
09/11/2004	0	0.16	8.56	NA	7.98	0.3
16/11/2004	0	0.17	10.19	NA	8.93	0.33
23/11/2004	0	0.09	10.86	NA	8.91	0.38
29/11/2004	0	0.12	6.5	0.58	NA	0.98
06/12/2004	0	0.32	14.93	0.65	7.66	0.52
20/12/2004	0	0.07	6.85	0.07	4.35	0.48
19/01/2005	0	0.05	7.55	0	NA	0.36
24/01/2005	0	0.11	9.5	0.19	5.13	0.55
15/02/2005	0	0.13	8.73	0.03	4.68	0.53
04/05/2005	0	0.16	5.53	0.36	7.42	0.35
09/05/2005	0	0.05	0.53	0.14	1.68	0.35
16/05/2005	0	0.04	0.29	0.28	1.42	0.39
01/06/2005	0	0.06	0.4	0.22	5.55	0.8
06/06/2005	0	0.03	0.55	0.09	5.49	0.43
13/06/2005	0	0.03	0.21	0.23	5.39	0.37
20/06/2005	0	0.05	0.39	0.09	4.23	0.34
27/06/2005	0	0.03	0.36	0.11	3.86	0.26
04/07/2005	0	0.04	0.18	0.3	4.85	0.3
11/07/2005	0	0.03	0.12	0.11	3.89	0.24
25/07/2005	0	0.03	0.11	0.29	0.78	0.21
01/08/2005	0	0.04	0.49	2.35	6.27	0.2
15/08/2005	0	0.04	0.5	0.13	2	0.36
30/08/2005	0	0.03	0.32	0.02	2.36	0.23
05/09/2005	0	0.06	0.07	0.03	2.99	0.06
12/09/2005	0	0.02	0.72	0	NA	0.04
19/09/2005	0	0.18	0.89	0	NA	0.04
26/09/2005	0	0.4	1.44	0	NA	0.05
03/10/2005	0	0.14	1.1	0	NA	0.04
10/10/2005	0	0.19	3.56	0	NA	0.2
17/10/2005	0	0.61	3.05	0	NA	0.15
01/11/2005	0	0.62	NA	0.42	NA	0.43
07/11/2005	0	0.17	5.47	0	NA	0.29
15/11/2005	0	0.22	9.71	0.12	NA	0.38
22/11/2005	0	0.05	6.15	0	NA	0.3
05/12/2005	0	0.2	NA	0.13	NA	0.38
12/12/2005	0	0.05	6.83	0	NA	0.31
19/12/2005	0	0.1	8.35	0	NA	0.32
28/12/2005	0	0.08	6.95	0	NA	NA
16/01/2006	0	0.04	7.38	0.25	NA	0.32
23/01/2006	0	0.03	6.78	0	NA	0.46
02/02/2006	0	0.07	6.51	0.23	2.33	0.2
06/02/2006	0	0.12	8.72	0.28	4.22	1.11
13/02/2006	0	0.13	4.41	0.28	2.24	0.59
21/02/2006	0	0.14	4.55	0.23	2.09	0.43
27/02/2006	0	0.17	5.87	0.23	3.05	0.44
06/03/2006	0	0.24	6.98	0.46	3.44	0.58
15/03/2006	0	0.24	5.59	0.39	2.77	0.53
20/03/2006	0	0.26	5.8	0.69	3.07	0.48
29/03/2006	0	0.23	5.06	0.42	2.11	0.43
03/04/2006	0	0.27	10.12	0.94	3.81	0.55
11/04/2006	0	0.08	0.3	0.48	0.37	0.2
18/04/2006	0	0.02	0.28	0.4	0.23	0.1
04/05/2006	0	0.01	0.32	0.37	0.23	0.13
08/05/2006	0	0.19	4.64	0.58	2.39	0.39
15/05/2006	0	0.1	1.84	0.73	2.94	0.42
23/05/2006	0	0.1	0.91	1.26	1.26	0.38
06/06/2006	0	0.03	0.27	0.57	0.18	0.15
12/06/2006	0	0.01	0.27	0.51	0.14	0.18
20/06/2006	0	0.01	0.35	0.38	0.25	0.16
27/06/2006	0	0.04	0.43	0.53	0.29	0.16
03/07/2006	0	0.12	0.19	0.27	0.5	0.09
17/07/2006	0	0.04	0.16	0.26	0.52	0.13
17/07/2006	0	0.02	0.1	0.27	0.56	0.13
07/08/2006	0	0.05	0.38	0.12	1.45	0.13
14/08/2006	0	0.01	0.16	0.21	2.17	0.2
21/08/2006	0	0.02	0.54	0.39	2.91	0.34
29/08/2006	0	0.24	0.32	1.01	2.39	0.23
29/08/2006	0	0.24	0.38	1.02	2.4	0.23
04/09/2006	0	0.02	0.15	0.34	0.92	0.1
04/09/2006	0	0.03	0.2	0.29	0.93	0.11
12/09/2006	0	0.03	0.2	1.24	2.45	0.2
25/09/2006	0	0.04	0.42	2.95	3.94	0.26
25/09/2006	0	0.04	0.6	4.14	4.08	0.42
03/10/2006	0	0.15	0.76	1.26	7.22	0.23
09/10/2006	0	0.25	1.48	0.72	5.61	0.21
30/10/2006	0	1.25	7.19	0.79	9.47	0.38
06/11/2006	0	0.45	3.24	0.26	3.87	0.33
06/11/2006	0	0.45	3.18	0.29	3.84	0.33
12/12/2006	0	0.04	5.2	0.22	4.57	0.39
12/12/2006	0	0.04	5.19	0.28	4.69	0.39
12/12/2006	0	0.04	5.2	0.22	4.57	0.39
12/12/2006	0	0.04	5.19	0.28	4.69	0.39
15/01/2007	0	0.07	4.12	0.32	3.52	0.4
15/01/2007	0	0.07	4.13	0.33	3.53	0.4
15/01/2007	0	0.06	4.29	0.45	3.51	0.42
15/01/2007	0	0.06	4.42	0.35	3.53	0.41
22/01/2007	0	0.1	NA	0.69	4.14	0.37
22/01/2007	0	0.1	NA	0.66	4.17	0.4
22/01/2007	0	0.08	NA	0.65	4.15	0.4
22/01/2007	0	0.08	NA	0.7	4.19	0.4
29/01/2007	0	0.19	11.4	0.46	5.92	0.41
29/01/2007	0	0.2	11.52	0.36	5.9	0.44
29/01/2007	0	0.18	11.63	0.42	5.89	0.43
29/01/2007	0	0.18	11.59	NA	5.9	0.45
05/02/2007	0	0.14	4.87	0.44	3.94	0.42
05/02/2007	0	0.14	4.9	0.47	4	0.44
05/02/2007	0	0.14	5.35	0.54	3.97	0.44
05/02/2007	0	0.13	5.34	0.54	3.94	0.44
16/02/2007	0	0.25	4.87	0.19	4.07	0.5
16/02/2007	0	0.26	5.19	0.1	4.19	0.52
16/02/2007	0	0.25	5.11	0.16	4.22	0.65
16/02/2007	0	0.25	5.09	0.16	4.18	0.65
20/02/2007	0	0.28	6.6	0.7	4.33	0.48
20/02/2007	0	0.28	6.61	0.7	4.35	0.52
20/02/2007	0	0.27	5.3	0.55	4.42	0.76
20/02/2007	0	0.28	5.38	0.66	4.51	0.77
26/02/2007	0	0.32	7.75	0.16	4.96	0.48
26/02/2007	0	0.33	7.77	0.15	4.98	0.52
26/02/2007	0	0.3	7.77	0.28	5.08	0.49
26/02/2007	0	0.29	7.67	0.2	5.03	0.49
12/03/2007	0	0.29	7.16	0.45	5.46	0.49
12/03/2007	0	0.28	7.08	0.39	5.49	0.49
12/03/2007	0	0.25	7	0.29	5.36	0.41
12/03/2007	0	0.25	7.13	0.36	5.41	0.44
20/03/2007	0	0.23	5.37	0.21	4.35	NA
20/03/2007	0	0.23	5.45	0.2	4.37	NA
20/03/2007	0	0.27	5.94	0.34	4.37	NA
20/03/2007	0	0.27	5.89	0.36	4.34	NA
26/03/2007	0	0.22	5.71	0.24	4.2	0.38
26/03/2007	0	0.22	5.77	0.18	4.25	0.4
26/03/2007	0	0.21	5.87	0.42	4.16	0.4
26/03/2007	0	0.21	5.86	0.42	4.2	0.41
10/04/2007	0	0.18	3.18	0.03	3.91	0.25
10/04/2007	0	0.18	3.32	0.09	4.02	0.29
10/04/2007	0	0.18	3.35	0.4	3.98	0.25
10/04/2007	0	0.18	3.48	0.91	3.98	0.26
16/04/2007	0	0.07	0.98	0.07	3.22	0.1
16/04/2007	0	0.07	1.02	0.16	3.25	0.11
16/04/2007	0	0.06	1.13	0.61	3.33	0.11
16/04/2007	0	0.06	1.23	0.83	3.31	0.11
23/04/2007	0	0.11	1.4	0.03	1.66	0.12
23/04/2007	0	0.11	1.41	0.03	1.66	0.12
23/04/2007	0	0.11	1.42	0.23	1.72	0.14
23/04/2007	0	0.1	1.45	0.2	1.68	0.14
30/04/2007	0	0.06	0.11	0.39	0.7	0.03
30/04/2007	0	0.03	0.11	0.55	0.73	0.04
08/05/2007	0	0.02	0.03	0.22	NA	0.04
08/05/2007	0	0.02	0.03	0.24	NA	0.05
08/05/2007	0	0.02	0.03	0.28	NA	0.05
08/05/2007	0	0.02	0.03	0.29	NA	0.04
21/05/2007	0	0.08	1.13	1.01	NA	0.12
21/05/2007	0	0.08	1.17	1.06	NA	0.13
21/05/2007	0	0.06	0.97	0.93	NA	0.12
21/05/2007	0	0.07	1.06	0.99	NA	0.12
04/06/2007	0	0.05	0.56	0.31	1.02	0.03
04/06/2007	0	0.04	0.53	0.33	1.01	0.03
04/06/2007	0	0.03	0.45	0.26	1.03	0.03
04/06/2007	0	0.04	0.44	0.23	1.06	0.03
11/06/2007	0	0.06	2.14	0.39	0.61	0.05
11/06/2007	0	0.06	2.13	0.4	0.58	0.052
11/06/2007	0	NA	1.32	0.18	0.68	0.035
11/06/2007	0	NA	1.71	0.24	0.61	0.042
18/06/2007	0	0.02	0.03	0.03	0.33	0.04
18/06/2007	0	0.02	0.03	0.03	0.34	0.04
18/06/2007	0	0.02	0.04	0.03	0.34	0.04
18/06/2007	0	0.02	0.04	0.03	0.34	0.04
25/06/2007	0	0.02	0.04	0.08	0.3	0.03
25/06/2007	0	0.02	0.05	0.11	0.34	0.03
25/06/2007	0	0.02	0.09	0.46	0.27	0.03
25/06/2007	0	0.02	0.07	0.4	0.26	0.03
03/07/2007	0	0.02	0.03	0.03	0.25	0.04
03/07/2007	0	0.02	0.03	0.03	0.21	0.04
03/07/2007	0	0.02	0.06	0.14	0.24	0.03
03/07/2007	0	0.02	0.07	0.18	0.22	0.04
09/07/2007	0	0.03	1.65	0.5	0.32	0.03
09/07/2007	0	0.03	1.22	0.36	0.31	0.03
09/07/2007	0	NA	2.13	0.45	0.31	NA
09/07/2007	0	NA	2.11	0.45	0.3	NA
16/07/2007	0	0.02	0.03	0.03	0.11	0.04
16/07/2007	0	0.02	0.03	0.03	0.11	0.03
16/07/2007	0	NA	NA	NA	NA	NA
16/07/2007	0	NA	NA	NA	NA	NA
23/07/2007	0	0.02	0.03	0.03	NA	0.03
23/07/2007	0	0.02	0.03	NA	NA	0.03
23/07/2007	0	NA	NA	NA	NA	NA
23/07/2007	0	NA	NA	NA	NA	NA
30/07/2007	0	0.02	0.03	0.81	0.93	0.03
30/07/2007	0	0.02	0.03	0.8	0.94	0.03
30/07/2007	0	NA	NA	NA	NA	NA
30/07/2007	0	NA	NA	NA	NA	NA
06/08/2007	0	0.02	0.09	0.24	1.39	0.03
06/08/2007	0	0.02	0.11	0.21	1.34	0.03
06/08/2007	0	0.02	0.27	0.4	1.34	0.03
06/08/2007	0	NA	NA	NA	NA	NA
13/08/2007	0	0.05	0.22	0.28	1.94	0.03
13/08/2007	0	0.07	0.21	0.26	1.88	0.03
13/08/2007	0	NA	NA	NA	NA	NA
13/08/2007	0	NA	NA	NA	NA	NA
20/08/2007	0	0.37	1.59	0.25	2.87	0.13
20/08/2007	0	0.37	1.6	0.27	2.9	0.13
20/08/2007	0	0.39	1.64	0.28	2.92	0.11
20/08/2007	0	0.38	1.69	0.26	2.93	0.12
28/08/2007	0	0.05	0.11	0.2	2.55	0.04
28/08/2007	0	0.05	0.11	0.19	2.56	0.04
28/08/2007	0	0.04	0.12	0.23	2.57	0.03
28/08/2007	0	0.05	0.12	NA	2.58	0.03
03/09/2007	0	NA	0.13	0.14	1.13	0.02
03/09/2007	0	NA	0.12	0.14	1.11	0.02
03/09/2007	0	0.07	0.22	0.57	1.23	0.01
03/09/2007	0	NA	0.23	0.55	1.28	0.02
10/09/2007	0	0.06	0.08	0.15	1.73	0.06
10/09/2007	0	0.06	0.08	0.2	1.7	0.06
10/09/2007	0	NA	NA	NA	NA	NA
10/09/2007	0	NA	NA	NA	NA	NA
17/09/2007	0	0.16	0.76	0.49	2.13	0.15
17/09/2007	0	0.16	0.75	0.5	2.15	0.15
17/09/2007	0	0.15	0.76	0.49	2.18	0.11
17/09/2007	0	0.15	0.78	0.48	2.16	0.12
28/09/2007	0	0.27	1.35	0.12	2.33	0.16
28/09/2007	0	0.27	1.35	0.11	2.33	0.16
28/09/2007	0	0.26	1.35	0.1	2.36	0.13
28/09/2007	0	0.26	1.39	0.13	2.36	0.15
02/10/2007	0	0.58	2.71	0.29	2.89	0.2
02/10/2007	0	0.58	2.7	0.29	2.92	0.2
02/10/2007	0	0.56	2.62	0.3	2.96	0.18
02/10/2007	0	0.57	2.73	0.29	2.93	0.2
08/10/2007	0	0.7	2.58	0.18	2.67	0.21
08/10/2007	0	0.71	2.58	0.19	2.65	0.21
08/10/2007	0	0.68	2.57	0.21	2.66	0.19
08/10/2007	0	0.69	2.58	0.19	2.66	0.2
25/10/2007	0	0.95	2.45	0.2	2.61	0.19
25/10/2007	0	0.98	2.58	0.27	2.69	0.3
25/10/2007	0	0.99	2.82	1.4	2.77	0.22
25/10/2007	0	0.98	2.73	0.79	2.8	0.34
30/10/2007	0	1.11	3.6	0.17	3.54	0.27
30/10/2007	0	1.12	3.61	0.18	3.54	0.27
30/10/2007	0	1.09	3.9	0.51	3.64	0.26
30/10/2007	0	1.1	3.68	0.39	3.6	0.27
05/11/2007	0	0.82	2.7	0.14	2.65	0.21
05/11/2007	0	0.82	2.71	0.16	2.66	0.21
05/11/2007	0	0.81	2.7	0.41	2.72	0.18
05/11/2007	0	0.81	2.7	0.22	2.72	0.19
12/11/2007	0	0.38	2.86	0.16	2.85	0.25
12/11/2007	0	0.38	2.86	0.16	2.83	0.25
12/11/2007	0	0.41	2.99	1.04	2.77	0.21
12/11/2007	0	0.41	2.93	0.85	2.8	0.23
22/11/2007	0	0.16	2.4	0.15	2.75	0.24
22/11/2007	0	0.13	2.42	0.18	2.73	0.25
26/11/2007	0	0.07	2.13	0.2	2.52	0.27
26/11/2007	0	0.07	2.25	0.2	2.54	0.27
11/12/2007	0	0.2	7.8	0.34	4.62	0.44
11/12/2007	0	0.19	7.78	0.35	4.64	0.43
11/12/2007	0	0.16	7.68	0.31	4.59	0.37
11/12/2007	0	0.16	7.75	0.32	4.58	0.4
28/01/2008	0	0.17	8.6	NA	6.07	0.5
28/01/2008	0	0.17	8.57	NA	6.06	0.51
28/01/2008	0	0.16	8.74	NA	6.05	0.46
28/01/2008	0	0.16	8.77	NA	6.12	0.48
08/02/2008	0	0.2	7.06	0.22	4.61	0.52
08/02/2008	0	0.2	7.13	0.22	4.6	0.53
08/02/2008	0	0.18	6.82	0.26	4.65	0.51
08/02/2008	0	0.19	7.02	0.25	4.6	0.54
20/02/2008	0	0.23	7.13	0.06	3.83	0.52
20/02/2008	0	0.23	7.15	0.06	3.76	0.51
20/02/2008	0	0.22	7.24	0	3.74	0.47
20/02/2008	0	0.22	7.36	0.02	3.76	0.5
27/02/2008	0	0.31	7.63	0.35	4.84	0.48
27/02/2008	0	0.32	7.65	0.41	4.79	0.48
27/02/2008	0	0.31	7.51	0.42	4.81	0.46
27/02/2008	0	0.31	7.62	0.35	4.84	0.49
05/03/2008	0	0.34	7.78	0.05	4.85	0.45
05/03/2008	0	0.34	7.78	0.07	4.84	0.45
05/03/2008	0	0.32	7.65	0.04	4.78	0.41
05/03/2008	0	0.33	7.76	0.08	4.77	0.43
17/03/2008	0	0.27	6.7	0.5	4.38	0.41
17/03/2008	0	0.28	6.72	0.48	4.37	0.41
17/03/2008	0	0.27	6.61	0.5	4.44	0.41
17/03/2008	0	0.27	6.68	0.5	4.49	0.41
31/03/2008	0	0.22	5.3	0.98	2.9	0.53
31/03/2008	0	0.21	5.1	0.81	2.79	0.44
31/03/2008	0	0.21	5.37	0.73	3.09	0.49
31/03/2008	0	0.21	5.06	0.65	2.87	0.43
07/04/2008	0	0.23	5.11	1.55	2.83	0.38
07/04/2008	0	0.23	5.13	1.6	2.88	0.39
07/04/2008	0	0.23	5.12	1.39	2.85	0.39
07/04/2008	0	0.23	5.15	1.72	2.81	0.39
14/04/2008	0	0.18	4.1	0.9	2.69	0.35
14/04/2008	0	0.18	4.12	1.08	2.65	0.37
14/04/2008	0	0.17	4.01	0.79	2.63	0.35
14/04/2008	0	0.18	4.11	1	2.65	0.37
21/04/2008	0	0.16	4.4	0	2.88	0.38
21/04/2008	0	0.16	4.43	0	2.94	0.38
21/04/2008	0	0.15	4.47	0.02	2.84	0.35
21/04/2008	0	0.15	4.44	0	2.88	0.34
28/04/2008	0	0	0.05	0.23	1.41	0.14
28/04/2008	0	0.03	0.05	0.24	1.45	0.14
28/04/2008	0	0.02	0.03	0.26	1.36	0.1
28/04/2008	0	0.011	0.03	0.27	1.4	0.12
06/05/2008	0	0	0.02	0	NA	0.02
06/05/2008	0	0	0	0	NA	0
06/05/2008	0	0.06	0.07	0	NA	0.02
06/05/2008	0	0.06	0.07	0	NA	0.02
12/05/2008	0	0	0	0	NA	0.03
12/05/2008	0	0	0	0	NA	0.02
12/05/2008	0	0	0	0	NA	0
12/05/2008	0	0	0	0	NA	0.02
19/05/2008	0	0	0	0.04	0.25	0.16
19/05/2008	0	0	0	0.07	0.26	0.16
19/05/2008	0	0	0.03	0.16	0.27	0.2
19/05/2008	0	0	0	0.07	0.31	0.18
28/05/2008	0	0	0	0.18	0.77	0.16
28/05/2008	0	0	0	0.11	0.76	0.16
28/05/2008	0	0	0.03	0.13	0.74	0.14
28/05/2008	0	0	0	0.21	0.78	0.18
02/06/2008	0	0	0	0	0.31	0.11
02/06/2008	0	0	0	0	0.34	0.11
02/06/2008	0	0	0	0	0.35	0.1
02/06/2008	0	0	0	0	0.33	0.11
09/06/2008	0	0	0	0.07	0.69	0.15
09/06/2008	0	0	0	0.07	0.67	0.16
09/06/2008	0	0	0.03	0.23	0.67	0.12
09/06/2008	0	0	0	0.16	0.72	0.13
16/06/2008	0	0	0.03	0.23	0.2	0.21
16/06/2008	0	0	0.02	0.26	0.18	0.22
16/06/2008	0	0	0.02	0.24	0.23	0.22
16/06/2008	0	0	0.02	0.28	0.19	0.22
23/06/2008	0	0	0.02	0	NA	0.18
23/06/2008	0	0	0.02	0	NA	0.17
23/06/2008	0	0	0	0.07	NA	0.21
23/06/2008	0	0	0	0.08	NA	0.18
30/06/2008	0	0	0.03	0	0.35	0.04
30/06/2008	0	0	0.02	0	0.35	0.05
30/06/2008	0	0.018	0.025	0.46	0.36	0.03
30/06/2008	0	0.02	0.07	0.4	0.38	0.03
14/07/2008	0	0.01	0.03	0	0.18	0.04
14/07/2008	0	0.01	0.03	0	0.16	0.04
14/07/2008	0	0.01	0.03	0	0.16	0.04
14/07/2008	0	0.01	0.03	0	0.12	0.04
21/07/2008	0	0	0.01	0.04	0.12	0.01
21/07/2008	0	0	0.01	0	0.13	0.01
21/07/2008	0	0	0.01	0	0.11	0.02
21/07/2008	0	0	0.01	0	0.08	0.03
28/07/2008	0	0	0	0	0.18	0.01
28/07/2008	0	0	0	0	0.12	0.01
28/07/2008	0	0	0	0	0.11	0.01
28/07/2008	0	0	0	0	0.11	0.02
26/08/2008	0	0.04	0.19	0.77	0.18	0
26/08/2008	0	0.03	0.13	0.23	0.19	0
26/08/2008	0	0.04	0.08	0.04	0.14	0.04
26/08/2008	0	0.04	0.07	0.07	0.14	0.03
02/09/2008	0	0.05	0.12	0.05	0.62	0
02/09/2008	0	0.04	0.12	0.06	0.55	0
02/09/2008	0	0.05	0.14	0.03	0.44	0
02/09/2008	0	0.05	0.14	0.01	0.43	0.02
10/09/2008	0	0.11	0.7	0.35	4.17	0.02
10/09/2008	0	0.11	0.65	0.22	3.3	0
10/09/2008	0	0.12	0.64	0.19	2.97	0.04
10/09/2008	0	0.12	0.64	0.19	2.77	0.05
15/09/2008	0	0.25	4.29	0.36	6.04	0
15/09/2008	0	0.25	4.32	0.33	5.46	0
15/09/2008	0	0.27	4.28	0.28	5.23	0.03
15/09/2008	0	0.28	4.26	0.3	5.02	0.02
22/09/2008	0	0.16	0.93	0.06	2.05	0.1
22/09/2008	0	0.16	0.92	0.05	2.05	0.09
22/09/2008	0	0.17	0.92	0.03	2.04	0.11
22/09/2008	0	0.17	0.92	0.04	2.03	0.11
29/09/2008	0	1.02	4.15	1.02	3.75	NA
29/09/2008	0	1.03	4.22	1.07	3.75	NA
29/09/2008	0	1.04	4.19	0.89	3.72	NA
29/09/2008	0	1.04	4.18	0.88	3.73	NA
06/10/2008	0	0.6	3.48	0.77	3.38	NA
06/10/2008	0	0.59	3.49	0.71	3.33	0.2
06/10/2008	0	0.59	3.47	0.71	3.3	0.23
06/10/2008	0	0.59	3.48	0.66	3.31	0.24
13/10/2008	0	0.57	3.22	0.36	2.84	0.2
13/10/2008	0	0.57	3.28	0.45	2.82	0.21
13/10/2008	0	0.58	3.21	0.22	2.84	0.23
13/10/2008	0	0.58	3.21	0.25	2.83	0.24
21/10/2008	0	0.74	4.06	NA	4.1	0.32
21/10/2008	0	0.75	4.06	0.99	4.19	0.33
21/10/2008	0	0.81	4.04	0.68	4.24	0.35
21/10/2008	0	0.81	4.03	0.69	4.22	0.37
27/10/2008	0	0.67	5.6	1.25	4.06	0.32
27/10/2008	0	0.68	5.68	1.48	4.03	0.33
27/10/2008	0	0.7	5.63	0.81	4.03	0.34
27/10/2008	0	0.7	5.62	0.85	4.04	0.34
03/11/2008	0	0.6	2.81	NA	2.58	0.26
03/11/2008	0	0.61	2.77	1.25	2.59	0.27
03/11/2008	0	0.63	2.82	1.23	2.63	0.34
03/11/2008	0	0.62	2.81	1.27	2.6	0.32
17/11/2008	0	0.52	6.76	0.44	5.99	0.39
17/11/2008	0	0.51	NA	0.42	6	0.41
17/11/2008	0	0.54	6.82	0.34	6.05	0.4
17/11/2008	0	0.54	6.76	0.22	6.05	0.41
26/11/2008	0	0.12	5	NA	5.12	0.44
26/11/2008	0	0.13	5.08	0.11	5.23	0.46
26/11/2008	0	0.13	5.07	0.01	5.16	0.43
26/11/2008	0	0.14	5.09	0.01	5.13	0.44
01/12/2008	0	0.22	6.79	0.17	5.54	0.47
01/12/2008	0	0.24	6.89	0.17	5.62	0.48
01/12/2008	0	0.25	6.9	0.15	5.76	0.5
01/12/2008	0	0.24	6.9	0.16	5.9	0.51
08/12/2008	0	0.13	5.94	0.26	5.64	0.45
08/12/2008	0	0.13	5.92	0.23	5.66	0.45
08/12/2008	0	0.13	5.88	0.11	5.68	0.44
08/12/2008	0	0.14	5.92	0.15	5.97	0.46
15/12/2008	0	0.21	6.98	0.3	5.75	0.44
15/12/2008	0	0.21	7.06	0.19	5.71	0.48
15/12/2008	0	0.22	7.11	0.12	5.74	0.49
15/12/2008	0	0.23	7.13	0.13	5.75	0.52
22/12/2008	0	0.23	8.14	0.08	5.94	0.4
22/12/2008	0	0.24	8.38	0.09	5.93	0.4
22/12/2008	0	0.24	8.38	0.08	5.93	0.43
22/12/2008	0	0.24	8.39	0.09	5.89	0.44
05/01/2009	0	0.07	6.49	0.09	4.46	0.45
05/01/2009	0	0.07	6.5	0.05	4.59	0.46
05/01/2009	0	0.08	6.5	0.09	4.61	0.48
05/01/2009	0	0.08	6.52	0.09	4.57	0.49
13/01/2009	0	0.07	7.19	0.46	5.47	0.43
13/01/2009	0	0.09	7.32	0.52	5.45	0.44
13/01/2009	0	0.09	7.32	0.5	5.46	0.46
13/01/2009	0	0.1	7.3	0.49	5.49	0.48
21/01/2009	0	0.21	10.59	0.68	7	0.55
21/01/2009	0	0.22	10.7	NA	6.91	0.56
21/01/2009	0	0.23	10.78	0.73	7.07	0.59
21/01/2009	0	0.24	10.8	0.74	7.07	0.59
26/01/2009	0	0.13	7.6	0.2	5.46	0.45
26/01/2009	0	0.13	7.67	0.23	5.44	0.45
26/01/2009	0	0.13	7.68	0.21	5.42	0.48
26/01/2009	0	0.13	7.69	0.25	5.5	0.5
11/02/2009	0	0.12	10.26	0.8	5.16	0.47
11/02/2009	0	0.07	10.36	1.37	5.25	0.47
11/02/2009	0	0.17	9.26	0.47	5.51	0.51
11/02/2009	0	0.18	9.32	0.45	5.56	0.55
16/02/2009	0	0.18	7.62	1.49	4.38	0.85
16/02/2009	0	0.19	7.72	1.42	4.44	0.87
16/02/2009	0	0.19	7.73	1.42	4.35	0.88
16/02/2009	0	0.2	7.72	1.43	4.34	0.89
23/02/2009	0	0.19	8.91	0.31	4.9	0.48
23/02/2009	0	0.19	9.06	0.35	4.96	0.49
23/02/2009	0	0.2	9.08	0.31	4.99	0.49
23/02/2009	0	0.2	9.08	0.3	4.96	0.51
02/03/2009	0	0.18	5.6	0.28	3.8	0.42
02/03/2009	0	0.19	5.69	0.33	3.82	0.43
02/03/2009	0	0.19	5.72	0.26	3.81	0.45
02/03/2009	0	0.19	5.73	0.27	3.81	0.46
09/03/2009	0	0.22	6.55	0.78	3.79	0.43
09/03/2009	0	0.23	6.67	0.75	3.79	0.43
09/03/2009	0	0.23	6.67	0.74	3.79	0.44
09/03/2009	0	0.24	6.67	0.71	3.77	0.45
16/03/2009	0	0.26	6	1.55	3.22	0.33
16/03/2009	0	0.25	5.89	0.49	3.34	0.38
16/03/2009	0	0.25	5.87	0.17	3.37	0.39
16/03/2009	0	0.25	5.87	0.18	3.38	0.4
23/03/2009	0	0.21	7.01	0.62	3.76	0.35
23/03/2009	0	0.21	7.13	0.55	3.74	0.39
23/03/2009	0	0.21	7.16	0.46	3.75	0.41
23/03/2009	0	NA	7.16	0.45	NA	NA
30/03/2009	0	0.18	4.1	0.6	1.54	0.26
30/03/2009	0	0.18	4.12	0.4	1.55	0.29
30/03/2009	0	0.18	4.1	0.36	1.56	0.3
30/03/2009	0	0.18	4.12	0.38	1.56	0.31
06/04/2009	0	0.14	3.92	0	2.44	0.24
06/04/2009	0	0.14	3.9	0	2.48	0.29
06/04/2009	0	0.14	3.87	0	2.62	0.3
06/04/2009	0	0.14	3.86	0	2.41	0.3
14/04/2009	0	0.12	2.31	0.63	1.37	0.22
14/04/2009	0	0.11	2.4	0.48	1.58	0.28
14/04/2009	0	0.11	2.43	0.38	1.69	0.29
14/04/2009	0	0.12	2.41	0.47	1.73	0.31
21/04/2009	0	0.06	1.65	0.1	2.02	0.11
21/04/2009	0	0.06	1.69	0.13	1.98	0.14
21/04/2009	0	0.07	1.68	0.1	2.07	NA
21/04/2009	0	0.07	1.63	0.11	2.08	0.2
27/04/2009	0	0.06	0.65	NA	0.99	0.09
27/04/2009	0	0.06	0.63	0.41	1.02	NA
27/04/2009	0	0.05	0.56	0.3	0.98	0.13
27/04/2009	0	0.05	0.58	0.46	1	0.13
05/05/2009	0	0.07	1.51	0	1.65	0.11
05/05/2009	0	0.08	1.52	0	1.65	0.15
05/05/2009	0	0.08	1.54	0	1.65	0.16
05/05/2009	0	0.08	1.54	0	1.65	0.16
14/05/2009	0	0.01	0.12	NA	0.89	0.05
14/05/2009	0	0.01	0.09	0	0.88	0.06
14/05/2009	0	0.01	0.06	0	0.83	0.06
14/05/2009	0	0.01	0.06	0	0.84	0.06
21/05/2009	0	0.02	0.28	0	1.14	0.02
21/05/2009	0	0.03	0.29	0	1.16	0.04
21/05/2009	0	0.03	0.24	0	1.21	0.06
21/05/2009	0	0.03	0.24	0	1.22	0.07
02/06/2009	0	0	0.07	0	NA	0
02/06/2009	0	0	NA	0.03	NA	NA
02/06/2009	0	0	0.04	0	NA	0.07
02/06/2009	0	0	0.03	0	NA	0.06
08/06/2009	0	0	0.06	0.13	0.57	0.04
08/06/2009	0	NA	NA	NA	NA	NA
08/06/2009	0	0	0.04	0.11	0.63	0.11
08/06/2009	0	0	0.04	0.08	0.52	0.09
15/06/2009	0	0	0.03	0	0.52	0.16
15/06/2009	0	0	0.06	0	0.54	0.16
15/06/2009	0	0	0.03	0	0.51	0.05
15/06/2009	0	0	0.02	0	0.51	NA
22/06/2009	0	0	0.02	NA	0.24	0
22/06/2009	0	0	0.03	0.12	0.24	0
22/06/2009	0	0	0	0.03	0.16	0.02
22/06/2009	0	0	0	0.03	0.18	0.02
29/06/2009	0	0	0	0.13	NA	NA
29/06/2009	0	0	0	NA	0.18	NA
29/06/2009	0	0	0	0.1	0.17	NA
29/06/2009	0	0	0	0.12	0.12	NA
07/07/2009	0	0.01	0.15	NA	0.15	0.05
07/07/2009	0	0.01	0.15	0.03	0.16	0.04
07/07/2009	0	0.01	0.09	0.03	0.15	0.03
07/07/2009	0	0.01	0.08	0.03	0.17	0.03
13/07/2009	0	0	0.05	0.03	0.43	0.02
13/07/2009	0	0	0.05	0.03	0.4	0.04
13/07/2009	0	0	0.02	0.03	0.42	0.03
13/07/2009	0	0	0.02	0.03	0.39	0.03
20/07/2009	0	0.03	NA	NA	NA	0.04
20/07/2009	0	0.03	0.06	NA	0.27	0.05
20/07/2009	0	0.02	0.04	NA	0.23	0.03
20/07/2009	0	0.02	0.03	NA	0.23	0.03
27/07/2009	0	NA	NA	NA	NA	NA
27/07/2009	0	NA	NA	NA	NA	NA
27/07/2009	0	NA	NA	NA	NA	NA
27/07/2009	0	NA	NA	NA	NA	NA
11/08/2009	0	0.06	0.14	1.47	1.48	0.05
11/08/2009	0	0.07	0.15	1.46	1.43	0.04
11/08/2009	0	0.07	0.2	1.45	1.45	0.03
11/08/2009	0	0.07	0.21	1.66	1.42	0.03
17/08/2009	0	0.01	0.08	0.45	2.77	0.01
17/08/2009	0	0.01	0.09	0.45	2.72	0.01
17/08/2009	0	0.01	0.08	0.65	2.7	0.03
17/08/2009	0	0.02	0.09	0.45	2.71	0.03
24/08/2009	0	0.13	0.38	0.27	2.63	0.05
24/08/2009	0	0.14	0.39	0.32	2.6	0.08
24/08/2009	0	0.14	0.39	0.38	2.6	0.08
24/08/2009	0	0.14	0.39	0.4	2.6	0.08
01/09/2009	0	0.02	0.04	0.57	2.97	0.05
01/09/2009	0	0.02	0.05	0.61	2.98	0.05
01/09/2009	0	0.02	0.05	0.52	2.98	0.04
07/09/2009	0	0.02	0.04	0.52	2.98	0.04
07/09/2009	0	0.04	NA	1.05	3.55	0.05
07/09/2009	0	0.03	0.13	1.04	3.23	0.06
07/09/2009	0	0.03	0.13	1.23	3.5	0.04
07/09/2009	0	0.03	0.13	1.19	3.42	0.04
14/09/2009	0	0.39	2.4	0.73	3.19	0.13
14/09/2009	0	0.38	2.46	0.89	3.16	0.17
14/09/2009	0	0.4	2.41	0.84	3.21	0.19
14/09/2009	0	0.41	2.39	0.84	3.23	0.19
22/09/2009	0	0.61	2.05	0.36	NA	NA
22/09/2009	0	0.58	2.02	0.37	3.02	0.19
22/09/2009	0	0.62	2.05	0.31	3.07	0.18
22/09/2009	0	0.62	2	0.29	3.08	0.2
30/09/2009	0	0.53	0.9	0.19	2.21	0.14
30/09/2009	0	0.52	0.91	0.22	2.18	0.15
30/09/2009	0	0.53	0.9	0.23	2.19	0.18
30/09/2009	0	0.53	0.9	0.22	2.18	0.17
07/10/2009	0	0.53	NA	NA	2.29	0.13
07/10/2009	0	0.57	1.59	0.54	2.3	0.15
07/10/2009	0	0.58	1.6	0.19	2.26	0.15
07/10/2009	0	0.58	1.62	0.2	2.23	0.16
12/10/2009	0	0.65	1.65	NA	2.25	NA
12/10/2009	0	0.66	1.67	0.26	2.27	0.19
12/10/2009	0	0.67	1.67	0.04	2.28	0.19
12/10/2009	0	0.67	1.69	0.04	2.29	0.19
19/10/2009	0	0.5	1.95	NA	2.48	NA
19/10/2009	0	0.51	1.99	0.1	2.47	0.2
19/10/2009	0	0.52	2.03	0.02	2.47	0.21
19/10/2009	0	0.52	2.01	0.01	2.5	0.21
26/10/2009	0	0.52	2.54	0.01	3.36	0.2
26/10/2009	0	0.53	2.56	0.01	3.37	0.23
26/10/2009	0	0.53	2.58	0.01	3.37	0.24
26/10/2009	0	0.53	2.58	0.01	3.36	0.24
09/11/2009	0	0.13	3.73	0.74	3.45	0.3
09/11/2009	0	0.13	3.81	0.83	3.54	0.34
09/11/2009	0	0.13	3.78	0.21	3.52	0.34
09/11/2009	0	0.13	3.79	0.22	3.52	0.34
01/12/2009	0	0.12	8.53	0.6	4.56	0.51
01/12/2009	0	0.12	8.68	0.62	4.51	0.53
01/12/2009	0	0.12	8.69	0.32	4.57	0.56
01/12/2009	0	0.12	8.72	0.32	4.59	0.56
09/12/2009	0	0.07	7.37	NA	4.33	NA
09/12/2009	0	0.11	7.41	0.26	4.35	0.49
09/12/2009	0	0.1	7.38	0.13	4.34	0.51
09/12/2009	0	0.09	7.41	0.13	4.34	0.51
15/12/2009	0	0.27	11.62	0.34	6.22	NA
15/12/2009	0	0.27	11.9	0.36	6.2	0.55
15/12/2009	0	0.27	11.94	0.29	6.19	0.57
15/12/2009	0	0.28	11.94	0.3	6.2	0.58
21/12/2009	0	0.11	7.77	NA	4.83	0.47
21/12/2009	0	0.13	7.76	0.22	4.8	0.51
21/12/2009	0	0.13	7.76	0.15	4.79	0.5
21/12/2009	0	0.13	7.8	0.22	4.82	0.52
04/01/2010	0	0.22	7.75	0.28	4.73	0.51
04/01/2010	0	0.22	7.95	0.3	4.74	0.54
04/01/2010	0	0.22	7.8	0.28	4.73	0.56
04/01/2010	0	0.21	8.84	0.29	4.73	0.58
11/01/2010	0	0.16	7.46	0.24	4.58	0.51
11/01/2010	0	0.18	7.68	0.25	4.58	0.57
11/01/2010	0	0.17	7.68	0.29	4.59	0.59
11/01/2010	0	0.16	7.68	0.29	4.62	0.6
18/01/2010	0	0.34	11.92	0.74	6.39	0.59
18/01/2010	0	0.34	12.19	0.76	6.42	0.63
18/01/2010	0	0.31	12.22	0.71	6.37	0.63
18/01/2010	0	0.31	12.21	0.74	6.42	0.64
26/01/2010	0	0.2	9.39	0.1	4.89	NA
26/01/2010	0	0.21	9.29	NA	4.84	0.5
26/01/2010	0	0.22	9.45	0.11	4.91	0.53
26/01/2010	0	0.21	9.55	0.15	4.91	0.53
01/02/2010	0	0.2	7.86	0.16	4.26	0.52
01/02/2010	0	0.2	7.58	0.2	NA	0.53
01/02/2010	0	0.21	8.04	0.19	4.28	0.56
01/02/2010	0	0.21	NA	0.2	4.31	0.58
08/02/2010	0	0.26	8.49	0.28	4.74	0.61
08/02/2010	0	0.27	8.49	0.28	4.75	0.62
08/02/2010	0	0.27	8.53	0.19	4.76	0.61
08/02/2010	0	0.27	8.59	0.21	4.79	0.61
15/02/2010	0	0.23	9.79	0.2	5.16	0.51
15/02/2010	0	0.23	9.72	0.2	5.14	0.52
15/02/2010	0	0.23	9.74	0.2	5.13	0.53
15/02/2010	0	0.23	9.71	0.19	5.14	0.53
25/02/2010	0	0.25	5.52	0.05	2.8	0.47
25/02/2010	0	0.25	5.44	NA	2.81	0.48
25/02/2010	0	0.25	5.49	0.04	2.77	0.47
25/02/2010	0	0.25	5.51	0.03	2.77	0.47
01/03/2010	0	0.25	8.83	0	4.43	0.55
01/03/2010	0	0.25	8.86	0	4.42	0.56
01/03/2010	0	0.26	8.9	0	4.38	0.57
01/03/2010	0	0.25	8.91	0	4.38	0.57
08/03/2010	0	0.23	7.75	NA	3.83	0.61
08/03/2010	0	0.24	7.78	NA	3.78	0.59
08/03/2010	0	0.24	7.8	NA	3.71	0.59
08/03/2010	0	0.24	7.82	NA	3.71	0.59
15/03/2010	0	0.2	7.04	0.06	3.3	0.48
15/03/2010	0	0.2	7.05	0.08	3.28	0.5
15/03/2010	0	0.2	7.04	0.04	3.22	0.51
15/03/2010	0	0.2	7.04	0.04	3.22	0.51
23/03/2010	0	0.2	7.37	0.42	3	0.38
23/03/2010	0	0.21	7.44	0.39	2.97	0.45
23/03/2010	0	0.21	7.48	0.4	2.88	0.44
23/03/2010	0	0.22	7.48	0.47	2.85	0.44
07/04/2010	0	0.2	11.03	0.88	3.61	0.48
07/04/2010	0	0.2	11.09	0.87	3.58	0.49
07/04/2010	0	0.21	11.16	0.87	3.58	0.49
07/04/2010	0	0.21	11.17	0.87	3.57	0.49
12/04/2010	0	0.13	6.96	0.4	1.01	0.31
12/04/2010	0	0.13	6.06	0.37	1.06	0.32
12/04/2010	0	0.14	5.25	0.28	1.01	0.33
12/04/2010	0	0.14	5.23	0.27	1.01	0.33
19/04/2010	0	0.12	3.33	0.52	0.54	0.39
19/04/2010	0	0.12	3.32	0.52	0.54	0.4
19/04/2010	0	0.12	3.32	0.53	0.54	0.36
19/04/2010	0	0.12	3.32	0.54	0.54	0.32
26/04/2010	0	0.07	2.07	0.49	0.89	0.22
26/04/2010	0	0.07	2.07	0.5	0.89	0.22
26/04/2010	0	0.07	2.09	0.42	0.83	0.22
26/04/2010	0	0.07	2.09	0.42	0.83	0.22
04/05/2010	0	0.04	0.1	0.22	0.57	0.12
04/05/2010	0	0.05	0.1	0.22	0.57	0.13
04/05/2010	0	0.04	0.15	0.23	0.57	0.13
04/05/2010	0	0.04	0.14	0.22	0.56	0.13
10/05/2010	0	0	0	0.4	0.62	0.11
10/05/2010	0	0	0	0.59	0.62	0.13
10/05/2010	0	0	0	0.35	0.61	0.12
10/05/2010	0	0	0	0.35	0.62	0.12
17/05/2010	0	0	0.05	0.15	0.42	0.07
17/05/2010	0	0	0.05	0.16	0.44	0.08
17/05/2010	0	0	0.1	0.17	0.43	0.08
17/05/2010	0	0	0.09	0.16	0.46	0.08
24/05/2010	0	0.04	0.3	0.57	0.17	0.05
24/05/2010	0	0.04	0.3	0.57	0.14	0.05
24/05/2010	0	0.05	0.14	0.5	0.16	0.05
24/05/2010	0	0.04	0.15	0.51	0.17	0.05
02/06/2010	0	0.04	0.16	NA	0.16	0.03
02/06/2010	0	0.04	0.16	NA	0.17	0.04
02/06/2010	0	0.03	0.04	NA	0.19	0.04
02/06/2010	0	0.03	0.04	NA	0.18	0.05
07/06/2010	0	0.04	0.08	NA	0.12	0.07
07/06/2010	0	0.04	0.07	NA	0.12	0.08
07/06/2010	0	0.05	0.16	NA	0.12	0.09
07/06/2010	0	0.04	0.16	NA	0.1	0.09
14/06/2010	0	0	0.22	0.38	0.36	0.08
14/06/2010	0	0	0.2	0.39	0.35	0.08
14/06/2010	0	0	0.15	0.29	0.35	0.08
14/06/2010	0	0	0.14	0.29	0.35	0.08
21/06/2010	0	0	0	0.23	0.62	0.07
21/06/2010	0	0	0	0.25	0.61	0.07
21/06/2010	0	0	0	0.24	0.63	0.07
21/06/2010	0	0	0	0.23	0.63	0.07
29/06/2010	0	0	0.12	0.05	0.29	0.11
29/06/2010	0	0.01	0.1	0.03	0.3	0.12
29/06/2010	0	0	0.08	0.02	0.22	0.07
29/06/2010	0	0	0.06	0.02	0.23	0.08
06/07/2010	0	0	0	0.12	NA	0.07
06/07/2010	0	0	0	NA	NA	NA
06/07/2010	0	0	0	0.15	NA	NA
06/07/2010	0	0	0	0.14	NA	0.1
12/07/2010	0	0	0.07	0.14	0.94	0.07
12/07/2010	0	0	0.06	0.12	0.94	0.07
12/07/2010	0	0	0.06	NA	0.94	0.07
12/07/2010	0	0	0.08	0.11	0.94	0.06
19/07/2010	0	0.01	0.14	0.09	NA	0.12
19/07/2010	0	NA	0.14	0.07	NA	0.12
19/07/2010	0	0.02	0.13	0.02	NA	0.12
19/07/2010	0	0.02	0.13	0.02	NA	0.12
26/07/2010	0	0.03	0.15	0.33	0.3	0.55
26/07/2010	0	0.02	0.15	0.23	0.23	NA
26/07/2010	0	0.02	0.14	0.12	0.21	0.09
26/07/2010	0	0.01	0.15	0.15	0.24	0.1
03/08/2010	0	0	0.11	0.16	NA	0.05
03/08/2010	0	0	0.1	0.18	NA	0.07
03/08/2010	0	0	0.1	0.14	NA	0.06
03/08/2010	0	0	0.09	0.14	NA	0.05
11/08/2010	0	0	0.08	0.11	1.66	0.05
11/08/2010	0	0	0.06	0.11	1.71	0.04
11/08/2010	0	0	0.05	0.06	1.74	0.03
11/08/2010	0	0	0.06	0.05	1.72	0.03
16/08/2010	0	0.23	0.87	0.92	3.22	0.11
16/08/2010	0	0.23	0.86	0.93	3.19	0.11
16/08/2010	0	0.23	0.85	0.98	3.18	0.11
16/08/2010	0	0.23	0.84	0.96	3.18	0.12
31/08/2010	0	0.6	1.31	NA	3.58	0.09
31/08/2010	0	0.63	1.39	NA	3.62	0.1
31/08/2010	0	0.63	1.37	NA	3.64	0.1
31/08/2010	0	0.63	1.38	NA	3.68	0.12
06/09/2010	0	0.03	0.16	0.63	1.23	0.06
06/09/2010	0	0.02	0.17	0.55	1.21	0.07
06/09/2010	0	0.02	0.15	0.46	1.21	0.07
06/09/2010	0	0.02	0.16	0.43	1.22	0.06
13/09/2010	0	0.15	0.42	0.44	1.56	0.09
13/09/2010	0	0.16	0.44	0.4	1.5	NA
13/09/2010	0	0.13	0.39	0.39	1.63	0.13
13/09/2010	0	0.13	0.39	0.41	1.62	0.13
20/09/2010	0	0	0.11	NA	0.99	0.07
20/09/2010	0	0	0.11	0.47	1	0.07
20/09/2010	0	0	0.13	0.38	1.01	0.07
20/09/2010	0	0	0.13	0.4	1	0.07
27/09/2010	0	0.2	1.2	0.37	1.34	0.13
27/09/2010	0	0.2	1.2	0.36	1.36	0.14
27/09/2010	0	0.21	1.21	0.37	1.35	0.13
27/09/2010	0	0.22	1.2	0.35	1.35	0.14
04/10/2010	0	0.59	2.39	0.35	1.8	0.23
04/10/2010	0	0.58	2.41	0.36	1.8	0.24
04/10/2010	0	0.6	NA	0.32	1.82	0.22
04/10/2010	0	0.59	2.39	0.31	1.8	0.24
13/10/2010	0	0.75	3.55	0.35	1.99	0.26
13/10/2010	0	0.76	3.61	0.27	2.01	0.27
13/10/2010	0	0.75	3.59	0.16	2.01	0.27
13/10/2010	0	NA	NA	0.15	2.15	0.28
18/10/2010	0	0.76	6.01	0.49	2.68	0.31
18/10/2010	0	0.76	NA	0.47	2.71	0.31
18/10/2010	0	0.76	6.01	0.42	2.69	0.32
18/10/2010	0	0.76	6.03	0.45	2.71	0.33
25/10/2010	0	0.31	3.18	0.02	2.36	0.21
25/10/2010	0	NA	NA	0.03	NA	0.24
25/10/2010	0	0.37	3.34	0	2.11	0.28
25/10/2010	0	0.32	3.15	0	NA	0.33
01/11/2010	0	0.38	4.32	0.69	NA	NA
01/11/2010	0	0.34	NA	NA	NA	NA
01/11/2010	0	0.34	4.11	NA	2.34	0.33
01/11/2010	0	0.39	4.54	0.42	2.33	0.4
10/11/2010	0	NA	4.35	0.25	NA	0.34
10/11/2010	0	0.26	NA	0.66	3.73	NA
10/11/2010	0	NA	4.39	NA	NA	0.34
10/11/2010	0	0.24	NA	0.79	3.58	NA
16/11/2010	0	0.1	5.01	NA	NA	NA
16/11/2010	0	0.09	4.84	0.02	2.52	0.33
16/11/2010	0	0.09	4.84	0	2.51	0.33
16/11/2010	0	0.09	4.81	0	2.51	0.34
22/11/2010	0	0.21	8.85	0.23	3.48	0.43
22/11/2010	0	0.21	8.87	0.39	3.46	0.43
22/11/2010	0	0.21	8.87	0.22	3.47	0.43
22/11/2010	0	0.21	8.88	0.22	3.52	0.43
30/11/2010	0	0.08	5.43	0.22	2.66	0.4
30/11/2010	0	0.08	5.4	0.23	2.65	0.39
30/11/2010	0	0.07	5.37	0.11	2.62	0.38
30/11/2010	0	0.07	5.36	0.1	2.63	0.38
06/12/2010	0	0.07	6.14	0.3	2.74	0.41
06/12/2010	0	0.07	6.17	0.35	2.74	0.41
06/12/2010	0	0.06	5.36	0.17	2.47	0.38
06/12/2010	0	0.06	NA	0.16	NA	0.36
13/12/2010	0	0.08	5.83	0.17	2.69	0.38
13/12/2010	0	0.08	5.78	0.2	2.66	0.39
13/12/2010	0	0.08	5.94	0	2.94	0.41
13/12/2010	0	0.08	5.92	0.06	2.93	0.41
21/12/2010	0	0.09	5.94	0.21	2.44	0.4
21/12/2010	0	0.09	5.96	0.28	2.44	0.41
21/12/2010	0	0.1	5.99	0.07	2.45	0.41
21/12/2010	0	0.1	NA	NA	NA	0.39
06/01/2011	0	0.11	5.62	0.07	2.25	0.53
06/01/2011	0	0.1	5.64	0.05	2.27	0.52
06/01/2011	0	0.11	5.51	0.07	2.07	0.43
06/01/2011	0	0.1	NA	0.06	1.95	0.46
17/01/2011	0	0.12	6.7	0.16	2.74	0.49
17/01/2011	0	0.12	6.67	0.22	2.75	0.51
17/01/2011	0	0.11	6.59	0.11	2.92	0.55
17/01/2011	0	0.11	NA	NA	2.84	0.48
25/01/2011	0	0.1	7.94	0.03	2.85	0.52
25/01/2011	0	0.1	7.97	0.05	2.76	0.51
25/01/2011	0	0.11	6.97	0	2.74	0.51
25/01/2011	0	0.09	NA	0	NA	NA
31/01/2011	0	0.11	6.89	0	2.63	0.44
31/01/2011	0	0.12	6.89	0	2.65	0.46
31/01/2011	0	0.11	6.92	0	2.6	0.4
31/01/2011	0	0.11	6.94	0	2.59	0.42
08/02/2011	0	0.15	7.09	0	2.63	0.44
08/02/2011	0	0.14	7	0	2.65	0.44
08/02/2011	0	0.14	7.04	0	2.71	0.44
08/02/2011	0	0.14	NA	0	2.6	0.44
14/02/2011	0	0.16	6.92	0	2.63	0.47
14/02/2011	0	0.15	6.9	0	2.64	0.46
14/02/2011	0	0.15	7.03	0	2.67	0.46
14/02/2011	0	0.15	6.85	0	2.63	0.45
22/02/2011	0	0.22	8.53	0.19	2.94	0.52
22/02/2011	0	0.22	8.49	0.18	2.94	0.5
22/02/2011	0	0.22	8.55	0.13	2.93	0.5
22/02/2011	0	0.22	8.54	0.11	2.96	0.5
28/02/2011	0	0.24	9.04	NA	NA	0.47
28/02/2011	0	0.23	9.05	NA	NA	0.47
28/02/2011	0	0.24	9.04	NA	NA	0.46
28/02/2011	0	0.23	9.04	NA	NA	0.46
07/03/2011	0	0.2	6.45	NA	NA	0.4
07/03/2011	0	0.2	6.47	NA	NA	0.41
07/03/2011	0	0.2	6.41	NA	NA	0.41
07/03/2011	0	0.2	6.43	NA	NA	0.41
14/03/2011	0	0.18	6.83	0.1	1.8	0.32
14/03/2011	0	0.18	6.83	0.14	1.8	0.32
14/03/2011	0	0.17	6.83	0.03	1.81	0.32
14/03/2011	0	0.18	6.83	0.03	1.8	0.32
22/03/2011	0	0.2	5.72	NA	NA	0.31
22/03/2011	0	0.2	5.77	NA	NA	0.31
22/03/2011	0	0.2	5.76	NA	NA	0.29
22/03/2011	0	0.2	5.76	NA	NA	0.3
28/03/2011	0	0.17	4.26	1.61	1.18	0.31
28/03/2011	0	0.17	4.31	1.62	1.18	0.31
28/03/2011	0	0.17	4.28	1.23	1.17	0.31
28/03/2011	0	0.17	4.28	1.35	1.18	0.31
06/04/2011	0	0.04	0.19	0.23	0.09	0.11
06/04/2011	0	0.04	0.19	0.28	0.09	0.11
06/04/2011	0	0.03	0.16	0.1	0.1	0.1
06/04/2011	0	0.03	0.19	0.1	0.1	0.1
11/04/2011	0	0.01	0.06	0.39	NA	0.04
11/04/2011	0	0.01	0.07	0.44	NA	0.05
11/04/2011	0	0.01	0.04	0.01	NA	0.04
11/04/2011	0	0	0.04	0.01	NA	0.04
18/04/2011	0	0	0.02	0.37	0.07	0.03
18/04/2011	0	0	0.02	0.36	0.07	NA
18/04/2011	0	0	0.02	0.26	0.08	0.03
18/04/2011	0	0	0.02	0.24	0.07	0.03
26/04/2011	0	0.02	0.04	0.29	0.5	0.07
26/04/2011	0	0.02	0.04	0.33	0.49	0.07
26/04/2011	0	0.02	0.04	0.27	0.5	0.09
26/04/2011	0	0.01	0.04	0.25	0.5	0.09
16/05/2011	0	NA	0.35	0.4	2.16	0.14
16/05/2011	0	NA	0.37	0.4	2.19	0.18
16/05/2011	0	NA	0.34	0.56	2.15	0.19
16/05/2011	0	NA	NA	0.53	NA	0.16
01/06/2011	0	0	0.01	0	0.25	0.04
01/06/2011	0	0	0	0	0.25	0.04
01/06/2011	0	0	0	0	0.22	0.04
01/06/2011	0	0	0	0	0.25	0.04
06/06/2011	0	0	0	0.23	0.18	0.03
06/06/2011	0	0	0	0.26	0.17	0.03
06/06/2011	0	0	0	0.12	0.18	0.02
06/06/2011	0	0	0	0.11	0.18	0.03
14/06/2011	0	0	0	0	0.38	0.07
14/06/2011	0	0	0	0	0.38	0.07
14/06/2011	0	0.01	0.03	0.44	0.39	0.09
14/06/2011	0	0.01	0.03	0.55	0.35	0.07
20/06/2011	0	0	0	0	NA	0.08
20/06/2011	0	0	0	0	0.48	0.08
20/06/2011	0	0	0	0.75	0.46	0.07
20/06/2011	0	0	0	0.86	0.45	0.07
27/06/2011	0	0.01	0.03	NA	0.17	0.05
27/06/2011	0	0.01	0.03	0.29	0.19	0.05
27/06/2011	0	0.01	0.01	0.22	0.22	0.04
27/06/2011	0	0.01	0.01	0.2	0.22	0.04
04/07/2011	0	0	0	NA	0.27	0.06
04/07/2011	0	0	0	0.27	0.25	0.05
04/07/2011	0	0	0	0	0.25	0.04
04/07/2011	0	0	0.01	0	0.23	0.04
11/07/2011	0	0.02	0.06	0.3	0.41	0.05
11/07/2011	0	0.02	0.06	0.31	0.42	0.05
11/07/2011	0	0.01	0.07	0.16	0.33	0.05
11/07/2011	0	0.01	0.07	0.18	0.32	0.05
19/07/2011	0	0.09	0.66	0.97	1.56	0.14
19/07/2011	0	0.1	0.68	0.97	1.55	0.14
19/07/2011	0	0.09	0.64	0.88	1.56	0.1
19/07/2011	0	0.09	0.64	0.88	1.56	0.1
25/07/2011	0	0.02	0.04	0.48	1.28	0.06
25/07/2011	0	0.01	0.04	0.55	1.3	0.06
25/07/2011	0	0.01	0.02	0.25	1.32	0.03
25/07/2011	0	0	0.02	0.24	1.32	0.03
01/08/2011	0	0.01	0.16	NA	0.78	0.05
01/08/2011	0	0	0.13	0.36	0.77	0.05
01/08/2011	0	0	0.09	0.18	0.79	0.04
01/08/2011	0	0	0.1	0.19	0.79	0.04
08/08/2011	0	0.02	0.07	0.14	1.25	0.09
08/08/2011	0	0.02	0.07	0.17	1.25	0.1
08/08/2011	0	0.02	0.07	0.11	1.21	0.07
08/08/2011	0	0.02	0.07	0.11	1.2	0.06
15/08/2011	0	0.02	0.02	0.48	0.97	0.04
15/08/2011	0	0.01	0.02	0.59	0.96	0.05
15/08/2011	0	0.01	0.02	0.54	0.94	0.05
15/08/2011	0	0.02	0.02	0.49	0.94	0.05
22/08/2011	0	0	0	0.55	0.9	0.04
22/08/2011	0	0	0	0.55	0.9	0.04
22/08/2011	0	0	0	0.4	0.83	0.04
22/08/2011	0	0	0	0.41	0.82	0.04
30/08/2011	0	0.02	0.05	0.12	0.86	0.04
30/08/2011	0	0.02	0.04	0.14	0.86	0.04
30/08/2011	0	0.01	0.02	NA	1.14	0.02
30/08/2011	0	0.01	0.02	0.11	1.14	0.02
15/09/2011	0	0.27	0.84	0.32	2.05	0.2
15/09/2011	0	0.27	0.81	0.26	2.06	0.2
15/09/2011	0	0.3	0.83	0.24	2.06	0.2
15/09/2011	0	0.3	0.82	0.26	2.06	0.2
19/09/2011	0	0.32	3.09	0.41	3.02	0.28
19/09/2011	0	0.32	3.09	0.37	3.02	0.28
19/09/2011	0	0.32	3.1	0.3	2.98	0.28
19/09/2011	0	0.32	3.07	0.3	2.97	0.28
26/09/2011	0	0.08	0.1	0.08	1.17	0.04
26/09/2011	0	0.08	0.11	0.11	1.17	0.04
26/09/2011	0	0.07	0.1	0.05	1.11	0.04
26/09/2011	0	0.07	0.12	0.04	1.11	0.04
03/10/2011	0	0.07	0.11	0.24	1.99	0.08
03/10/2011	0	0.07	0.1	0.25	1.99	0.08
03/10/2011	0	0.06	0.07	0.09	1.99	0.07
03/10/2011	0	0.07	0.07	0.1	1.98	0.06
12/10/2011	0	0.24	3.31	0.31	3.88	0.27
12/10/2011	0	0.24	3.34	0.3	3.89	0.27
12/10/2011	0	0.23	3.39	0.18	3.89	0.26
12/10/2011	0	0.23	3.4	0.14	3.89	0.26
17/10/2011	0	0.18	3.07	0.17	3.71	0.26
17/10/2011	0	0.17	3.08	0.29	3.71	0.27
17/10/2011	0	0.17	3.07	0.18	3.72	0.24
17/10/2011	0	0.17	3.08	0.16	3.72	0.24
25/10/2011	0	0.51	3.52	0.4	4.76	0.29
25/10/2011	0	0.51	3.53	0.41	4.74	0.29
25/10/2011	0	0.51	3.53	0.31	4.74	0.29
25/10/2011	0	0.51	3.54	0.28	4.74	0.29
01/11/2011	0	0.51	4.08	0.2	4.04	0.32
01/11/2011	0	0.51	4.1	0.2	4.07	0.32
01/11/2011	0	0.51	4.09	0.15	4.05	0.31
01/11/2011	0	0.51	4.09	0.15	4.04	0.31
08/11/2011	0	0.23	4.15	0.27	3.19	0.36
08/11/2011	0	0.23	4.13	0.23	3.19	0.36
08/11/2011	0	0.23	4.11	0.03	3.19	0.35
08/11/2011	0	0.23	4.11	0.03	3.2	0.35
16/11/2011	0	0.13	4	0.4	2.5	0.25
16/11/2011	0	0.13	4.05	0.39	2.52	0.25
16/11/2011	0	0.12	3.94	0.4	2.51	0.26
16/11/2011	0	0.13	3.96	NA	2.5	0.25
21/11/2011	0	0.12	3.84	0.38	2.34	0.25
21/11/2011	0	0.12	3.85	0.4	2.34	0.25
21/11/2011	0	0.12	3.81	0.39	2.33	0.25
21/11/2011	0	0.12	NA	0.36	2.3	0.25
19/12/2011	0	0.2	10.23	0.73	5.39	0.4
19/12/2011	0	0.2	10.31	0.64	5.38	0.39
19/12/2011	0	0.2	10.32	0.61	5.37	0.42
19/12/2011	0	0.2	10.38	0.67	5.39	0.42
09/01/2012	0	0.18	8.11	0.54	3.98	0.4
09/01/2012	0	0.18	8.1	0.53	3.97	0.41
09/01/2012	0	0.17	8.12	0.65	3.97	0.38
09/01/2012	0	0.16	8.11	0.68	3.96	0.38
16/01/2012	0	0.07	6.63	0.56	3.66	0.4
16/01/2012	0	0.08	6.66	NA	3.69	0.4
16/01/2012	0	0.07	6.72	0.44	3.93	0.41
16/01/2012	0	0.08	6.71	0.41	3.91	0.39
23/01/2012	0	0.14	6.88	0.4	3.65	0.54
23/01/2012	0	0.14	6.9	NA	3.65	0.54
23/01/2012	0	0.14	6.92	NA	3.61	0.53
23/01/2012	0	0.14	6.91	0.48	3.6	0.53
30/01/2012	0	0.24	6.74	0.64	3.29	0.61
30/01/2012	0	0.24	6.74	0.62	3.26	0.58
30/01/2012	0	0.25	6.74	0.52	3.23	0.53
30/01/2012	0	0.26	6.73	0.5	3.24	0.53
07/02/2012	0	0.26	6.89	NA	3.34	0.44
07/02/2012	10	0.26	6.88	NA	3.33	0.45
07/02/2012	25	0.25	6.95	NA	3.27	0.45
07/02/2012	50	0.26	6.96	NA	3.26	0.45
07/02/2012	0	0.25	6.93	NA	3.31	0.44
07/02/2012	10	0.25	6.9	NA	3.27	0.44
07/02/2012	25	0.25	6.96	NA	3.26	0.45
07/02/2012	50	0.25	6.99	NA	3.25	0.45
13/02/2012	0	0.32	7.33	0.19	3.85	0.46
13/02/2012	10	0.35	7.51	0.18	3.85	0.47
13/02/2012	25	0.31	7.89	0.29	3.92	0.47
13/02/2012	50	0.31	7.63	0.18	3.85	0.46
13/02/2012	0	0.29	7.89	0.22	3.97	0.45
13/02/2012	10	0.28	7.03	0.21	3.65	0.45
13/02/2012	25	0.31	7.52	0.21	3.77	0.46
13/02/2012	50	0.28	7.12	0.21	3.62	0.46
20/02/2012	0	0.3	7.42	0.22	3.84	0.56
20/02/2012	0	0.3	7.49	0.2	3.88	NA
20/02/2012	10	0.33	7.56	0.25	3.88	0.56
20/02/2012	10	0.32	7.6	NA	3.89	0.58
20/02/2012	25	0.31	7.34	0.13	3.76	0.58
20/02/2012	25	0.31	7.32	0.12	3.75	0.56
20/02/2012	50	0.29	7.24	0.14	3.74	0.56
20/02/2012	50	0.29	7.26	0.08	3.71	0.57
20/02/2012	0	0.32	7.75	0.06	3.88	0.53
20/02/2012	0	0.32	7.75	0.04	3.87	0.53
20/02/2012	10	0.34	7.83	0.05	4.06	0.61
20/02/2012	10	0.34	7.85	0.04	4.06	0.62
20/02/2012	25	0.3	7.47	0.07	3.74	0.55
20/02/2012	25	0.29	7.48	0.07	3.98	0.55
20/02/2012	50	0.28	7.34	0.06	3.99	0.62
20/02/2012	50	0.28	7.35	0.06	4	0.62
27/02/2012	0	0.37	8.03	NA	3.44	0.53
27/02/2012	0	0.38	8.03	NA	3.59	0.53
27/02/2012	10	0.39	7.81	NA	3.54	0.48
27/02/2012	10	0.39	7.81	NA	3.52	0.48
27/02/2012	25	0.35	6.72	NA	3.14	0.46
27/02/2012	25	0.35	6.72	NA	3.13	0.47
27/02/2012	50	0.36	6.78	NA	3.14	0.48
27/02/2012	50	0.36	6.82	NA	3.16	0.48
27/02/2012	0	0.37	8.17	NA	3.62	0.52
27/02/2012	0	0.37	8.17	NA	3.6	0.52
27/02/2012	10	0.37	7.91	NA	3.52	0.48
27/02/2012	10	0.37	7.87	NA	3.51	0.48
27/02/2012	25	0.35	6.79	NA	3.23	0.53
27/02/2012	25	0.34	6.82	NA	3.18	0.47
27/02/2012	50	0.36	6.8	NA	3.17	0.47
27/02/2012	50	0.37	6.82	NA	3.25	0.48
06/03/2012	0	0.32	6.24	0.13	3.38	0.3
06/03/2012	0	0.33	6.25	0.13	3.26	0.3
06/03/2012	10	0.32	6.28	0.21	3.36	0.31
06/03/2012	10	0.32	6.28	0.22	3.34	0.31
06/03/2012	25	0.34	6.4	0.22	3.32	0.32
06/03/2012	25	0.34	6.39	0.24	3.33	0.32
06/03/2012	50	0.37	6.57	0.28	3.23	0.36
06/03/2012	50	0.37	6.56	0.27	3.23	0.36
06/03/2012	0	0.38	6.34	0.23	3.48	0.4
06/03/2012	0	0.38	6.31	0.25	3.44	0.39
06/03/2012	10	0.34	6.33	0.22	3.29	0.31
06/03/2012	10	0.35	6.33	0.19	3.29	0.31
06/03/2012	25	0.35	6.43	0.17	3.35	0.33
06/03/2012	25	0.34	6.43	0.15	3.29	0.33
06/03/2012	50	0.39	6.57	0.24	3.27	0.42
06/03/2012	50	0.39	6.56	0.22	3.36	0.37
13/03/2012	0	0.39	6.12	0.41	3.29	0.46
13/03/2012	0	0.39	6.09	0.4	3.3	0.46
13/03/2012	10	0.39	6.12	0.42	3.32	0.51
13/03/2012	10	0.39	6.12	0.38	3.32	0.5
13/03/2012	25	0.4	6.12	0.38	3.28	0.53
13/03/2012	25	0.4	6.12	0.35	3.28	0.51
13/03/2012	50	0.39	6.15	0.33	3.32	0.58
13/03/2012	50	0.39	6.13	0.33	3.33	0.57
13/03/2012	0	0.4	6.1	0.34	3.31	0.44
13/03/2012	0	0.4	6.1	0.34	3.3	0.44
13/03/2012	10	0.39	6.12	0.3	3.34	0.47
13/03/2012	10	0.39	6.12	0.31	3.34	0.47
13/03/2012	25	0.39	6.15	0.38	3.38	0.5
13/03/2012	25	0.39	6.15	0.36	3.39	0.5
13/03/2012	50	0.4	6.17	0.31	3.42	0.59
13/03/2012	50	0.4	6.16	0.3	3.43	0.56
19/03/2012	0	0.32	5.7	0.2	3.06	0.39
19/03/2012	0	0.32	5.74	0.21	3.16	0.39
19/03/2012	10	0.33	5.83	0.16	3.17	0.39
19/03/2012	10	0.33	6.06	0.16	3.17	0.4
19/03/2012	25	0.4	6.31	0.16	3.1	0.43
19/03/2012	25	0.39	6.31	0.15	3.09	0.43
19/03/2012	50	0.41	6.35	0.35	3.03	0.47
19/03/2012	50	0.42	6.36	0.34	3.03	0.47
19/03/2012	0	0.34	5.85	0.13	3.15	0.36
19/03/2012	0	0.34	5.89	0.13	3.16	0.37
19/03/2012	10	0.36	5.87	0.12	3.18	0.38
19/03/2012	10	0.35	5.87	0.12	3.17	0.38
19/03/2012	25	0.41	6.34	0.14	3.08	0.46
19/03/2012	25	0.42	6.34	0.15	3.07	0.44
19/03/2012	50	0.44	6.42	0.37	3.02	0.47
19/03/2012	50	0.44	6.43	0.36	3.03	0.47
26/03/2012	0	0.3	5.37	0.49	NA	0.35
26/03/2012	0	0.3	5.37	0.53	NA	0.35
26/03/2012	10	0.3	5.38	0.63	NA	0.37
26/03/2012	10	0.3	5.39	0.68	NA	0.37
26/03/2012	25	0.28	5.34	0.61	NA	0.36
26/03/2012	25	0.28	5.35	0.53	NA	0.36
26/03/2012	50	0.32	5.33	0.51	NA	0.37
26/03/2012	50	0.32	5.3	0.5	NA	0.37
26/03/2012	0	0.26	5.3	0.5	NA	0.35
26/03/2012	0	0.25	5.34	0.47	NA	0.35
26/03/2012	10	0.23	5.36	0.59	NA	0.38
26/03/2012	10	0.21	5.37	0.59	NA	0.39
26/03/2012	25	0.23	5.31	0.46	NA	0.37
26/03/2012	25	0.21	5.32	0.46	NA	0.38
26/03/2012	50	0.28	5.37	0.42	NA	0.38
26/03/2012	50	NA	5.41	0.41	NA	0.37
02/04/2012	0	0.16	2.71	0.24	1.18	0.25
02/04/2012	0	0.16	2.71	NA	1.2	0.25
02/04/2012	10	0.15	2.78	0.13	1.2	0.26
02/04/2012	10	0.16	2.8	NA	NA	0.24
02/04/2012	25	0.16	2.68	0.17	1.24	0.25
02/04/2012	25	0.16	2.69	NA	1.21	0.25
02/04/2012	50	0.26	4.08	0.46	1.15	0.37
02/04/2012	50	0.26	4.09	0.45	1.15	0.37
02/04/2012	0	0.1	2.68	0.29	1.16	0.23
02/04/2012	0	0.08	2.68	0.28	1.16	0.23
02/04/2012	10	0.23	2.73	0.21	1.17	0.26
02/04/2012	10	0.23	2.78	0.21	1.2	0.26
02/04/2012	25	0.18	2.65	0.25	1.14	0.25
02/04/2012	25	0.18	2.63	0.25	1.14	0.25
02/04/2012	50	0.23	4.08	0.54	1.14	0.37
02/04/2012	50	NA	4.04	0.52	1.11	0.36
11/04/2012	0	0.08	0.75	0.22	0.43	0.16
11/04/2012	0	0.08	0.75	0.18	0.44	0.16
11/04/2012	10	0.07	0.89	0.18	0.57	0.23
11/04/2012	10	0.07	0.89	0.19	0.56	0.23
11/04/2012	25	0.07	0.89	0.42	0.43	0.19
11/04/2012	25	0.07	0.91	0.45	0.44	0.19
11/04/2012	50	0.07	0.97	0.41	0.48	0.21
11/04/2012	50	0.07	0.98	0.41	0.49	0.21
11/04/2012	0	0.08	0.7	0.16	0.44	0.16
11/04/2012	0	0.08	0.71	0.18	0.42	0.17
11/04/2012	10	0.08	0.83	0.21	0.54	0.21
11/04/2012	10	0.08	0.83	0.26	0.56	0.21
11/04/2012	25	0.07	0.92	0.6	0.59	0.18
11/04/2012	25	0.07	0.9	0.61	0.6	0.18
11/04/2012	50	0.08	1.14	0.71	0.52	0.19
11/04/2012	50	0.08	1.05	0.71	0.54	0.19
16/04/2012	0	0.06	0.3	NA	0.14	0.13
16/04/2012	0	0.06	0.3	0.34	0.14	0.13
16/04/2012	10	0.06	0.33	0.36	0.23	0.14
16/04/2012	10	0.06	0.33	0.36	0.24	0.14
16/04/2012	25	0.06	0.52	0.5	0.21	0.16
16/04/2012	25	0.06	0.54	0.48	0.21	0.16
16/04/2012	50	0.17	0.97	0.85	0.38	0.26
16/04/2012	50	0.17	0.96	0.8	0.38	0.25
16/04/2012	0	0.06	0.29	0.18	0.29	0.12
16/04/2012	0	0.05	0.29	0.17	0.29	0.12
16/04/2012	10	0.05	0.33	0.2	0.28	0.13
16/04/2012	10	0.05	0.33	0.21	0.28	0.13
16/04/2012	25	0.07	0.5	0.49	0.3	0.15
16/04/2012	25	0.07	0.49	0.53	0.3	0.17
16/04/2012	50	0.17	0.94	0.7	0.37	0.23
16/04/2012	50	0.17	0.93	0.7	0.37	0.24
24/04/2012	0	0.06	0.1	0.25	0.3	0.09
24/04/2012	0	0.06	0.1	0.22	0.29	0.09
24/04/2012	10	0.07	0.11	0.27	0.28	0.1
24/04/2012	10	0.07	0.11	0.29	0.28	0.1
24/04/2012	25	0.06	0.1	0.24	0.24	0.1
24/04/2012	25	0.06	0.1	0.23	0.24	0.1
24/04/2012	50	0.14	0.33	0.66	0.36	0.17
24/04/2012	50	0.14	0.34	0.65	0.34	0.17
24/04/2012	0	0.06	0.11	0.17	0.25	0.08
24/04/2012	0	0.06	0.11	0.16	0.23	0.08
24/04/2012	10	0.06	0.1	0.2	0.24	0.09
24/04/2012	10	0.06	0.1	0.2	0.24	0.09
24/04/2012	25	0.07	0.11	0.26	0.25	0.1
24/04/2012	25	0.07	0.11	0.27	0.25	0.1
24/04/2012	50	0.14	0.34	0.63	0.38	0.15
24/04/2012	50	0.14	0.34	0.65	0.38	0.15
01/05/2012	0	0.07	0.31	0.32	1.46	0.15
01/05/2012	0	0.07	0.33	0.36	1.46	0.15
01/05/2012	10	0.07	0.33	0.28	1.47	0.15
01/05/2012	10	0.07	0.33	0.26	1.48	0.15
01/05/2012	25	0.06	0.32	0.19	1.2	0.14
01/05/2012	25	0.06	0.32	0.18	1.19	0.14
01/05/2012	50	NA	NA	NA	NA	NA
01/05/2012	50	NA	NA	NA	NA	NA
01/05/2012	0	0.06	0.32	0.16	1.32	0.12
01/05/2012	0	0.06	0.32	0.14	1.33	0.11
01/05/2012	10	0.06	0.33	0.23	1.39	0.13
01/05/2012	10	0.06	0.34	0.17	1.39	0.13
01/05/2012	25	0.06	0.3	0.1	1.25	0.13
01/05/2012	25	0.06	0.3	0.1	1.25	0.13
01/05/2012	50	NA	NA	NA	NA	NA
01/05/2012	50	NA	NA	NA	NA	NA
08/05/2012	0	0.05	0.42	1.03	1.57	0.12
08/05/2012	0	0.05	0.42	1.03	1.53	0.12
08/05/2012	10	0.05	0.42	0.97	1.51	0.14
08/05/2012	10	0.05	0.42	0.99	1.54	0.14
08/05/2012	25	0.05	0.48	1.2	1.55	0.16
08/05/2012	25	0.05	0.48	1.08	1.56	0.16
08/05/2012	50	0.05	0.46	1.14	1.57	0.17
08/05/2012	50	0.05	0.46	1.14	1.55	0.17
08/05/2012	0	0.05	0.4	0.56	1.62	0.1
08/05/2012	0	0.05	0.41	0.57	1.61	0.11
08/05/2012	10	0.04	0.42	0.94	1.55	0.16
08/05/2012	10	0.04	0.42	1.03	1.56	0.16
08/05/2012	25	0.05	0.47	0.94	1.57	0.14
08/05/2012	25	0.05	0.47	0.95	1.58	0.14
08/05/2012	50	0.05	0.44	0.99	1.61	0.14
08/05/2012	50	0.05	0.44	1.03	1.61	0.14
14/05/2012	0	0.11	2.72	0.45	1.62	0.15
14/05/2012	0	0.11	2.73	0.45	1.62	0.15
14/05/2012	10	NA	NA	NA	NA	NA
14/05/2012	10	NA	NA	NA	NA	NA
14/05/2012	25	0.09	0.73	1.42	1.27	0.19
14/05/2012	25	0.09	0.73	1.41	1.25	0.19
14/05/2012	50	0.09	1	1.64	1.3	0.26
14/05/2012	50	0.09	1	1.64	1.31	0.27
14/05/2012	0	0.1	2.71	0.46	1.59	0.14
14/05/2012	0	0.1	2.75	0.46	1.57	0.14
14/05/2012	10	NA	NA	NA	NA	NA
14/05/2012	10	NA	NA	NA	NA	NA
14/05/2012	25	0.08	0.72	1.38	1.26	0.18
14/05/2012	25	0.08	0.72	1.39	1.24	0.18
14/05/2012	50	0.09	1	1.73	1.34	0.27
14/05/2012	50	0.09	1.01	1.72	1.34	0.27
21/05/2012	0	0.02	0.08	NA	0.33	0.05
21/05/2012	0	0.01	0.09	NA	0.31	0.05
21/05/2012	10	0.02	0.07	NA	0.27	0.06
21/05/2012	10	0.02	0.07	NA	0.27	0.06
21/05/2012	25	0.08	1.15	NA	1.68	0.27
21/05/2012	25	0.08	1.12	NA	1.68	0.27
21/05/2012	50	0.08	1.2	NA	1.78	0.28
21/05/2012	50	0.08	1.2	NA	1.79	0.28
21/05/2012	0	0.01	0.07	NA	0.33	0.03
21/05/2012	0	0.01	0.07	NA	0.33	0.03
21/05/2012	10	0.02	0.08	NA	0.26	0.05
21/05/2012	10	0.02	0.08	NA	0.24	0.05
21/05/2012	25	0.08	1.08	NA	1.75	0.25
21/05/2012	25	0.08	1.07	NA	1.79	0.27
21/05/2012	50	0.08	1.14	NA	1.86	0.27
21/05/2012	50	0.08	1.14	NA	1.86	0.27
28/05/2012	0	0.01	0.07	0.45	0.17	0.04
28/05/2012	0	0.01	0.07	NA	0.21	0.03
28/05/2012	10	0.01	0.09	0.3	0.31	0.03
28/05/2012	10	0.01	0.09	0.26	0.28	0.03
28/05/2012	25	0.02	0.09	0.39	0.28	0.03
28/05/2012	25	0.02	0.09	0.46	0.27	0.03
28/05/2012	50	0.09	1.29	0.76	1.42	0.18
28/05/2012	50	0.09	1.36	0.74	1.42	0.17
28/05/2012	0	0	0.05	0.21	NA	0.02
28/05/2012	0	0	0.05	0.19	0.22	0.02
28/05/2012	10	0	0.07	0.2	0.24	0.03
28/05/2012	10	0.01	0.07	0.19	0.23	0.03
28/05/2012	25	0.02	0.06	0.21	0.26	0.02
28/05/2012	25	0.02	0.06	0.21	0.26	0.02
28/05/2012	50	0.08	1.15	0.66	1.42	0.14
28/05/2012	50	0.08	1.16	0.63	1.41	0.14
11/06/2012	0	0.02	0.1	0.41	0.36	0.08
11/06/2012	0	0.02	0.1	0.41	0.36	0.08
11/06/2012	10	0.01	0.08	0.4	0.19	0.07
11/06/2012	10	0.01	0.07	0.41	0.19	0.08
11/06/2012	25	0.03	0.28	1.05	0.93	0.16
11/06/2012	25	0.03	0.27	1.09	0.93	0.16
11/06/2012	50	0.05	0.48	1.93	1.56	0.22
11/06/2012	50	0.05	0.48	2.04	1.55	0.22
11/06/2012	0	0.02	0.09	0.38	0.34	0.07
11/06/2012	0	0.02	0.09	0.38	0.33	0.07
11/06/2012	10	0.02	0.08	0.4	0.16	0.07
11/06/2012	10	0.02	0.07	0.41	0.16	0.07
11/06/2012	25	0.04	0.22	0.98	0.92	0.15
11/06/2012	25	0.04	0.22	0.99	0.92	0.15
11/06/2012	50	0.05	0.45	1.91	1.55	0.22
11/06/2012	50	0.05	0.46	1.93	1.56	0.22
18/06/2012	0	0.01	0.03	NA	0.13	0.02
18/06/2012	0	0.01	0.03	NA	0.11	0.02
18/06/2012	10	0.01	0.03	NA	0.11	0.03
18/06/2012	10	0.01	0.03	NA	0.11	0.03
18/06/2012	25	0.01	0.05	NA	0.13	0.04
18/06/2012	25	0.01	0.05	NA	0.13	0.04
18/06/2012	50	0.07	0.47	NA	2.16	0.28
18/06/2012	50	0.07	0.47	NA	2.16	0.28
18/06/2012	0	0	0.03	NA	0.08	0.02
18/06/2012	0	0	0.03	NA	0.08	0.02
18/06/2012	10	0.01	0.03	NA	0.08	0.02
18/06/2012	10	0.01	0.03	NA	0.08	0.02
18/06/2012	25	0.01	0.04	NA	0.09	0.04
18/06/2012	25	0.01	0.04	NA	0.09	0.04
18/06/2012	50	0.07	0.44	NA	2.15	0.26
18/06/2012	50	0.07	0.46	NA	2.16	0.26
25/06/2012	0	NA	NA	NA	NA	NA
25/06/2012	0	NA	NA	NA	NA	NA
25/06/2012	10	0.02	0.05	0.3	0.25	0.04
25/06/2012	10	0.02	0.05	0.27	0.24	0.04
25/06/2012	25	0.04	0.1	0.24	0.38	0.06
25/06/2012	25	0.04	0.09	0.22	0.38	0.05
25/06/2012	50	0.08	0.76	2.34	2.62	0.27
25/06/2012	50	0.08	0.76	2.37	2.64	0.27
25/06/2012	0	NA	NA	NA	NA	NA
25/06/2012	0	NA	NA	NA	NA	NA
25/06/2012	10	0.01	0.04	0.14	0.2	0.03
25/06/2012	10	0.01	0.04	0.15	0.19	0.03
25/06/2012	25	0.02	0.07	0.18	0.36	0.04
25/06/2012	25	0.02	0.06	0.18	0.35	0.03
25/06/2012	50	0.07	0.76	2.25	2.63	0.26
25/06/2012	50	0.07	0.76	2.38	2.63	0.28
02/07/2012	0	0.01	0.09	0.1	0.21	0.02
02/07/2012	0	0.01	0.09	0.11	0.19	0.02
02/07/2012	10	0.01	0.1	0.17	0.22	0.01
02/07/2012	10	0.01	0.1	0.22	0.22	0.01
02/07/2012	25	0.04	0.31	0.66	0.9	0.13
02/07/2012	25	0.04	0.32	NA	0.9	0.14
02/07/2012	50	0.08	0.89	2.49	3.03	0.28
02/07/2012	50	0.08	0.89	2.73	3.03	0.29
02/07/2012	0	0.01	0.08	0.23	0.17	0.04
02/07/2012	0	0.01	0.08	0.23	0.17	0.04
02/07/2012	10	0.01	0.11	0.13	0.18	0.03
02/07/2012	10	0.01	0.1	0.1	0.18	0.03
02/07/2012	25	0.03	0.24	0.51	0.83	0.13
02/07/2012	25	0.03	0.24	0.56	0.83	0.13
02/07/2012	50	0.08	0.87	2.46	3.01	0.29
02/07/2012	50	0.08	0.85	2.47	3.02	0.29
09/07/2012	0	0.07	2.7	0.57	1.37	0.09
09/07/2012	0	0.07	2.7	0.65	1.37	0.09
09/07/2012	10	0	0.08	0.32	0.44	0.06
09/07/2012	10	0	0.08	0.37	0.44	0.06
09/07/2012	25	0.05	0.59	1.77	2.47	0.26
09/07/2012	25	0.05	0.59	1.78	2.46	0.26
09/07/2012	50	0.06	0.67	1.89	2.6	0.28
09/07/2012	50	0.06	0.67	1.83	2.59	0.28
09/07/2012	0	0.07	2.65	0.07	1.35	0.07
09/07/2012	0	0.07	2.63	0.06	1.35	0.07
09/07/2012	10	0	0.08	0.05	0.42	0.05
09/07/2012	10	0	0.08	0.04	0.42	0.05
09/07/2012	25	0.05	0.61	1.52	2.46	0.25
09/07/2012	25	0.05	0.59	1.53	2.46	0.26
09/07/2012	50	0.06	0.67	1.93	2.59	0.27
09/07/2012	50	0.06	0.67	NA	2.59	0.27
23/07/2012	0	0	0.04	0	0.11	0.02
23/07/2012	0	0	0.04	0	0.11	0.03
23/07/2012	10	0	0.06	0	0.12	0.04
23/07/2012	10	0	0.06	0	0.12	0.04
23/07/2012	25	0.09	0.68	1.66	2.12	0.28
23/07/2012	25	0.09	0.69	1.7	2.13	0.28
23/07/2012	50	0.09	0.76	1.95	2.25	0.3
23/07/2012	50	0.09	0.76	2.01	2.25	0.3
23/07/2012	0	0	0.04	0	0.1	0.02
23/07/2012	0	0	0.04	0	0.1	0.02
23/07/2012	10	0	0.07	0	0.12	0.04
23/07/2012	10	0	0.07	0	0.12	0.04
23/07/2012	25	0.09	0.74	1.22	2.14	0.27
23/07/2012	25	0.09	0.74	1.23	2.14	0.27
23/07/2012	50	0.09	0.78	1.64	2.26	0.29
23/07/2012	50	0.09	0.79	1.66	2.25	0.29
30/07/2012	0	0	0	0.96	0.53	0.04
30/07/2012	0	0	0	0.84	0.53	0.05
30/07/2012	10	0	0	0.65	0.87	0.07
30/07/2012	10	0	0	0.66	0.87	0.07
30/07/2012	25	0	0	0.58	2.37	0.12
30/07/2012	25	0	0	0.56	2.37	0.12
30/07/2012	50	0.04	0.05	0.63	2.94	0.13
30/07/2012	50	0.04	0.05	0.63	2.96	0.13
30/07/2012	0	0	0	0.37	0.52	0.03
30/07/2012	0	0	0	0.37	0.52	0.03
30/07/2012	10	0	0	0.5	0.85	0.06
30/07/2012	10	0	0	0.49	0.86	0.05
30/07/2012	25	0.02	0.02	0.57	2.38	0.12
30/07/2012	25	0.02	0.02	0.57	2.38	0.12
30/07/2012	50	0.04	0.06	0.6	2.98	0.14
30/07/2012	50	0.04	0.07	0.6	2.96	0.14
06/08/2012	0	0	0.11	0.85	0.41	0.07
06/08/2012	0	0	0.11	0.73	0.41	0.07
06/08/2012	10	0.06	0.16	0.96	0.88	0.12
06/08/2012	10	0.06	0.16	0.93	0.88	0.12
06/08/2012	25	0.07	0.21	1.42	1.8	0.18
06/08/2012	25	0.07	0.21	1.43	1.8	0.18
06/08/2012	50	0.07	0.25	1.34	2.08	0.18
06/08/2012	50	0.07	0.25	1.36	2.08	0.18
06/08/2012	0	0	0.12	0.44	0.38	0.05
06/08/2012	0	0	0.12	0.44	0.38	0.05
06/08/2012	10	0.02	0.15	0.7	0.82	0.1
06/08/2012	10	0.02	0.15	0.72	0.82	0.1
06/08/2012	25	0.05	0.19	1.15	1.75	0.15
06/08/2012	25	0.05	0.2	1.15	1.75	0.15
06/08/2012	50	0.05	0.23	1.15	2.06	0.16
06/08/2012	50	0.05	0.23	1.17	2.06	0.16
14/08/2012	0	0.02	0.08	0.9	0.36	0.06
14/08/2012	0	0.02	0.08	0.83	0.35	0.05
14/08/2012	10	0.01	0.08	0.72	0.38	0.05
14/08/2012	10	0.01	0.08	0.77	0.38	0.05
14/08/2012	25	0.12	0.84	1.9	3.26	0.27
14/08/2012	25	0.12	0.84	1.93	3.27	0.27
14/08/2012	50	0.12	0.6	2.4	3.87	0.31
14/08/2012	50	0.12	0.6	2.39	3.87	0.31
14/08/2012	0	0.01	0.06	0.48	0.38	0.03
14/08/2012	0	0.01	0.06	0.5	0.38	0.04
14/08/2012	10	0.01	0.07	0.52	0.37	0.04
14/08/2012	10	0.01	0.07	0.51	0.37	0.04
14/08/2012	25	0.12	0.82	1.77	3.28	0.25
14/08/2012	25	0.12	0.82	1.77	3.28	0.26
14/08/2012	50	0.11	0.59	2.3	3.86	0.3
14/08/2012	50	0.11	0.59	2.32	3.86	0.3
20/08/2012	0	0.1	0.88	1.32	2.01	0.17
20/08/2012	0	0.1	0.91	1.28	2	0.17
20/08/2012	10	0.05	0.36	1.43	1.13	0.13
20/08/2012	10	0.05	0.36	1.41	1.13	0.12
20/08/2012	25	0.09	0.42	2.24	2.03	0.25
20/08/2012	25	0.09	0.43	NA	2.05	0.26
20/08/2012	50	0.15	0.79	3.16	4.02	0.36
20/08/2012	50	0.15	0.78	3.09	4.03	0.36
20/08/2012	0	0.09	1	1.12	1.94	0.15
20/08/2012	0	0.09	1.01	1.12	1.94	0.15
20/08/2012	10	0.05	0.38	1.31	1.09	0.12
20/08/2012	10	0.05	0.38	1.31	1.09	0.12
20/08/2012	25	0.08	0.45	2.17	2.03	0.25
20/08/2012	25	0.08	0.45	2.18	2.03	0.25
20/08/2012	50	0.14	0.79	2.63	3.93	0.36
20/08/2012	50	0.14	0.8	2.61	3.93	0.36
03/09/2012	0	0.17	NA	0.87	3.1	0.17
03/09/2012	0	0.17	NA	0.79	3.11	0.17
03/09/2012	10	0.16	NA	0.82	2.52	0.17
03/09/2012	10	0.16	NA	0.8	2.51	0.17
03/09/2012	25	0.4	NA	2.49	3.09	0.33
03/09/2012	25	0.4	NA	2.49	3.09	0.33
03/09/2012	50	0.4	NA	2.6	3.18	0.34
03/09/2012	50	0.4	NA	2.63	3.19	0.34
03/09/2012	0	0.17	NA	0.63	3.05	0.14
03/09/2012	0	0.17	NA	0.63	3.04	0.14
03/09/2012	10	0.16	NA	0.71	2.48	0.14
03/09/2012	10	0.16	NA	0.68	2.48	0.15
03/09/2012	25	0.4	NA	2.42	3.05	0.31
03/09/2012	25	0.4	NA	2.38	3.05	0.31
03/09/2012	50	0.4	NA	2.52	3.19	0.33
03/09/2012	50	0.4	NA	2.55	3.2	0.33
10/09/2012	0	0.02	0.03	0.8	1.87	0.11
10/09/2012	0	0.02	0.03	0.79	1.87	0.11
10/09/2012	10	0.03	0.05	0.71	1.83	0.12
10/09/2012	10	0.03	0.05	0.72	1.83	0.12
10/09/2012	25	0.53	0.64	1.4	2.48	0.23
10/09/2012	25	0.53	0.64	1.41	2.49	0.23
10/09/2012	50	0.65	1.03	1.8	3.55	0.3
10/09/2012	50	0.65	1.02	1.81	3.53	0.3
10/09/2012	0	0.02	0.03	0.62	1.88	0.13
10/09/2012	0	0.02	0.03	0.6	1.94	0.16
10/09/2012	10	0.02	0.03	0.56	1.82	0.1
10/09/2012	10	0.02	0.03	0.52	1.8	0.1
10/09/2012	25	0.53	0.63	1.33	2.49	0.22
10/09/2012	25	0.53	0.64	NA	2.49	0.22
10/09/2012	50	0.65	1.02	1.69	3.55	0.3
10/09/2012	50	0.65	1.02	1.71	3.55	0.3
17/09/2012	0	0.02	0.07	0.79	0.31	0.09
17/09/2012	0	0.02	0.07	0.75	0.31	0.08
17/09/2012	10	0.02	0.05	0.71	0.29	0.08
17/09/2012	10	0.02	0.05	0.71	0.29	0.08
17/09/2012	25	0.03	0.04	0.69	0.27	0.08
17/09/2012	25	0.03	0.04	0.73	0.27	0.08
17/09/2012	50	1.74	2.66	1.29	4.29	0.39
17/09/2012	50	1.74	2.66	1.28	4.3	0.39
17/09/2012	0	0.02	0.05	0.53	0.29	0.07
17/09/2012	0	0.02	0.03	0.55	0.3	0.09
17/09/2012	10	0.02	0.02	0.56	0.3	0.08
17/09/2012	10	0.02	0.02	0.58	0.3	0.09
17/09/2012	25	0.03	0.05	0.57	0.27	0.09
17/09/2012	25	0.03	0.04	0.55	0.27	0.09
17/09/2012	50	1.75	2.67	1.24	4.33	0.43
17/09/2012	50	1.76	2.68	1.23	4.31	0.41
26/09/2012	0	0.45	1.27	1.07	2.18	0.24
26/09/2012	0	0.45	1.27	0.91	2.17	0.25
26/09/2012	10	0.47	1.34	0.8	2.15	0.26
26/09/2012	10	0.47	1.34	0.82	2.15	0.26
26/09/2012	25	0.47	1.45	0.73	2.13	0.26
26/09/2012	25	0.47	1.44	0.74	2.12	0.26
26/09/2012	50	0.38	1.88	0.72	2.41	0.3
26/09/2012	50	0.38	1.88	0.77	2.43	0.3
26/09/2012	0	0.45	1.28	0.57	2.13	0.22
26/09/2012	0	0.45	1.29	0.55	2.13	0.22
26/09/2012	10	0.46	1.34	0.56	2.11	0.24
26/09/2012	10	0.46	1.34	0.57	2.11	0.24
26/09/2012	25	0.46	1.4	0.54	2.14	0.24
26/09/2012	25	0.46	1.41	0.52	2.14	0.24
26/09/2012	50	0.36	1.96	0.66	2.49	0.29
26/09/2012	50	0.36	1.96	0.64	2.49	0.29
08/10/2012	0	0.58	2.08	0.45	2.03	0.31
08/10/2012	0	0.59	2.06	NA	2.07	0.31
08/10/2012	10	0.48	1.87	0.39	1.92	0.28
08/10/2012	10	0.48	1.87	0.43	1.92	0.28
08/10/2012	25	0.53	2.14	0.33	2.1	0.28
08/10/2012	25	0.53	2.14	0.33	2.1	0.28
08/10/2012	50	0.57	2.31	0.47	2.44	0.33
08/10/2012	50	0.57	2.3	0.47	2.42	0.33
08/10/2012	0	0.46	1.73	0.17	1.84	0.25
08/10/2012	0	0.46	1.73	NA	1.86	0.25
08/10/2012	10	0.52	2.06	0.28	2.06	0.3
08/10/2012	10	0.52	2.04	0.29	2.05	0.3
08/10/2012	25	0.65	2.64	0.18	2.54	0.36
08/10/2012	25	0.65	2.64	0.19	2.49	0.36
08/10/2012	50	0.5	2.04	0.26	2.07	0.27
08/10/2012	50	0.5	2.02	0.27	2.06	0.27
15/10/2012	0	1.12	5.8	0.14	3.81	0.39
15/10/2012	0	1.1	5.73	0.14	3.81	0.39
15/10/2012	10	NA	NA	NA	NA	NA
15/10/2012	10	NA	NA	NA	NA	NA
15/10/2012	25	1.04	3.4	0.29	2.51	0.33
15/10/2012	25	1.04	3.35	0.3	2.52	0.35
15/10/2012	50	1.26	4.42	0.56	3.15	0.45
15/10/2012	50	1.26	4.43	0.53	3.14	0.45
15/10/2012	0	1.11	5.9	0.21	3.35	0.32
15/10/2012	0	NA	5.91	0.21	3.35	0.32
15/10/2012	10	NA	NA	NA	NA	NA
15/10/2012	10	NA	NA	NA	NA	NA
15/10/2012	25	0.93	3.01	0.15	2.5	0.31
15/10/2012	25	0.93	3.01	0.13	2.49	0.31
15/10/2012	50	0.94	3.02	NA	2.5	0.31
15/10/2012	50	0.94	3.02	NA	2.5	0.31
22/10/2012	0	0.92	3.08	NA	2.69	0.32
22/10/2012	0	0.92	3.09	0.14	2.67	0.31
22/10/2012	10	0.9	3.07	NA	2.65	0.31
22/10/2012	10	0.9	3.06	0.14	2.65	0.31
22/10/2012	25	0.85	2.95	NA	2.57	0.31
22/10/2012	25	0.85	2.95	0.25	2.59	0.31
22/10/2012	50	0.78	2.85	0.35	2.55	0.31
22/10/2012	50	0.78	2.85	0.34	2.55	0.31
22/10/2012	0	0.94	3.14	NA	2.66	0.3
22/10/2012	0	0.94	3.14	0.24	2.66	0.3
22/10/2012	10	0.93	3.12	0.28	2.61	0.3
22/10/2012	10	0.93	3.12	0.28	2.61	0.3
22/10/2012	25	0.88	3	NA	2.56	0.29
22/10/2012	25	0.88	3	0.3	2.56	0.29
22/10/2012	50	0.81	2.89	0.31	2.56	0.3
22/10/2012	50	0.81	2.9	0.3	2.55	0.3
30/10/2012	0	1.02	4.14	0.8	3.82	0.33
30/10/2012	0	1.02	4.17	0.8	3.81	0.33
30/10/2012	10	1.03	4.16	0.05	3.76	0.34
30/10/2012	10	1.03	4.16	0.05	3.74	0.34
30/10/2012	25	1.04	4.18	0.07	3.71	0.34
30/10/2012	25	1.04	4.18	0.07	3.71	0.34
30/10/2012	50	1.04	4.17	0.18	3.72	0.34
30/10/2012	50	1.04	4.17	0.16	3.71	0.34
30/10/2012	0	1.03	4.15	0.5	3.71	0.34
30/10/2012	0	1.03	4.15	0.48	3.7	0.34
30/10/2012	10	1.04	4.16	0.21	3.69	0.34
30/10/2012	10	1.04	4.16	0.24	3.68	0.34
30/10/2012	25	1.05	4.17	0.09	3.65	0.35
30/10/2012	25	1.05	4.17	0.1	3.65	0.35
30/10/2012	50	1.05	4.17	0.04	3.66	0.35
30/10/2012	50	1.05	4.17	0.04	3.65	0.35
07/11/2012	0	0.85	6.55	0.11	4.67	0.38
07/11/2012	0	0.85	6.57	0.12	4.66	0.37
07/11/2012	10	0.84	6.23	0.07	4.46	0.37
07/11/2012	10	0.84	6.23	0.07	4.46	0.37
07/11/2012	25	0.78	4.56	0.05	3.62	0.34
07/11/2012	25	0.78	4.56	0.05	3.6	0.34
07/11/2012	50	0.85	4.65	0.04	3.65	0.35
07/11/2012	50	0.86	4.65	0.05	3.65	0.35
07/11/2012	0	0.86	6.6	0.09	4.67	0.38
07/11/2012	0	0.86	6.62	0.08	4.68	0.38
07/11/2012	10	0.85	6.31	0.02	4.52	0.39
07/11/2012	10	0.85	6.31	0.02	4.51	0.39
07/11/2012	25	0.78	4.7	0.02	3.69	0.36
07/11/2012	25	0.78	4.71	0.02	3.69	0.36
07/11/2012	50	0.86	4.8	0.01	3.79	0.36
07/11/2012	50	0.86	4.81	0.01	3.79	0.36
14/11/2012	0	0.53	4.69	0.1	4.06	0.37
14/11/2012	0	0.54	4.76	0.15	4.05	0.37
14/11/2012	10	0.52	4.69	0.09	4.03	0.37
14/11/2012	10	0.52	4.68	0.08	4.03	0.37
14/11/2012	25	0.53	4.71	0.11	4.05	0.38
14/11/2012	25	0.52	4.7	0.12	4.05	0.38
14/11/2012	50	0.53	4.77	0.17	4.05	0.39
14/11/2012	50	0.53	4.77	0.17	4.05	0.39
14/11/2012	0	0.49	4.68	0.06	4.03	0.37
14/11/2012	0	0.49	4.7	0.05	4.01	0.37
14/11/2012	10	0.48	4.69	0.04	4	0.38
14/11/2012	10	0.48	4.69	0.04	4	0.38
14/11/2012	25	0.48	4.7	0.07	3.99	0.38
14/11/2012	25	0.48	4.7	0.06	3.99	0.38
14/11/2012	50	0.49	4.71	0.08	3.99	0.38
14/11/2012	50	0.49	4.71	0.08	3.99	0.38
28/11/2012	0	0.21	8.9	0.22	5.96	0.47
28/11/2012	0	0.21	8.9	0.2	5.96	0.47
28/11/2012	10	0.16	6.75	0.09	5.03	0.45
28/11/2012	10	0.16	6.76	0.09	5.02	0.45
28/11/2012	25	0.08	5.51	0.08	4.84	0.45
28/11/2012	25	0.08	5.49	0.07	4.82	0.45
28/11/2012	50	0.1	4.74	0.09	4.36	0.43
28/11/2012	50	0.1	4.74	0.08	4.36	0.43
28/11/2012	0	0.21	8.87	NA	5.88	0.48
28/11/2012	0	0.21	8.87	NA	5.86	0.49
28/11/2012	10	0.15	6.76	NA	4.94	0.47
28/11/2012	10	0.15	6.73	NA	4.93	0.46
28/11/2012	25	0.08	5.49	NA	4.71	0.46
28/11/2012	25	0.08	5.5	NA	4.72	0.46
28/11/2012	50	0.1	4.71	NA	4.31	0.43
28/11/2012	50	0.1	4.73	NA	4.32	0.43
05/12/2012	0	0.15	6.63	0.08	4.79	0.45
05/12/2012	0	0.15	6.64	0.08	4.79	0.45
05/12/2012	10	0.1	4.5	0.06	3.88	0.41
05/12/2012	10	0.1	4.49	0.07	3.88	0.41
05/12/2012	25	0.16	6.99	0.1	4.9	0.45
05/12/2012	25	0.16	7	0.1	4.89	0.45
05/12/2012	50	0.16	6.98	0.1	4.88	0.46
05/12/2012	50	0.16	6.98	0.09	4.87	0.46
05/12/2012	0	0.14	6.63	0.09	4.76	0.43
05/12/2012	0	0.14	6.66	0.07	4.76	0.43
05/12/2012	10	0.1	4.53	0.05	3.87	0.39
05/12/2012	10	0.1	4.53	0.06	3.86	0.39
05/12/2012	25	0.15	7	0.15	4.86	0.44
05/12/2012	25	0.15	7.02	0.11	4.88	0.44
05/12/2012	50	0.15	6.98	NA	4.86	0.45
05/12/2012	50	0.15	6.99	0.08	4.86	0.45
10/12/2012	0	0.15	6.56	NA	5.48	0.42
10/12/2012	0	0.15	6.6	NA	5.48	0.42
10/12/2012	10	0.15	6.47	NA	5.43	0.43
10/12/2012	10	0.15	6.48	NA	5.43	0.43
10/12/2012	25	0.07	5.05	NA	4.89	0.41
10/12/2012	25	0.07	5.07	NA	4.89	0.41
10/12/2012	50	0.07	5.09	NA	4.97	0.42
10/12/2012	50	0.07	5.1	NA	4.97	0.42
10/12/2012	0	0.16	6.59	0.34	5.54	0.44
10/12/2012	0	0.16	6.59	0.34	5.54	0.44
10/12/2012	10	0.16	6.41	0.26	5.47	0.44
10/12/2012	10	0.16	6.42	0.27	5.46	0.44
10/12/2012	25	0.08	4.96	0.14	4.94	0.43
10/12/2012	25	0.08	4.96	0.16	4.94	0.43
10/12/2012	50	0.08	4.94	0.1	5.01	0.42
10/12/2012	50	0.08	4.94	0.1	5.02	0.43
18/12/2012	0	0.18	6.85	NA	5.52	0.48
18/12/2012	0	0.18	6.97	NA	5.52	0.48
18/12/2012	10	0.18	6.74	NA	5.35	0.48
18/12/2012	10	0.18	6.8	NA	5.35	0.48
18/12/2012	25	0.13	6.16	NA	5.04	0.46
18/12/2012	25	0.13	6.16	NA	5.05	0.46
18/12/2012	50	0.1	5.78	NA	4.89	0.45
18/12/2012	50	0.1	5.77	NA	4.89	0.45
18/12/2012	0	0.16	7.19	NA	5.45	0.46
18/12/2012	0	0.16	7.18	NA	5.45	0.46
18/12/2012	10	0.16	6.88	NA	5.26	0.45
18/12/2012	10	0.16	6.86	NA	5.23	0.45
18/12/2012	25	0.11	6.19	NA	5	0.44
18/12/2012	25	0.11	6.2	NA	4.99	0.44
18/12/2012	50	0.08	5.86	NA	4.96	0.44
18/12/2012	50	0.08	5.8	NA	4.91	0.44
09/01/2013	0	0.11	8.43	NA	5.33	0.56
09/01/2013	0	0.11	8.4	NA	5.32	0.56
09/01/2013	10	0.11	8.43	0.8	5.33	0.56
09/01/2013	10	0.11	8.4	0.8	5.32	0.56
09/01/2013	25	0.07	7.1	0.77	4.46	0.55
09/01/2013	25	0.07	7.11	0.77	4.46	0.55
09/01/2013	50	0.08	7.31	0.77	4.62	0.54
09/01/2013	50	0.08	7.3	0.76	4.6	0.54
09/01/2013	0	0.08	8.45	NA	5.21	0.51
09/01/2013	0	0.08	8.46	NA	5.2	0.51
09/01/2013	10	0.08	8.45	0.76	5.21	0.51
09/01/2013	10	0.08	8.46	0.76	5.2	0.51
09/01/2013	25	0.05	7.21	0.76	4.4	0.52
09/01/2013	25	0.05	7.21	0.75	4.39	0.52
09/01/2013	50	0.06	7.35	0.74	4.52	0.51
09/01/2013	50	0.06	7.35	0.73	4.52	0.51
14/01/2013	0	0.06	7.11	0.7	4.7	0.52
14/01/2013	0	0.06	7.13	0.7	4.71	0.52
14/01/2013	10	0.05	7.11	0.7	4.67	0.51
14/01/2013	10	0.05	7.11	0.68	4.66	0.51
14/01/2013	25	0.05	7.11	0.69	4.67	0.52
14/01/2013	25	0.05	7.11	0.68	4.67	0.52
14/01/2013	50	0.05	7.12	0.71	4.67	0.52
14/01/2013	50	0.05	7.15	0.71	4.69	0.52
14/01/2013	0	0.05	7.21	0.7	4.69	0.5
14/01/2013	0	0.05	7.22	0.69	4.69	0.5
14/01/2013	10	0.04	7.17	0.73	4.65	0.5
14/01/2013	10	0.04	7.18	0.71	4.65	0.5
14/01/2013	25	0.06	7.18	0.69	4.7	0.52
14/01/2013	25	0.06	7.18	0.69	4.7	0.52
14/01/2013	50	0.06	7.2	0.68	4.69	0.52
14/01/2013	50	0.06	7.2	0.67	4.69	0.52
21/01/2013	0	0.07	6.95	0.46	4.96	0.51
21/01/2013	0	0.07	6.98	0.46	4.96	0.5
21/01/2013	10	0.07	7.01	0.45	4.91	0.5
21/01/2013	10	0.07	7.02	0.45	4.91	0.5
21/01/2013	25	0.07	7.01	0.46	4.89	0.5
21/01/2013	25	0.07	7	0.48	4.89	0.5
21/01/2013	50	0.07	6.76	0.46	4.61	0.49
21/01/2013	50	0.07	6.77	0.46	4.6	0.49
21/01/2013	0	0.07	7.05	0.47	4.92	0.49
21/01/2013	0	0.07	7.08	0.47	4.92	0.49
21/01/2013	10	0.07	7.14	0.48	4.88	0.5
21/01/2013	10	0.07	7.15	0.46	4.89	0.49
21/01/2013	25	0.06	7.01	0.46	4.78	0.49
21/01/2013	25	0.06	6.99	0.46	4.79	0.49
21/01/2013	50	0.07	6.8	0.43	4.55	0.49
21/01/2013	50	0.07	6.8	0.47	4.57	0.49
11/02/2013	0	0.22	9.52	0.09	5.8	0.53
11/02/2013	0	0.22	9.47	0.09	5.8	0.53
11/02/2013	10	0.17	8.51	0.09	5.29	0.52
11/02/2013	10	0.17	8.51	0.08	5.29	0.52
11/02/2013	25	0.16	7.93	0	5.01	0.52
11/02/2013	25	0.16	7.93	0	5.01	0.52
11/02/2013	50	0.14	7.64	0.05	4.87	0.51
11/02/2013	50	0.14	7.64	0.04	4.87	0.51
11/02/2013	0	0.2	9.56	NA	5.76	0.51
11/02/2013	0	0.2	9.56	0.06	5.75	0.51
11/02/2013	10	0.16	8.59	0.05	5.28	0.5
11/02/2013	10	0.16	8.58	0.06	5.27	0.5
11/02/2013	25	0.16	7.97	0	5	0.52
11/02/2013	25	0.16	7.97	0	5	0.52
11/02/2013	50	0.13	7.66	0	4.83	0.49
11/02/2013	50	0.13	7.67	0	4.83	0.49
19/02/2013	0	0.18	7.94	0.14	4.94	0.57
19/02/2013	0	0.18	7.93	0.14	4.93	0.57
19/02/2013	10	0.49	8.5	0.16	4.97	0.65
19/02/2013	10	0.49	8.48	0.19	4.97	0.65
19/02/2013	25	0.18	7.71	0.14	4.72	0.57
19/02/2013	25	0.18	7.7	0.14	4.73	0.57
19/02/2013	50	0.17	7.16	0.11	4.28	0.54
19/02/2013	50	0.17	7.18	0.11	4.29	0.54
19/02/2013	0	0.18	7.91	NA	4.89	0.56
19/02/2013	0	0.18	7.93	NA	4.89	0.56
19/02/2013	10	0.49	8.42	0.16	4.93	0.64
19/02/2013	10	0.49	8.43	0.15	4.94	0.64
19/02/2013	25	0.18	7.71	0.13	4.7	0.56
19/02/2013	25	0.18	7.67	0.11	4.69	0.56
19/02/2013	50	0.18	7.11	0.12	4.24	0.54
19/02/2013	50	0.18	7.11	0.12	4.24	0.54
25/02/2013	0	0.19	8.16	0.09	5.99	0.51
25/02/2013	0	0.19	8.19	0.09	5.95	0.51
25/02/2013	10	0.19	8.36	0.09	5.91	0.53
25/02/2013	10	0.19	8.37	0.09	5.91	0.52
25/02/2013	25	0.19	8.08	0.1	5.63	0.54
25/02/2013	25	0.19	8.07	0.1	5.63	0.54
25/02/2013	50	0.21	7.9	0.08	5.16	0.53
25/02/2013	50	0.21	7.92	0.08	5.17	0.53
25/02/2013	0	0.19	8.22	0.1	5.72	0.51
25/02/2013	0	0.19	8.22	0.12	5.71	0.51
25/02/2013	10	0.19	8.34	0.08	5.68	0.51
25/02/2013	10	0.19	8.33	0.08	5.68	0.51
25/02/2013	25	0.19	8.03	0.1	5.35	0.53
25/02/2013	25	0.19	8.03	0.1	5.34	0.53
25/02/2013	50	0.21	7.82	0.1	4.94	0.53
25/02/2013	50	0.21	7.82	0.09	4.94	0.53
13/03/2013	0	0.18	6.63	0.26	4.12	0.43
13/03/2013	0	0.18	6.63	0.25	4.12	0.43
13/03/2013	10	NA	NA	NA	NA	NA
13/03/2013	10	NA	NA	NA	NA	NA
13/03/2013	25	0.18	6.66	0.21	4.1	0.44
13/03/2013	25	0.18	6.68	0.2	4.12	0.44
13/03/2013	50	0.17	6.57	0.17	4.06	0.43
13/03/2013	50	0.17	6.58	0.17	4.06	0.43
13/03/2013	0	0.18	6.63	0.31	4.08	0.42
13/03/2013	0	0.18	6.65	0.3	4.08	0.42
13/03/2013	10	NA	NA	NA	NA	NA
13/03/2013	10	NA	NA	NA	NA	NA
13/03/2013	25	0.17	6.67	NA	4.08	0.43
13/03/2013	25	0.17	6.68	0.31	4.09	0.43
13/03/2013	50	0.17	6.58	0.33	4.05	0.42
13/03/2013	50	0.17	6.58	0.29	4.05	0.42
19/03/2013	0	0.19	7.94	0.36	5.13	0.5
19/03/2013	0	0.19	7.95	0.34	5.12	0.5
19/03/2013	10	0.17	7.07	0.16	4.63	0.52
19/03/2013	10	0.17	7.06	0.17	4.63	0.52
19/03/2013	25	0.19	7.17	0.27	4.5	0.49
19/03/2013	25	0.19	7.17	0.27	4.51	0.49
19/03/2013	50	0.19	6.85	0.29	4.35	0.49
19/03/2013	50	0.19	6.86	0.28	4.35	0.49
19/03/2013	0	0.19	7.88	0.32	5.13	0.5
19/03/2013	0	0.19	7.89	0.33	5.11	0.5
19/03/2013	10	0.17	7.05	0.17	4.61	0.51
19/03/2013	10	0.17	7.04	0.17	4.61	0.51
19/03/2013	25	0.19	7.14	0.26	4.47	0.49
19/03/2013	25	0.19	7.13	0.27	4.48	0.49
19/03/2013	50	0.19	6.81	0.31	4.31	0.49
19/03/2013	50	0.19	6.82	0.32	4.31	0.49
25/03/2013	0	0.23	6.84	0.15	3.89	0.5
25/03/2013	0	0.23	6.88	0.15	3.91	0.5
25/03/2013	10	0.22	6.97	0.18	3.92	0.53
25/03/2013	10	0.22	6.97	0.19	3.92	0.52
25/03/2013	25	0.23	6.98	0.19	3.9	0.49
25/03/2013	25	0.23	6.99	0.18	3.88	0.49
25/03/2013	50	0.21	6.62	0.24	3.45	0.49
25/03/2013	50	0.21	6.63	0.24	3.45	0.49
25/03/2013	0	0.22	7.07	0.17	3.89	0.5
25/03/2013	0	0.22	7.07	0.17	3.9	0.52
25/03/2013	10	0.23	7.09	0.16	3.91	0.51
25/03/2013	10	0.23	7.09	0.17	3.92	0.51
25/03/2013	25	0.23	7.09	0.19	3.89	0.49
25/03/2013	25	0.23	7.1	0.19	3.9	0.49
25/03/2013	50	0.21	6.72	0.24	3.47	0.47
25/03/2013	50	0.21	6.73	0.24	3.46	0.48
03/04/2013	0	0.24	7.07	NA	3.87	0.49
03/04/2013	0	0.24	7.08	NA	3.87	0.49
03/04/2013	10	0.24	NA	NA	3.88	0.49
03/04/2013	10	0.24	7.07	NA	3.88	0.49
03/04/2013	25	0.24	7.06	NA	3.87	0.5
03/04/2013	25	0.24	7.06	NA	3.87	0.5
03/04/2013	50	0.25	7.04	NA	3.87	0.49
03/04/2013	50	0.25	7.05	NA	3.86	0.49
03/04/2013	0	0.22	6.9	NA	3.82	0.47
03/04/2013	0	0.22	6.9	NA	3.82	0.47
03/04/2013	10	0.24	6.88	NA	3.85	0.48
03/04/2013	10	0.24	6.88	NA	3.85	0.48
03/04/2013	25	0.24	6.86	NA	3.88	0.49
03/04/2013	25	0.24	6.86	NA	3.88	0.49
03/04/2013	50	0.24	6.85	NA	3.84	0.49
03/04/2013	50	0.24	6.85	NA	3.85	0.49
09/04/2013	0	0.26	7.78	0.42	4.47	0.5
09/04/2013	0	0.26	7.75	0.41	4.46	0.5
09/04/2013	10	0.27	7.8	0.41	4.47	0.54
09/04/2013	10	0.27	7.8	0.41	4.46	0.54
09/04/2013	25	0.26	7.6	0.41	4.24	0.54
09/04/2013	25	0.26	7.6	0.41	4.23	0.54
09/04/2013	50	0.25	6.99	0.4	3.66	0.47
09/04/2013	50	0.25	6.99	0.39	3.66	0.47
09/04/2013	0	0.26	7.84	0.39	4.44	0.5
09/04/2013	0	0.26	7.88	0.39	4.44	0.5
09/04/2013	10	0.26	7.94	0.44	4.45	0.53
09/04/2013	10	0.26	7.94	0.44	4.44	0.53
09/04/2013	25	0.26	7.71	NA	4.24	0.53
09/04/2013	25	0.26	7.71	0.44	4.24	0.53
09/04/2013	50	0.24	7.08	0.41	3.66	0.47
09/04/2013	50	0.24	7.08	0.42	3.65	0.47
17/04/2013	0	0.25	7.66	0.31	3.9	0.45
17/04/2013	0	0.25	7.68	0.32	3.91	0.45
17/04/2013	10	0.25	7.47	0.32	3.79	0.45
17/04/2013	10	0.25	7.47	0.31	3.78	0.45
17/04/2013	25	0.26	7.37	0.55	3.67	0.49
17/04/2013	25	0.26	7.37	0.52	3.67	0.49
17/04/2013	50	0.28	7.52	0.71	3.77	0.58
17/04/2013	50	0.28	7.52	0.68	3.78	0.58
17/04/2013	0	0.24	7.72	0.41	3.9	0.44
17/04/2013	0	0.24	NA	0.42	3.91	0.45
17/04/2013	10	0.24	7.57	0.37	3.74	0.45
17/04/2013	10	0.24	7.53	0.39	3.76	0.44
17/04/2013	25	0.26	7.38	0.58	3.67	0.47
17/04/2013	25	0.26	7.4	0.6	3.68	0.47
17/04/2013	50	0.28	7.54	0.7	3.77	0.59
17/04/2013	50	0.28	7.54	0.68	3.78	0.59
22/04/2013	0	0.19	6.96	0.27	3.32	0.35
22/04/2013	0	0.19	6.95	0.27	3.3	0.35
22/04/2013	10	0.2	7.18	0.39	3.62	0.38
22/04/2013	10	0.2	7.18	NA	3.63	0.38
22/04/2013	25	0.22	6.75	0.38	3.22	0.42
22/04/2013	25	0.22	6.75	0.36	3.22	0.42
22/04/2013	50	0.23	6.81	0.5	3.32	0.44
22/04/2013	50	0.23	6.79	0.54	3.33	0.44
22/04/2013	0	0.19	6.96	NA	3.35	0.35
22/04/2013	0	0.19	6.98	NA	3.35	0.35
22/04/2013	10	0.19	7.19	0.32	3.62	0.38
22/04/2013	10	0.19	7.22	0.32	3.62	0.38
22/04/2013	25	0.23	6.78	0.42	3.22	0.42
22/04/2013	25	0.24	6.8	NA	3.22	0.42
22/04/2013	50	0.23	6.8	0.52	3.4	0.44
22/04/2013	50	0.23	6.81	0.49	3.38	0.44
29/04/2013	0	0.19	6.84	0.52	3.56	0.43
29/04/2013	0	0.19	6.84	0.52	3.56	0.43
29/04/2013	10	0.19	6.59	0.67	3.38	0.41
29/04/2013	10	0.19	6.59	0.69	3.38	0.41
29/04/2013	25	0.19	6.6	0.54	3.45	0.43
29/04/2013	25	0.19	6.6	0.55	3.44	0.43
29/04/2013	50	0.2	6.67	0.64	3.52	0.43
29/04/2013	50	0.2	6.68	0.62	3.52	0.43
29/04/2013	0	0.19	6.85	0.54	3.55	0.43
29/04/2013	0	0.19	6.85	0.54	3.56	0.43
29/04/2013	10	0.19	6.59	0.69	3.58	0.41
29/04/2013	10	0.19	6.59	0.69	3.38	0.41
29/04/2013	25	0.19	6.59	0.56	3.44	0.43
29/04/2013	25	0.19	6.6	0.55	3.43	0.42
29/04/2013	50	0.19	6.64	0.61	3.49	0.43
29/04/2013	50	0.19	6.64	0.6	3.49	0.43
07/05/2013	0	0.13	2.96	0.36	2.08	0.18
07/05/2013	0	0.13	2.96	0.37	2.07	0.18
07/05/2013	10	0.14	3.2	0.44	1.95	0.21
07/05/2013	10	0.14	3.19	0.42	1.96	0.21
07/05/2013	25	0.21	6.26	0.57	3.09	0.4
07/05/2013	25	0.21	6.26	0.58	3.09	0.41
07/05/2013	50	0.2	6.21	0.63	2.97	0.4
07/05/2013	50	0.2	6.23	0.62	2.97	0.4
07/05/2013	0	0.14	NA	0.38	2.05	0.18
07/05/2013	0	0.14	2.98	0.34	2.05	0.18
07/05/2013	10	0.13	3.22	0.41	1.95	0.18
07/05/2013	10	0.13	3.22	0.41	1.94	0.18
07/05/2013	25	0.2	6.25	0.61	3.07	0.4
07/05/2013	25	0.2	6.27	NA	3.08	0.4
07/05/2013	50	0.21	6.19	NA	2.96	0.4
07/05/2013	50	0.21	6.19	0.58	2.96	0.4
15/05/2013	0	0.09	2	0.7	0.4	0.16
15/05/2013	0	0.09	2	0.7	0.39	0.16
15/05/2013	10	0.08	2.01	0.73	0.37	0.15
15/05/2013	10	0.08	2	0.73	0.32	0.15
15/05/2013	25	0.07	2	0.71	0.35	0.15
15/05/2013	25	0.07	2	0.72	0.35	0.15
15/05/2013	50	0.13	3.28	1.39	0.61	0.29
15/05/2013	50	0.14	3.28	1.4	0.6	0.29
15/05/2013	0	NA	2.04	0.72	0.33	0.14
15/05/2013	0	NA	2.05	0.73	0.33	0.14
15/05/2013	10	NA	2.1	0.79	0.34	0.14
15/05/2013	10	NA	2.1	0.8	0.35	0.14
15/05/2013	25	NA	2.05	0.72	0.31	0.15
15/05/2013	25	NA	2.05	0.7	0.31	0.15
15/05/2013	50	NA	3.29	1.37	0.58	0.27
15/05/2013	50	NA	3.3	1.36	0.58	0.27
20/05/2013	0	0.03	0.23	0.29	0.31	0.06
20/05/2013	0	0.03	0.23	0.29	0.31	0.06
20/05/2013	10	0	0.08	0.3	0.19	0.05
20/05/2013	10	0	0.08	0.3	0.2	0.05
20/05/2013	25	0.04	0.88	0.44	0.13	0.08
20/05/2013	25	0.04	0.88	0.44	0.13	0.08
20/05/2013	50	0.16	3.23	1.69	0.71	0.34
20/05/2013	50	0.16	3.23	1.71	0.71	0.34
20/05/2013	0	0.03	0.21	0.3	0.29	0.07
20/05/2013	0	0.03	0.21	0.29	0.28	0.06
20/05/2013	10	0	0.07	0.31	0.17	0.04
20/05/2013	10	0	0.07	0.29	0.17	0.04
20/05/2013	25	0.04	0.84	0.42	0.11	0.07
20/05/2013	25	0.04	0.84	0.44	0.11	0.07
20/05/2013	50	0.16	3.16	1.7	0.7	0.34
20/05/2013	50	0.16	3.16	1.7	0.69	0.34
29/05/2013	0	0	0.01	0.31	0.68	0.06
29/05/2013	0	0	0.01	0.32	0.69	0.06
29/05/2013	10	0	0.01	0.32	0.7	0.07
29/05/2013	10	0	0.01	0.32	0.7	0.07
29/05/2013	25	0.02	0.07	0.36	0.77	0.1
29/05/2013	25	0.02	0.08	0.37	0.77	0.1
29/05/2013	50	0.02	0.09	0.37	0.78	0.11
29/05/2013	50	0.02	0.09	0.37	0.79	0.1
29/05/2013	0	0	0.1	0.35	0.66	0.05
29/05/2013	0	0	0.1	0.35	0.65	0.05
29/05/2013	10	0	0.1	0.35	0.69	0.07
29/05/2013	10	0	0.1	0.33	0.69	0.07
29/05/2013	25	0.01	0.05	0.37	0.76	0.09
29/05/2013	25	0.01	0.05	0.36	0.75	0.09
29/05/2013	50	0.02	0.06	0.35	0.8	0.1
29/05/2013	50	0.02	0.05	0.35	0.8	0.1
03/06/2013	0	0	0.01	0.31	0.85	0.12
03/06/2013	0	0	0.01	0.31	0.85	0.12
03/06/2013	10	0	0.01	0.27	0.83	0.06
03/06/2013	10	0	0.01	0.27	0.83	0.06
03/06/2013	25	0	0.01	0.27	1.08	0.12
03/06/2013	25	0	0.01	0.27	1.08	0.12
03/06/2013	50	0.02	0.03	0.27	1.22	0.2
03/06/2013	50	0.02	0.03	0.27	1.22	0.19
03/06/2013	0	0	0.02	0.29	0.85	0.12
03/06/2013	0	0	0.02	0.29	0.85	0.12
03/06/2013	10	0	0.02	0.29	0.83	0.06
03/06/2013	10	0	0.02	0.29	0.84	0.06
03/06/2013	25	0	0.02	0.25	1.09	0.11
03/06/2013	25	0	0.03	0.25	1.08	0.11
03/06/2013	50	0	0.03	0.27	1.23	0.17
03/06/2013	50	0	0.03	0.27	1.23	0.17
10/06/2013	0	NA	NA	NA	NA	NA
10/06/2013	0	NA	NA	NA	NA	NA
10/06/2013	10	0	0.02	0.4	0.5	0.04
10/06/2013	10	0	0.02	0.4	0.51	0.04
10/06/2013	25	0	0.02	0.43	0.54	0.03
10/06/2013	25	0	0.02	0.43	0.54	0.03
10/06/2013	50	0	0.02	0.4	1.43	0.09
10/06/2013	50	0	0.02	0.4	1.43	0.09
10/06/2013	0	NA	NA	NA	NA	NA
10/06/2013	0	NA	NA	NA	NA	NA
10/06/2013	10	0	0.01	0.39	0.51	0.03
10/06/2013	10	0	0.01	0.4	0.51	0.03
10/06/2013	25	0	0.02	0.42	0.52	0.03
10/06/2013	25	0	0.03	0.41	0.52	0.03
10/06/2013	50	0	0.02	0.4	1.44	0.09
10/06/2013	50	0	0.02	0.4	1.44	0.09
17/06/2013	0	0.01	0.05	0.11	0.8	0.06
17/06/2013	0	0.01	0.05	0.12	0.8	0.06
17/06/2013	10	0	0.03	0.09	0.83	0.05
17/06/2013	10	0	0.03	0.09	0.83	0.05
17/06/2013	25	0	0.06	0.11	0.85	0.04
17/06/2013	25	0	0.06	0.11	0.85	0.04
17/06/2013	50	0	0.04	0.09	2.11	0.1
17/06/2013	50	0	0.04	0.09	2.12	0.1
17/06/2013	0	0.01	0.07	0.13	NA	0.05
17/06/2013	0	0.01	0.07	0.13	NA	0.05
17/06/2013	10	0	0.04	0.09	NA	0.03
17/06/2013	10	0	0.03	0.09	NA	0.03
17/06/2013	25	0	0.04	0.09	NA	0.03
17/06/2013	25	0	0.03	0.09	NA	0.03
17/06/2013	50	0	0.03	0.08	NA	0.09
17/06/2013	50	0	0.04	0.08	NA	0.09
24/06/2013	0	0	0	0.25	NA	0.05
24/06/2013	0	0	0	0.26	NA	0.05
24/06/2013	10	0	0	0.26	NA	0.05
24/06/2013	10	0	0	0.26	NA	0.05
24/06/2013	25	0	0	0.28	NA	0.06
24/06/2013	25	0	0	0.29	NA	0.06
24/06/2013	50	0	0.1	0.52	NA	0.13
24/06/2013	50	0	0.1	0.52	NA	0.13
24/06/2013	0	0	0	0.26	NA	0.04
24/06/2013	0	0	0	0.26	NA	0.04
24/06/2013	10	0	0	0.27	NA	0.04
24/06/2013	10	0	0	0.27	NA	0.04
24/06/2013	25	0.01	0.02	0.31	NA	0.05
24/06/2013	25	0.01	0.02	0.31	NA	0.05
24/06/2013	50	0.01	0.02	0.49	NA	0.1
24/06/2013	50	0.01	0.02	0.49	NA	0.11
01/07/2013	0	0.03	0.07	0.05	NA	0.05
01/07/2013	0	0.03	0.07	0.05	NA	0.05
01/07/2013	10	0.02	0.08	0.14	NA	0.05
01/07/2013	10	0.02	0.08	0.13	NA	0.05
01/07/2013	25	0.04	0.75	2.64	2.28	0.22
01/07/2013	25	0.04	0.75	2.63	2.29	0.22
01/07/2013	50	0.05	0.84	2.78	2.43	0.25
01/07/2013	50	0.05	0.84	2.78	2.42	0.25
01/07/2013	0	0.02	NA	0.04	1.33	0.03
01/07/2013	0	0.02	0.08	NA	1.33	0.03
01/07/2013	10	0.01	0.08	0.15	0.92	0.03
01/07/2013	10	0.01	0.07	NA	0.91	0.03
01/07/2013	25	0.04	0.74	2.63	2.24	0.22
01/07/2013	25	0.04	0.75	2.63	2.25	0.22
01/07/2013	50	0.82	2.79	2.39	0.25	NA
01/07/2013	50	0.82	2.8	2.39	0.25	NA
08/07/2013	0	0.01	0.02	0	0.21	0.01
08/07/2013	0	0.01	0.02	0	0.2	0.01
08/07/2013	10	0.01	0.07	0.07	0.18	0.01
08/07/2013	10	0.01	0.07	0.08	0.2	0.01
08/07/2013	25	0.06	0.89	1.55	0.9	0.1
08/07/2013	25	0.06	0.89	1.56	0.9	0.1
08/07/2013	50	0.07	1.01	2.05	1.07	0.14
08/07/2013	50	0.07	1.01	2.05	1.07	0.14
08/07/2013	0	0.04	NA	NA	0.21	0.01
08/07/2013	0	0.03	0.04	0.06	0.19	0.01
08/07/2013	10	0.01	0.1	0.14	0.2	0.01
08/07/2013	10	0.01	0.09	0.13	0.21	0.01
08/07/2013	25	0.06	0.9	1.64	0.91	0.09
08/07/2013	25	0.06	0.9	1.64	0.92	0.09
08/07/2013	50	0.06	1	2.1	1.11	0.13
08/07/2013	50	0.06	1	2.1	1.11	0.13
15/07/2013	0	0.01	0.03	0	0.2	0.01
15/07/2013	0	0.01	0.03	0	0.2	0.01
15/07/2013	10	0.03	0.07	0	0.28	0.02
15/07/2013	10	0.03	0.07	0	0.28	0.02
15/07/2013	25	0.05	0.62	0.77	0.66	0.08
15/07/2013	25	0.05	0.62	0.77	0.66	0.08
15/07/2013	50	0.06	0.97	1.29	1	0.12
15/07/2013	50	0.06	0.98	1.3	1	0.12
15/07/2013	0	0.01	0.05	0	0.18	0.01
15/07/2013	0	0.01	NA	0	0.17	0.01
15/07/2013	10	0.04	0.09	0	0.27	0.02
15/07/2013	10	0.04	0.09	0	0.27	0.02
15/07/2013	25	0.05	0.65	0.76	0.68	0.07
15/07/2013	25	0.05	0.67	0.75	0.68	0.07
15/07/2013	50	0.05	0.99	1.28	1.01	0.11
15/07/2013	50	0.05	0.99	1.28	1.02	0.11
22/07/2013	0	0	0.01	0.09	0.25	0.01
22/07/2013	0	0	0.01	0.07	0.25	0.01
22/07/2013	10	0	0.01	0.07	0.25	0.03
22/07/2013	10	0	0.01	0.07	0.25	0.03
22/07/2013	25	0	0.02	0.05	0.25	0.04
22/07/2013	25	0	0.02	0.04	0.25	0.04
22/07/2013	50	0.01	0.06	0.21	0.72	0.06
22/07/2013	50	0.01	0.05	0.22	0.72	0.06
22/07/2013	0	0	NA	NA	0.22	0
22/07/2013	0	0	NA	NA	0.22	0
22/07/2013	10	0	0.02	0.14	0.22	0
22/07/2013	10	0	0.02	0.13	0.22	0
22/07/2013	25	0	0	0.11	0.23	0
22/07/2013	25	0	0	0.11	0.23	0
22/07/2013	50	0	0.04	0.23	0.71	0.05
22/07/2013	50	0	0.04	0.23	0.71	0.05
30/07/2013	0	0	0	0.29	0.33	0.05
30/07/2013	0	0	0	0.29	0.33	0.05
30/07/2013	10	0.02	0.04	0.32	0.36	0.06
30/07/2013	10	0.03	0.05	0.33	0.35	0.07
30/07/2013	25	0.06	0.55	1.33	1.16	0.12
30/07/2013	25	0.06	0.58	1.33	NA	0.13
30/07/2013	50	0.08	0.92	2.06	2.05	0.19
30/07/2013	50	0.08	0.92	2.05	2.04	0.19
30/07/2013	0	0	0.04	0.44	0.34	0.04
30/07/2013	0	0	0.03	NA	0.34	0.04
30/07/2013	10	0.02	0.05	0.33	0.37	0.05
30/07/2013	10	0.02	0.05	0.34	0.37	0.05
30/07/2013	25	0.05	0.55	1.32	1.17	0.11
30/07/2013	25	0.05	0.55	0.32	1.17	0.11
30/07/2013	50	0.07	0.92	2.06	2.06	0.17
30/07/2013	50	0.07	0.9	2.06	2.06	0.17
06/08/2013	0	NA	0.03	NA	0.3	NA
06/08/2013	0	NA	0.03	NA	0.3	NA
06/08/2013	10	NA	0.01	NA	0.3	NA
06/08/2013	10	NA	0.01	NA	0.3	NA
06/08/2013	25	NA	0.22	NA	0.63	NA
06/08/2013	25	NA	0.22	NA	0.63	NA
06/08/2013	50	NA	1.55	NA	2.51	NA
06/08/2013	50	NA	1.56	NA	2.51	NA
06/08/2013	0	NA	0.05	NA	0.29	NA
06/08/2013	0	NA	0.05	NA	0.29	NA
06/08/2013	10	NA	0.03	NA	0.29	NA
06/08/2013	10	NA	0.03	NA	0.29	NA
06/08/2013	25	NA	0.22	NA	0.63	NA
06/08/2013	25	NA	0.21	NA	0.64	NA
06/08/2013	50	NA	1.58	NA	2.54	NA
06/08/2013	50	NA	1.59	NA	2.53	NA
12/08/2013	0	0.01	0.02	0.42	0.35	0.03
12/08/2013	0	0.01	0.02	0.42	0.36	0.03
12/08/2013	10	0.06	0.68	0.68	1	0.05
12/08/2013	10	0.06	0.66	0.68	1.02	0.05
12/08/2013	25	0.14	1.95	2.84	2.13	0.21
12/08/2013	25	0.14	1.95	2.82	2.14	0.21
12/08/2013	50	0.15	2.13	3.15	2.54	0.26
12/08/2013	50	0.15	2.14	NA	2.54	0.26
12/08/2013	0	0	0.03	0.5	0.33	0.02
12/08/2013	0	NA	NA	NA	NA	NA
12/08/2013	10	0.05	0.67	0.71	1	0.04
12/08/2013	10	0.05	0.69	0.71	1	0.04
12/08/2013	25	0.13	1.96	2.84	2.18	0.2
12/08/2013	25	0.13	1.97	2.82	2.16	0.2
12/08/2013	50	0.14	2.12	3.14	2.54	0.23
12/08/2013	50	0.14	2.12	3.15	2.54	0.23
19/08/2013	0	0	0.04	0.02	0.34	0.02
19/08/2013	0	0	0.04	0.02	0.34	0.02
19/08/2013	10	0	0.02	0.02	0.28	0.03
19/08/2013	10	0	0.02	0.02	0.27	0.03
19/08/2013	25	0.2	1.23	0.76	1.17	0.09
19/08/2013	25	0.2	1.23	0.78	1.17	0.09
19/08/2013	50	0.53	2.97	2.65	2.83	0.3
19/08/2013	50	0.53	2.97	2.63	2.83	0.3
19/08/2013	0	0	0.03	0.02	0.26	0.02
19/08/2013	0	0	0.03	0.02	0.26	0.02
19/08/2013	10	0	0.02	0.02	0.12	0.03
19/08/2013	10	0	0.02	0.02	0.13	0.03
19/08/2013	25	0.2	1.23	0.69	1.01	0.08
19/08/2013	25	0.2	1.23	0.69	1	0.08
19/08/2013	50	0.53	2.97	2.56	2.6	0.29
19/08/2013	50	0.53	2.97	2.54	2.61	0.3
27/08/2013	0	0.01	0.04	0.37	0.38	0.02
27/08/2013	0	0.01	0.04	0.36	0.38	0.02
27/08/2013	10	0.41	1.16	0.4	1.25	0.04
27/08/2013	10	0.41	1.16	0.4	1.24	0.04
27/08/2013	25	0.97	2.85	0.88	2.12	0.14
27/08/2013	25	0.97	2.84	0.87	2.12	0.14
27/08/2013	50	1.07	3.43	2.08	3.02	0.26
27/08/2013	50	1.07	3.43	2.06	3.03	0.26
27/08/2013	0	0.01	0.03	0.34	0.38	0.02
27/08/2013	0	0.01	0.04	0.34	0.38	0.02
27/08/2013	10	0.4	1.14	0.4	1.24	0.05
27/08/2013	10	0.4	1.14	0.4	1.23	0.05
27/08/2013	25	0.97	2.85	0.84	2.08	0.14
27/08/2013	25	0.97	2.84	0.84	2.09	0.14
27/08/2013	50	1.08	3.43	2.12	3.03	0.25
27/08/2013	50	1.08	3.43	2.11	3.03	0.25
02/09/2013	0	0	0.01	NA	1.45	0.02
02/09/2013	0	0	0.02	NA	1.44	0.02
02/09/2013	10	0.13	0.42	NA	1.52	0.04
02/09/2013	10	0.13	0.42	NA	1.52	0.04
02/09/2013	25	0.95	2.98	NA	2.79	0.17
02/09/2013	25	0.95	2.98	NA	2.79	0.17
02/09/2013	50	2.12	4.73	NA	3.66	0.22
02/09/2013	50	2.12	4.73	NA	3.66	0.22
02/09/2013	0	0	0.01	NA	1.4	0.02
02/09/2013	0	0	0.01	NA	1.39	0.02
02/09/2013	10	0.13	0.41	NA	1.51	0.03
02/09/2013	10	0.13	0.41	NA	1.51	0.03
02/09/2013	25	0.95	2.99	NA	2.78	0.18
02/09/2013	25	0.95	3	NA	2.78	0.18
02/09/2013	50	2.12	4.73	NA	3.64	0.23
02/09/2013	50	2.12	4.73	NA	3.65	0.23
09/09/2013	0	0.13	0.27	0.28	0.79	NA
09/09/2013	0	0.13	0.27	0.27	0.8	NA
09/09/2013	10	0.17	0.45	0.26	0.85	NA
09/09/2013	10	0.17	0.45	0.27	0.84	NA
09/09/2013	25	1.71	3.84	0.64	2.91	NA
09/09/2013	25	1.71	3.85	0.64	2.91	NA
09/09/2013	50	2	4.41	0.61	3.29	NA
09/09/2013	50	2	4.42	0.6	3.29	NA
09/09/2013	0	0.13	0.29	0.3	0.78	NA
09/09/2013	0	0.13	NA	0.3	0.78	NA
09/09/2013	10	0.17	0.42	0.27	0.8	NA
09/09/2013	10	0.17	0.43	0.27	0.81	NA
09/09/2013	25	1.71	3.84	0.66	2.88	NA
09/09/2013	25	1.71	3.85	0.66	2.88	NA
09/09/2013	50	1.99	4.41	0.61	3.25	NA
09/09/2013	50	2	NA	0.61	3.25	NA
23/09/2013	0	0.52	1.8	0.23	1.81	0.16
23/09/2013	0	0.51	1.78	0.25	1.8	0.16
23/09/2013	10	0.51	1.91	0.37	1.8	0.17
23/09/2013	10	0.51	1.92	0.37	1.78	0.17
23/09/2013	25	0.6	NA	0.4	1.97	0.18
23/09/2013	25	0.6	2.19	0.39	1.97	0.18
23/09/2013	50	0.74	2.68	0.61	2.34	0.21
23/09/2013	50	0.74	2.68	0.61	2.34	0.21
23/09/2013	0	0.49	1.83	0.23	1.8	0.17
23/09/2013	0	0.48	1.84	0.21	1.8	0.16
23/09/2013	10	0.52	1.95	0.38	1.55	0.17
23/09/2013	10	0.53	1.99	0.37	1.84	0.17
23/09/2013	25	0.6	2.17	0.4	1.97	0.19
23/09/2013	25	0.6	2.18	0.38	1.97	0.2
23/09/2013	50	0.75	2.69	0.63	2.35	0.21
23/09/2013	50	0.75	2.69	0.63	2.33	0.21
30/09/2013	0	0.93	2.06	0.35	2.49	0.2
30/09/2013	0	0.93	2.06	0.35	2.47	0.21
30/09/2013	10	0.93	2.08	0.36	2.5	0.24
30/09/2013	10	0.93	2.08	0.36	2.5	0.24
30/09/2013	25	0.94	2.14	0.38	2.48	0.21
30/09/2013	25	0.95	2.18	0.39	2.49	0.21
30/09/2013	50	0.93	NA	NA	NA	NA
30/09/2013	50	0.93	2.32	0.54	2.94	0.23
30/09/2013	0	0.93	2.04	0.35	2.46	0.21
30/09/2013	0	0.93	NA	NA	NA	0.22
30/09/2013	10	0.93	2.08	0.37	2.49	0.26
30/09/2013	10	0.93	2.08	NA	2.49	0.26
30/09/2013	25	0.96	2.17	0.42	2.49	0.21
30/09/2013	25	0.96	2.18	0.42	2.5	0.22
30/09/2013	50	0.93	2.34	0.53	2.94	0.23
30/09/2013	50	0.93	2.32	0.53	2.94	0.23
07/10/2013	0	0.55	1.2	0.13	3.16	0.2
07/10/2013	0	0.55	1.2	0.13	3.16	0.2
07/10/2013	10	0.77	2.01	0.23	2.59	0.21
07/10/2013	10	0.77	2.01	0.23	2.57	0.21
07/10/2013	25	0.95	2.99	0.34	2.67	0.25
07/10/2013	25	0.95	2.99	0.34	2.66	0.25
07/10/2013	50	0.98	3.17	0.45	2.91	0.25
07/10/2013	50	0.98	3.17	0.45	2.91	0.26
07/10/2013	0	0.56	1.2	0.13	3.14	0.19
07/10/2013	0	0.56	1.19	0.13	3.14	0.19
07/10/2013	10	0.78	2.02	0.39	2.57	0.2
07/10/2013	10	0.78	2.01	0.37	2.56	0.2
07/10/2013	25	0.95	2.98	0.38	2.66	0.23
07/10/2013	25	0.96	2.99	0.37	2.66	0.23
07/10/2013	50	0.98	3.16	0.44	2.93	0.25
07/10/2013	50	0.98	3.16	0.45	NA	0.25
14/10/2013	0	1.19	3.15	0.28	3.51	0.29
14/10/2013	0	1.19	3.16	0.28	3.52	0.29
14/10/2013	10	1.18	3.14	0.28	3.51	0.31
14/10/2013	10	1.18	3.14	0.28	3.51	0.31
14/10/2013	25	1.18	3.07	0.17	3.08	0.27
14/10/2013	25	1.18	3.07	0.18	3.07	0.27
14/10/2013	50	0.78	2.68	0.48	2.5	0.25
14/10/2013	50	0.78	2.68	0.47	2.51	0.25
14/10/2013	0	1.18	NA	0.27	NA	0.29
14/10/2013	0	1.18	3.14	0.27	3.51	0.27
14/10/2013	10	1.18	3.13	0.26	3.5	0.29
14/10/2013	10	1.18	3.13	0.26	3.5	0.29
14/10/2013	25	1.18	3.06	0.19	NA	0.28
14/10/2013	25	1.18	3.06	0.19	3.07	0.26
14/10/2013	50	0.77	2.64	0.49	2.45	0.23
14/10/2013	50	0.77	2.65	0.5	2.46	0.23
30/10/2013	0	0.39	4.75	0.55	2.97	0.34
30/10/2013	0	0.39	4.75	0.55	2.98	0.34
30/10/2013	10	0.42	4.41	0.7	2.96	0.35
30/10/2013	10	0.42	4.41	0.71	2.96	0.35
30/10/2013	25	0.09	5.04	0.47	2.91	0.42
30/10/2013	25	0.09	5.04	0.46	2.9	0.42
30/10/2013	50	0.03	4.7	0.04	3.03	0.34
30/10/2013	50	0.03	4.7	0.03	3.04	0.34
04/11/2013	0	0.61	6.41	0.15	3.92	0.4
04/11/2013	0	0.61	6.42	0.15	3.92	0.41
04/11/2013	10	0.57	5.93	0.14	3.65	0.41
04/11/2013	10	0.57	5.94	0.14	NA	0.41
04/11/2013	25	0.53	4.88	0.06	2.8	0.35
04/11/2013	25	0.53	4.88	0.06	2.81	0.35
04/11/2013	50	0.59	4.81	0.07	2.74	0.35
04/11/2013	50	0.58	4.81	0.07	2.73	0.35
04/11/2013	0	0.6	NA	0.11	3.91	0.38
04/11/2013	0	0.6	6.41	0.11	3.92	0.38
04/11/2013	10	0.56	5.94	0.15	3.6	0.38
04/11/2013	10	0.56	5.93	NA	3.6	0.38
04/11/2013	25	0.55	4.88	0.06	2.81	0.34
04/11/2013	25	0.55	4.88	0.06	2.81	0.34
04/11/2013	50	0.58	4.82	0.07	2.74	0.33
04/11/2013	50	0.58	4.81	0.07	NA	0.34
11/11/2013	0	0.51	6.47	0.1	3.96	0.35
11/11/2013	0	0.51	6.53	0.09	3.94	0.34
11/11/2013	10	0.5	6.41	0.09	3.84	0.34
11/11/2013	10	0.5	6.42	0.09	3.83	NA
11/11/2013	25	0.45	4.86	0.07	2.82	0.35
11/11/2013	25	0.45	4.87	0.07	2.82	0.34
11/11/2013	50	0.44	4.92	0.07	2.84	0.36
11/11/2013	50	0.44	4.93	0.08	2.84	0.35
11/11/2013	0	0.5	6.77	0.12	3.91	0.35
11/11/2013	0	0.5	6.79	0.11	3.89	0.35
11/11/2013	10	0.49	6.58	0.08	3.79	0.35
11/11/2013	10	0.49	6.58	0.08	3.79	0.35
11/11/2013	25	0.45	4.96	0.05	NA	0.33
11/11/2013	25	0.45	4.96	0.05	2.82	0.33
11/11/2013	50	0.44	4.99	0.07	2.84	0.34
11/11/2013	50	0.44	4.99	0.07	2.84	0.34
18/11/2013	0	0.28	7.21	0.18	4.32	0.38
18/11/2013	0	0.28	7.21	0.17	4.34	0.38
18/11/2013	10	0.22	6.24	0.15	3.66	0.37
18/11/2013	10	0.22	6.24	0.15	3.64	0.37
18/11/2013	25	0.1	5.53	0.08	3.43	0.38
18/11/2013	25	0.1	5.54	0.08	3.45	0.38
18/11/2013	50	0.11	5.54	0.11	3.48	0.39
18/11/2013	50	0.11	5.53	0.11	3.49	0.39
18/11/2013	0	0.29	7.25	0.18	4.32	0.39
18/11/2013	0	0.29	7.26	0.19	4.36	0.39
18/11/2013	10	0.22	6.26	0.15	3.84	0.37
18/11/2013	10	0.22	6.26	0.15	3.84	0.37
18/11/2013	25	0.1	5.52	0.09	3.68	0.38
18/11/2013	25	0.1	5.52	0.09	3.66	0.38
18/11/2013	50	0.11	5.54	0.11	3.65	0.39
18/11/2013	50	0.11	5.55	0.11	3.65	0.39
25/11/2013	0	0.2	6.01	0.27	3.57	0.4
25/11/2013	0	0.2	6.02	0.27	3.58	0.4
25/11/2013	10	0.21	6.04	0.27	3.56	0.4
25/11/2013	10	0.21	6.05	0.27	3.57	0.4
25/11/2013	25	0.2	6.08	0.24	3.57	0.41
25/11/2013	25	0.2	6.08	0.25	3.56	0.41
25/11/2013	50	0.2	6.05	0.24	3.54	0.4
25/11/2013	50	0.2	6.05	0.24	3.54	0.4
25/11/2013	0	0.2	6.04	0.24	3.56	0.4
25/11/2013	0	0.2	6.05	0.23	3.56	0.4
25/11/2013	10	0.21	6.06	0.25	3.54	0.4
25/11/2013	10	0.21	6.06	0.27	3.54	0.4
25/11/2013	25	0.2	6.11	0.23	3.56	0.4
25/11/2013	25	0.2	6.1	0.21	3.53	0.4
25/11/2013	50	0.2	6.05	0.22	3.53	0.39
25/11/2013	50	0.2	6.05	0.23	3.53	0.39
02/12/2013	0	0.15	6.38	0.25	3.53	0.39
02/12/2013	0	0.15	6.4	0.25	3.55	0.39
02/12/2013	10	0.16	6.41	0.27	3.55	0.39
02/12/2013	10	0.16	6.41	0.28	3.55	0.39
02/12/2013	25	0.17	6.38	0.28	3.38	0.39
02/12/2013	25	0.17	6.38	0.27	3.36	0.39
02/12/2013	50	0.2	5.92	0.28	2.76	0.38
02/12/2013	50	0.2	5.92	0.28	2.75	0.38
09/12/2013	0	0.27	6.89	0.1	3.16	0.42
09/12/2013	0	0.27	6.85	0.1	3.16	0.42
09/12/2013	10	0.27	6.84	0.09	3.17	0.42
09/12/2013	10	0.27	6.84	0.11	3.17	0.42
09/12/2013	25	0.26	6.59	0.06	2.95	0.4
09/12/2013	25	0.26	6.58	0.07	2.95	0.4
09/12/2013	50	0.19	5.88	0.11	2.5	0.39
09/12/2013	50	0.19	5.88	0.09	2.5	0.39
09/12/2013	0	0.27	6.84	0.1	3.14	0.41
09/12/2013	0	0.27	6.83	0.09	3.14	0.41
09/12/2013	10	0.27	6.84	0.11	3.16	0.41
09/12/2013	10	0.27	6.84	0.11	3.16	0.41
09/12/2013	25	0.26	6.58	0.09	2.95	0.4
09/12/2013	25	0.26	6.58	NA	2.97	0.41
09/12/2013	50	0.19	5.86	0.12	2.49	0.39
09/12/2013	50	0.19	5.85	0.09	2.49	0.39
17/12/2013	0	0.15	7.04	0.24	4.29	0.44
17/12/2013	0	0.15	7.02	0.23	4.3	0.44
17/12/2013	10	0.15	6.98	0.19	4.27	0.45
17/12/2013	10	0.15	6.98	0.19	4.27	0.45
17/12/2013	25	0.11	6.6	0.23	4.16	0.43
17/12/2013	25	0.11	6.6	0.24	4.16	0.43
17/12/2013	50	0.11	6.52	0.26	4.1	0.44
17/12/2013	50	0.11	6.51	0.27	4.1	0.44
17/12/2013	0	0.15	7.03	0.23	4.28	0.43
17/12/2013	0	0.15	7.02	0.23	4.28	0.44
17/12/2013	10	0.15	6.97	0.24	4.27	0.45
17/12/2013	10	0.15	6.97	0.24	4.28	0.45
17/12/2013	25	0.11	6.61	0.22	4.17	0.42
17/12/2013	25	0.11	6.6	0.23	4.16	0.42
17/12/2013	50	0.11	6.52	0.26	4.1	0.43
17/12/2013	50	0.11	6.53	0.26	4.1	0.43
14/01/2014	0	0.16	11.41	0.71	5.87	0.63
14/01/2014	0	0.16	11.43	0.71	5.88	0.63
14/01/2014	10	0.09	8.88	0.52	4.89	0.58
14/01/2014	10	0.09	8.88	0.52	4.88	0.58
14/01/2014	25	NA	NA	NA	NA	NA
14/01/2014	25	NA	NA	NA	NA	NA
14/01/2014	50	0.1	7.98	0.62	4.61	0.6
14/01/2014	50	0.1	7.99	0.62	4.61	0.6
14/01/2014	0	0.16	11.59	0.66	5.88	0.61
14/01/2014	0	0.16	11.61	0.67	5.87	0.61
14/01/2014	10	0.09	9.01	0.51	4.84	0.57
14/01/2014	10	0.09	9.01	0.5	4.84	0.57
14/01/2014	25	NA	NA	NA	NA	NA
14/01/2014	25	NA	NA	NA	NA	NA
14/01/2014	50	0.1	8.05	0.63	4.57	0.58
14/01/2014	50	0.1	8.05	0.64	4.57	0.58
20/01/2014	0	0.26	16.2	1.04	8.04	0.72
20/01/2014	0	0.26	16.22	1.05	8	0.72
20/01/2014	10	0.07	8.79	0.49	4.82	0.58
20/01/2014	10	0.07	8.8	0.49	4.81	0.58
20/01/2014	25	0.08	8.28	0.51	4.66	0.58
20/01/2014	25	0.08	8.28	0.51	4.66	0.58
20/01/2014	50	0.08	8.34	0.52	4.64	0.62
20/01/2014	50	0.08	8.33	0.52	4.65	0.62
20/01/2014	0	0.26	16.25	1.02	7.89	0.7
20/01/2014	0	0.26	16.25	1.02	7.88	0.7
20/01/2014	10	0.08	8.84	0.47	4.75	0.58
20/01/2014	10	0.08	8.82	0.49	4.76	0.58
20/01/2014	25	0.08	8.34	0.52	4.72	0.59
20/01/2014	25	0.08	8.35	0.53	NA	NA
20/01/2014	50	0.08	8.35	0.52	4.7	0.63
20/01/2014	50	0.08	8.34	0.52	NA	NA
29/01/2014	0	0.19	9.89	0.58	5.29	0.6
29/01/2014	0	0.19	9.93	0.58	5.28	0.6
29/01/2014	10	0.17	8.54	0.45	4.61	0.6
29/01/2014	10	0.17	8.55	0.45	4.6	0.6
29/01/2014	25	0.17	8.57	0.44	4.59	0.59
29/01/2014	25	0.17	8.57	0.45	4.6	0.59
29/01/2014	50	0.17	8.56	0.45	4.6	0.59
29/01/2014	50	0.17	8.58	0.44	4.59	0.59
29/01/2014	0	0.19	10.04	0.56	5.21	0.58
29/01/2014	0	0.19	10.07	0.56	5.23	0.58
29/01/2014	10	0.17	8.64	0.47	4.54	0.56
29/01/2014	10	0.17	8.64	0.47	4.54	0.56
29/01/2014	25	0.17	8.68	0.43	4.66	0.62
29/01/2014	25	0.17	8.68	0.43	4.65	0.63
29/01/2014	50	0.17	8.7	0.43	4.65	0.63
29/01/2014	50	0.17	8.7	0.43	4.64	0.63
10/02/2014	0	0.17	9.51	0.54	4.97	0.66
10/02/2014	0	0.17	NA	0.54	4.97	0.66
10/02/2014	10	0.18	9.5	0.55	4.94	0.68
10/02/2014	10	0.18	9.51	0.54	4.94	0.68
10/02/2014	25	0.16	9.06	0.53	4.77	0.65
10/02/2014	25	0.16	9.06	0.53	4.77	0.65
10/02/2014	50	0.15	8.36	NA	4.55	NA
10/02/2014	50	0.14	8.36	0.58	4.55	0.68
10/02/2014	0	0.17	9.48	0.55	4.91	0.65
10/02/2014	0	0.17	9.52	0.54	4.9	0.65
10/02/2014	10	0.17	9.55	0.49	4.87	0.71
10/02/2014	10	0.17	NA	0.48	NA	0.71
10/02/2014	25	0.15	9.1	0.52	4.7	0.64
10/02/2014	25	0.15	9.09	0.5	4.68	0.64
10/02/2014	50	0.13	8.36	0.59	4.54	0.68
10/02/2014	50	0.13	8.39	0.61	4.52	0.69
18/02/2014	0	0.17	7.9	0.71	4.8	0.76
18/02/2014	0	0.17	7.91	0.72	4.8	0.77
18/02/2014	10	0.18	7.96	0.81	4.79	0.76
18/02/2014	10	0.18	7.96	0.82	4.8	0.76
18/02/2014	25	0.17	7.97	0.71	4.76	0.75
18/02/2014	25	0.17	7.97	0.7	4.78	0.75
18/02/2014	50	NA	NA	NA	NA	NA
18/02/2014	50	NA	NA	NA	NA	NA
18/02/2014	0	0.17	7.93	0.68	4.8	0.74
18/02/2014	0	0.17	7.94	0.66	4.8	0.74
18/02/2014	10	0.18	7.96	0.73	4.79	0.76
18/02/2014	10	0.18	7.96	0.73	4.81	0.76
18/02/2014	25	0.18	7.95	0.78	4.83	0.76
18/02/2014	25	0.18	7.96	0.76	4.84	0.75
18/02/2014	50	NA	NA	NA	NA	NA
18/02/2014	50	NA	NA	NA	NA	NA
05/03/2014	0	0.13	9.86	0.5	5.79	0.7
05/03/2014	0	0.13	9.88	0.51	5.79	0.7
05/03/2014	10	0.14	9.35	0.41	5.51	0.7
05/03/2014	10	0.13	9.35	0.45	5.53	0.7
05/03/2014	25	0.15	8.39	0.44	5.23	0.76
05/03/2014	25	0.13	8.39	0.41	5.23	0.76
05/03/2014	50	0.16	8.38	0.45	5.29	0.85
05/03/2014	50	0.16	8.4	0.45	5.29	0.85
05/03/2014	0	0.13	9.83	0.5	5.67	0.61
05/03/2014	0	0.13	9.83	0.51	5.66	0.62
05/03/2014	10	0.12	9.33	0.41	5.42	0.61
05/03/2014	10	0.12	9.32	0.39	5.42	0.61
05/03/2014	25	0.09	8.38	0.31	5.09	0.62
05/03/2014	25	0.09	8.37	0.31	5.07	0.62
05/03/2014	50	0.09	8.33	0.32	5.06	0.62
05/03/2014	50	0.09	8.34	0.32	5.06	0.62
11/03/2014	0	0.15	8.02	0.54	4.96	0.63
11/03/2014	0	0.15	8.04	0.54	4.96	0.64
11/03/2014	10	0.14	7.96	0.55	4.96	0.63
11/03/2014	10	0.14	7.95	0.55	4.95	0.63
11/03/2014	25	0.14	8	0.55	4.95	0.64
11/03/2014	25	0.14	8	0.54	4.96	0.64
11/03/2014	50	0.15	7.87	0.55	5.05	0.69
11/03/2014	50	0.15	7.86	0.56	5.04	0.69
11/03/2014	0	0.15	8.09	0.52	4.99	0.63
11/03/2014	0	0.15	8.1	0.5	4.99	0.64
11/03/2014	10	0.14	8.03	0.52	4.95	0.64
11/03/2014	10	0.14	8.03	0.52	4.96	0.64
11/03/2014	25	0.14	8.04	0.52	4.96	0.64
11/03/2014	25	0.14	8.04	0.52	4.96	0.64
11/03/2014	50	0.15	7.91	0.57	5.07	0.68
11/03/2014	50	0.15	7.91	0.58	5.07	0.68
17/03/2014	0	0.21	9.13	0.41	5.22	0.55
17/03/2014	0	0.21	9.12	0.41	5.25	0.55
17/03/2014	10	0.18	8.23	0.35	4.7	0.55
17/03/2014	10	0.18	8.21	0.35	4.71	0.55
17/03/2014	25	0.18	8.17	0.48	4.64	0.56
17/03/2014	25	0.18	8.16	0.48	4.64	0.56
17/03/2014	50	0.18	8.19	0.33	4.63	0.56
17/03/2014	50	0.18	8.2	0.33	4.64	0.56
17/03/2014	0	0.21	9.19	0.45	5.16	0.54
17/03/2014	0	0.21	9.19	0.42	5.16	0.55
17/03/2014	10	0.18	8.19	0.35	4.68	0.54
17/03/2014	10	0.18	8.16	0.34	4.68	0.54
17/03/2014	25	0.18	8.2	0.47	4.61	0.57
17/03/2014	25	0.18	8.2	0.47	4.62	0.57
17/03/2014	50	0.18	8.18	0.31	4.62	0.56
17/03/2014	50	0.18	8.2	0.32	4.62	0.56
25/03/2014	0	0.24	8.73	0.43	5.35	0.64
25/03/2014	0	0.24	8.72	0.43	NA	0.64
25/03/2014	10	0.24	8.72	0.42	5.23	0.66
25/03/2014	10	0.24	8.72	0.43	5.21	0.66
25/03/2014	25	0.24	8.53	0.47	5.08	0.64
25/03/2014	25	0.25	8.53	0.46	5.08	0.64
25/03/2014	50	0.25	8.26	0.49	4.9	0.63
25/03/2014	50	0.25	8.27	0.49	4.91	0.63
25/03/2014	0	0.22	8.74	0.43	NA	0.61
25/03/2014	0	0.22	8.73	0.4	NA	0.61
25/03/2014	10	0.22	8.73	0.42	NA	0.63
25/03/2014	10	0.22	8.73	0.4	NA	0.63
25/03/2014	25	0.22	8.55	0.44	NA	0.6
25/03/2014	25	0.22	8.53	0.42	NA	0.61
25/03/2014	50	0.22	8.29	0.45	NA	0.59
25/03/2014	50	0.22	8.28	0.45	NA	0.59
31/03/2014	0	0.33	8.9	0.43	4.98	0.63
31/03/2014	0	0.33	NA	0.43	4.99	0.63
31/03/2014	10	0.33	8.96	0.44	5.02	0.64
31/03/2014	10	0.33	8.97	0.44	5.02	0.64
31/03/2014	25	0.34	9.07	0.48	5	0.65
31/03/2014	25	0.34	9.09	0.47	4.99	0.65
31/03/2014	50	0.32	8.64	0.42	4.72	0.63
31/03/2014	50	0.32	8.66	0.42	4.7	0.63
31/03/2014	0	0.31	9.08	NA	4.93	0.59
31/03/2014	0	0.31	NA	NA	4.93	0.59
31/03/2014	10	0.31	9.18	0.4	4.92	0.6
31/03/2014	10	0.31	9.19	0.4	4.91	0.6
31/03/2014	25	0.32	9.23	0.44	4.92	0.6
31/03/2014	25	0.32	NA	0.43	4.92	0.61
31/03/2014	50	0.29	8.69	0.4	4.61	0.59
31/03/2014	50	0.29	8.7	0.4	4.63	0.59
09/04/2014	0	0.35	9	0.37	NA	0.52
09/04/2014	0	0.35	9.01	0.38	NA	0.52
09/04/2014	10	0.36	9.01	0.4	NA	0.52
09/04/2014	10	0.36	9.01	0.39	NA	0.52
09/04/2014	25	0.39	8.12	0.42	NA	0.52
09/04/2014	25	0.39	8.12	0.41	NA	0.52
09/04/2014	50	0.38	7.32	0.53	NA	0.54
09/04/2014	50	0.38	7.32	0.54	NA	0.54
09/04/2014	0	0.33	9.03	0.37	4.53	0.47
09/04/2014	0	0.33	9.04	NA	4.55	0.47
09/04/2014	10	0.33	9.03	0.37	4.47	0.49
09/04/2014	10	0.33	9.03	0.35	4.46	0.49
09/04/2014	25	0.37	8.12	0.38	4.22	0.5
09/04/2014	25	0.38	8.12	0.39	4.22	0.5
09/04/2014	50	0.38	7.35	0.52	3.83	0.54
09/04/2014	50	0.38	7.34	0.52	3.83	0.54
14/04/2014	0	0.31	4.4	0.33	1.03	0.21
14/04/2014	0	0.31	NA	0.32	1.02	0.21
14/04/2014	10	0.32	5.9	0.35	1.72	0.3
14/04/2014	10	0.32	5.89	0.35	1.7	0.31
14/04/2014	25	0.37	7.18	0.48	3.49	0.53
14/04/2014	25	0.37	7.18	0.48	3.5	0.53
14/04/2014	50	0.4	7.07	0.65	3.59	0.55
14/04/2014	50	0.4	7.09	0.64	3.58	0.55
14/04/2014	0	0.31	4.42	0.3	0.95	0.19
14/04/2014	0	0.31	4.39	0.3	0.95	0.21
14/04/2014	10	0.32	5.91	0.37	1.67	0.32
14/04/2014	10	0.32	5.89	0.35	1.65	0.32
14/04/2014	25	0.37	7.17	0.47	3.48	0.52
14/04/2014	25	0.37	7.18	0.48	3.48	0.52
14/04/2014	50	0.4	7.09	0.65	3.54	0.55
14/04/2014	50	0.4	7.1	0.64	3.54	0.55
22/04/2014	0	0.32	5.93	0.52	1.9	0.39
22/04/2014	0	0.32	5.93	0.52	1.91	0.39
22/04/2014	10	0.32	5.91	0.48	3.02	0.4
22/04/2014	10	0.32	5.91	0.48	3.17	0.4
22/04/2014	25	0.34	6.18	0.72	NA	0.43
22/04/2014	25	0.34	6.18	0.74	3.54	0.43
22/04/2014	50	0.34	6.25	0.62	NA	0.43
22/04/2014	50	0.34	6.24	0.63	4.03	0.43
22/04/2014	0	0.32	5.94	0.52	1.9	0.4
22/04/2014	0	0.32	5.94	0.5	1.91	0.4
22/04/2014	10	0.32	5.92	NA	1.93	0.41
22/04/2014	10	0.32	5.92	NA	1.92	0.41
22/04/2014	25	0.33	6.2	0.71	2.17	0.42
22/04/2014	25	0.33	6.2	0.69	2.18	0.42
22/04/2014	50	0.33	6.26	0.62	2.22	0.42
22/04/2014	50	0.33	6.27	0.64	2.22	0.42
28/04/2014	0	0.16	3.76	0.34	1.4	0.31
28/04/2014	0	0.16	3.76	0.34	1.4	0.31
28/04/2014	10	0.16	3.92	0.28	1.51	0.32
28/04/2014	10	0.16	3.92	0.27	1.5	0.32
28/04/2014	25	0.18	4.44	0.46	1.72	0.36
28/04/2014	25	0.18	4.43	0.45	1.72	0.36
28/04/2014	50	0.19	4.49	0.52	1.8	0.38
28/04/2014	50	0.19	4.49	0.54	1.8	0.38
28/04/2014	0	0.15	3.78	NA	1.37	0.29
28/04/2014	0	0.15	3.76	NA	1.37	0.29
28/04/2014	10	0.15	3.93	0.28	1.45	0.3
28/04/2014	10	0.15	3.93	0.28	1.46	0.3
28/04/2014	25	0.17	4.43	0.43	1.64	0.34
28/04/2014	25	0.17	4.43	0.45	1.65	0.34
28/04/2014	50	0.17	4.48	0.51	1.72	0.36
28/04/2014	50	0.17	4.49	0.48	1.73	0.36
06/05/2014	0	0.01	0.07	0.38	0.53	0.12
06/05/2014	0	0.01	0.07	0.37	0.53	0.12
06/05/2014	10	0.01	0.3	0.4	0.6	0.13
06/05/2014	10	0.01	0.3	0.42	0.6	0.13
06/05/2014	25	0.05	1.63	0.95	0.89	0.24
06/05/2014	25	0.05	1.65	0.99	0.89	0.25
06/05/2014	50	0.08	2.31	1.56	1.09	0.31
06/05/2014	50	0.08	2.31	1.56	1.09	0.31
06/05/2014	0	0.01	0.09	NA	0.52	0.1
06/05/2014	0	0.01	0.1	0.44	0.51	0.1
06/05/2014	10	0.01	0.32	0.44	0.59	0.11
06/05/2014	10	0.01	0.32	NA	0.59	0.11
06/05/2014	25	0.05	1.64	0.91	0.87	0.23
06/05/2014	25	0.05	1.63	0.89	0.88	0.23
06/05/2014	50	0.08	2.29	1.48	1.07	0.3
06/05/2014	50	0.08	2.31	1.47	1.07	0.3
12/05/2014	0	0.14	3.27	1.02	1.63	0.4
12/05/2014	0	0.14	3.28	1.02	1.58	0.4
12/05/2014	10	0.14	3.32	0.9	1.23	0.37
12/05/2014	10	0.14	3.32	0.89	1.2	0.37
12/05/2014	25	0.14	3.39	0.9	1.14	0.38
12/05/2014	25	0.14	3.38	0.91	NA	0.38
12/05/2014	50	0.14	3.52	1.09	0.97	0.37
12/05/2014	50	0.14	3.52	1.09	0.95	0.37
12/05/2014	0	0.13	3.3	1.15	NA	0.39
12/05/2014	0	0.13	3.29	1.15	NA	0.39
12/05/2014	10	0.13	3.35	1	NA	0.36
12/05/2014	10	0.13	3.33	0.98	NA	0.36
12/05/2014	25	0.14	3.38	0.94	NA	0.38
12/05/2014	25	0.14	3.37	0.93	NA	0.38
12/05/2014	50	0.13	NA	NA	NA	0.36
12/05/2014	50	0.13	3.54	1.14	NA	0.36
19/05/2014	0	0	0.01	0.4	0.46	0.1
19/05/2014	0	0	0.01	0.4	0.47	0.1
19/05/2014	10	0.03	0.2	0.44	0.88	0.15
19/05/2014	10	0.03	0.2	0.43	0.88	0.15
19/05/2014	25	0.05	0.75	0.57	1.12	0.21
19/05/2014	25	0.05	0.75	0.56	1.12	0.21
19/05/2014	50	0.07	0.9	0.6	1.24	0.26
19/05/2014	50	0.07	0.9	0.6	1.23	0.26
19/05/2014	0	0	0.02	NA	0.46	0.1
19/05/2014	0	0	0.02	NA	0.46	0.1
19/05/2014	10	0.02	0.21	NA	0.86	0.13
19/05/2014	10	0.02	0.23	NA	0.86	0.13
19/05/2014	25	0.04	0.77	NA	1.08	0.18
19/05/2014	25	0.04	0.78	NA	1.08	0.18
19/05/2014	50	0.05	NA	NA	1.16	0.22
19/05/2014	50	0.05	0.9	NA	1.16	0.22
02/06/2014	0	0.03	0.06	0.17	0.2	0.13
02/06/2014	0	0.03	0.06	0.17	0.2	0.13
02/06/2014	10	0.01	0.04	NA	0.2	0.13
02/06/2014	10	0.01	0.04	0.27	0.19	0.13
02/06/2014	25	0.02	0.15	1.06	0.56	0.22
02/06/2014	25	0.02	0.15	1.06	0.55	0.22
02/06/2014	50	0.03	0.25	1.35	0.73	0.25
02/06/2014	50	0.03	0.24	1.39	0.74	0.25
02/06/2014	0	0.03	0.08	0.11	0.2	0.14
02/06/2014	0	0.02	0.07	NA	0.19	0.12
02/06/2014	10	0	0.05	NA	0.17	0.11
02/06/2014	10	0	0.06	0.34	0.17	0.11
02/06/2014	25	0.02	0.15	1.1	0.56	0.21
02/06/2014	25	0.02	0.15	1.07	0.56	0.23
02/06/2014	50	0.03	0.24	1.38	0.74	0.23
02/06/2014	50	0.03	0.24	1.39	0.74	0.23
09/06/2014	0	0.01	0.03	NA	0.08	0.04
09/06/2014	0	0.01	0.01	0.42	0.08	0.04
09/06/2014	10	0	0.01	0.33	0.08	0.04
09/06/2014	10	0.01	0.01	0.34	0.08	0.05
09/06/2014	25	0.01	0.01	0.34	0.09	0.05
09/06/2014	25	0.01	0.02	0.35	0.08	0.05
09/06/2014	50	0.05	0.38	2.05	1.21	0.22
09/06/2014	50	0.05	0.38	2.04	1.21	0.22
09/06/2014	0	0.01	0.03	0.57	0.08	0.04
09/06/2014	0	0	0.01	0.61	0.08	0.04
09/06/2014	10	0	0.01	NA	0.06	0.03
09/06/2014	10	0	0.01	0.35	0.06	0.03
09/06/2014	25	0	0.02	0.46	0.07	0.04
09/06/2014	25	0.01	0.02	0.43	0.07	0.05
09/06/2014	50	0.04	0.37	NA	1.15	0.19
09/06/2014	50	0.04	0.35	2.08	1.15	0.22
16/06/2014	0	0	0.01	0.31	0.1	0.03
16/06/2014	0	0	0.01	0.32	0.1	0.03
16/06/2014	10	0	0.02	0.31	0.1	0.03
16/06/2014	10	0	0.02	0.3	0.09	0.03
16/06/2014	25	0.04	0.2	NA	0.53	0.14
16/06/2014	25	0.04	0.2	1.14	0.53	0.12
16/06/2014	50	0.05	0.26	1.28	0.68	0.14
16/06/2014	50	0.05	0.26	1.29	0.68	0.14
16/06/2014	0	0	0.03	NA	0.09	0.02
16/06/2014	0	0	0.05	NA	0.09	0.03
16/06/2014	10	0	0.05	NA	0.1	0.03
16/06/2014	10	0	0.05	NA	0.11	0.03
16/06/2014	25	0.03	0.26	NA	0.52	0.1
16/06/2014	25	0.03	0.24	1.18	0.53	0.1
16/06/2014	50	0.03	0.28	NA	0.66	0.11
16/06/2014	50	0.03	0.28	1.28	0.66	0.11
23/06/2014	0	0.01	0.08	NA	0.13	0.06
23/06/2014	0	0.01	0.08	0.1	0.12	0.06
23/06/2014	10	0.01	0.03	0.12	0.18	0.04
23/06/2014	10	0.01	0.03	0.12	0.18	0.04
23/06/2014	25	0.02	0.07	0.09	0.28	0.08
23/06/2014	25	0.02	0.07	0.21	0.28	0.08
23/06/2014	50	0.06	0.48	1.09	0.96	0.14
23/06/2014	50	0.07	0.47	1.08	0.96	0.14
23/06/2014	0	0.01	0.1	0.18	0.16	0.16
23/06/2014	0	0.01	0.12	0.25	0.16	0.14
23/06/2014	10	0.01	NA	NA	0.19	0.03
23/06/2014	10	0.01	0.08	0.28	0.2	0.03
23/06/2014	25	0.02	0.1	0.12	0.32	0.07
23/06/2014	25	0.02	0.1	0.12	0.33	0.08
23/06/2014	50	0.06	0.46	1	0.98	0.13
23/06/2014	50	0.06	0.47	0.96	0.98	0.13
30/06/2014	0	0.01	0.02	0.19	0.34	0.02
30/06/2014	0	0.01	0.02	0.19	0.34	0.02
30/06/2014	10	0.01	0.06	0.28	0.44	0.04
30/06/2014	10	0.01	0.06	0.28	0.44	0.04
30/06/2014	25	0.03	0.31	0.92	0.77	0.11
30/06/2014	25	0.03	0.31	0.94	0.77	0.11
30/06/2014	50	0.04	0.42	1.18	1.02	0.12
30/06/2014	50	0.04	0.42	1.19	1.02	0.12
30/06/2014	0	0	0.03	0.2	0.34	0.02
30/06/2014	0	0	0.03	0.21	0.35	0.01
30/06/2014	10	0.01	0.06	0.36	0.45	0.02
30/06/2014	10	0.01	0.06	0.34	0.45	0.02
30/06/2014	25	0.03	0.3	0.92	0.78	0.08
30/06/2014	25	0.03	0.3	0.94	0.77	0.08
30/06/2014	50	0.04	0.41	1.16	0.99	0.09
30/06/2014	50	0.04	0.41	1.16	1	0.09
07/07/2014	0	0.02	0.03	0.24	0.07	0.02
07/07/2014	0	0.02	0.03	0.22	0.07	0.02
07/07/2014	10	0.03	0.09	0.27	0.05	0.03
07/07/2014	10	0.03	0.08	0.28	0.04	0.03
07/07/2014	25	0.02	0.07	0.1	0.42	0.05
07/07/2014	25	0.02	0.06	0.1	0.42	0.05
07/07/2014	50	0.1	0.86	1.82	1.86	0.18
07/07/2014	50	0.1	0.86	1.77	1.86	0.18
07/07/2014	0	0.01	0.04	0.1	0.05	0.02
07/07/2014	0	0.01	0.04	0.11	0.05	0.02
07/07/2014	10	0.01	0.1	0.16	0.04	0.02
07/07/2014	10	0.01	0.11	0.11	0.04	0.02
07/07/2014	25	0.02	0.09	0.23	0.51	0.06
07/07/2014	25	0.02	0.09	0.24	0.49	0.07
07/07/2014	50	0.09	0.87	1.74	1.88	0.17
07/07/2014	50	0.09	0.87	1.75	1.87	0.17
14/07/2014	0	0	0	0.49	0.7	0.07
14/07/2014	0	0	0	0.54	0.7	0.07
14/07/2014	10	0.01	0.01	0.54	0.78	0.08
14/07/2014	10	0.01	0.01	0.5	0.77	0.08
14/07/2014	25	0.09	0.29	1.62	1.35	0.16
14/07/2014	25	0.09	0.29	1.62	1.35	0.16
14/07/2014	50	0.1	0.35	1.82	1.38	0.16
14/07/2014	50	0.1	0.35	1.8	1.38	0.16
14/07/2014	0	0	0	0.46	0.7	0.05
14/07/2014	0	0	0	0.47	0.71	0.05
14/07/2014	10	0.01	0.01	0.44	0.78	0.06
14/07/2014	10	0.01	0.01	0.47	0.78	0.06
14/07/2014	25	0.09	0.3	1.64	1.35	0.15
14/07/2014	25	0.09	0.3	1.65	1.35	0.15
14/07/2014	50	0.09	0.35	1.85	1.35	0.16
14/07/2014	50	0.09	0.36	1.82	1.36	0.16
21/07/2014	0	0	0.01	0.24	0.19	0.04
21/07/2014	0	0	0.01	0.25	0.19	0.04
21/07/2014	10	0	0	0.12	0.19	0.02
21/07/2014	10	0	0	0.12	0.19	0.02
21/07/2014	25	0.1	0.38	1.79	1.36	0.15
21/07/2014	25	0.1	0.38	1.8	1.36	0.15
21/07/2014	50	0.13	0.5	2.34	1.92	0.25
21/07/2014	50	0.13	0.5	2.33	1.92	0.25
21/07/2014	0	0.02	0.02	0.27	0.18	0.04
21/07/2014	0	0.02	0.02	NA	0.19	0.04
21/07/2014	10	0	0	0.16	0.17	0.02
21/07/2014	10	0	0	0.16	0.17	0.02
21/07/2014	25	0.09	0.4	1.8	1.37	0.15
21/07/2014	25	0.09	0.41	1.82	1.37	0.15
21/07/2014	50	0.12	0.51	2.31	1.9	0.22
21/07/2014	50	0.12	0.51	2.31	1.89	0.23
28/07/2014	0	0.01	0.02	0.11	0.53	0.05
28/07/2014	0	0.01	0.02	0.11	0.54	0.05
28/07/2014	10	0.02	0.18	0.6	0.8	0.18
28/07/2014	10	0.02	0.18	0.61	0.8	0.18
28/07/2014	25	0.04	0.28	0.76	1.58	0.15
28/07/2014	25	0.04	0.29	0.75	1.61	0.15
28/07/2014	50	0.08	0.71	1.77	1.97	NA
28/07/2014	50	0.08	0.73	1.77	1.97	0.23
28/07/2014	0	0	0.06	0.26	0.55	0.03
28/07/2014	0	0	0.06	NA	0.55	0.03
28/07/2014	10	0.01	0.18	0.51	0.82	0.14
28/07/2014	10	0.01	0.17	0.53	NA	0.14
28/07/2014	25	0.03	0.28	0.72	1.55	0.13
28/07/2014	25	0.03	0.28	0.71	1.56	0.13
28/07/2014	50	0.07	0.59	1.73	1.87	0.2
28/07/2014	50	0.07	0.59	1.71	1.87	0.19
04/08/2014	0	0.05	0.23	0.13	1.26	0.05
04/08/2014	0	0.05	0.23	0.14	1.27	0.05
04/08/2014	10	0.03	0.12	0.26	1.31	0.08
04/08/2014	10	0.03	0.11	0.26	1.3	0.08
04/08/2014	25	0.05	0.08	0.41	1.49	0.11
04/08/2014	25	0.05	0.08	0.41	1.51	0.11
04/08/2014	50	0.23	1.51	2.53	3	0.33
04/08/2014	50	0.23	1.51	2.52	3	0.33
04/08/2014	0	0.05	0.25	0.27	1.27	0.02
04/08/2014	0	0.05	NA	NA	1.26	0.02
04/08/2014	10	0.03	0.13	0.23	1.23	0.04
04/08/2014	10	0.03	0.14	0.21	1.22	0.04
04/08/2014	25	0.05	0.08	0.59	1.47	0.13
04/08/2014	25	0.05	0.08	0.57	1.48	0.12
04/08/2014	50	0.22	1.47	2.68	2.92	0.33
04/08/2014	50	0.22	1.47	2.67	2.92	0.33
18/08/2014	0	0.26	1.14	0.25	2.2	0.13
18/08/2014	0	0.26	1.15	0.27	2.2	0.13
18/08/2014	10	0.26	1.17	0.28	2.23	0.15
18/08/2014	10	0.26	1.17	0.27	2.22	0.15
18/08/2014	25	0.84	2.44	2.07	2.68	0.28
18/08/2014	25	0.83	2.43	2.06	2.67	0.28
18/08/2014	50	0.83	2.5	2.24	2.79	0.29
18/08/2014	50	0.84	2.47	2.25	2.81	0.29
18/08/2014	0	0.25	1.15	0.26	2.21	0.13
18/08/2014	0	0.25	1.14	0.28	2.21	0.11
18/08/2014	10	0.25	1.17	0.24	2.22	0.11
18/08/2014	10	0.25	1.17	0.25	2.22	0.11
18/08/2014	25	0.81	2.43	2.08	2.66	0.26
18/08/2014	25	0.81	2.44	2.07	2.66	0.27
18/08/2014	50	0.82	2.48	2.2	2.82	0.27
18/08/2014	50	0.82	2.49	2.22	2.83	0.27
26/08/2014	0	0.09	0.39	0.4	1.83	0.07
26/08/2014	0	0.09	0.39	0.4	1.82	0.07
26/08/2014	10	0.09	0.46	0.47	1.81	0.07
26/08/2014	10	0.09	0.46	0.46	1.83	0.08
26/08/2014	25	0.27	1.14	0.93	2	0.12
26/08/2014	25	0.27	1.15	0.93	2	0.13
26/08/2014	50	0.63	2.05	1.65	2.42	0.23
26/08/2014	50	0.63	2.05	1.66	2.39	0.23
26/08/2014	0	0.08	0.41	0.37	1.78	0.04
26/08/2014	0	0.08	0.41	0.35	1.78	0.04
26/08/2014	10	0.09	0.46	0.39	1.8	0.04
26/08/2014	10	0.09	0.46	0.38	NA	0.04
26/08/2014	25	0.26	1.15	0.91	1.98	0.11
26/08/2014	25	0.26	1.15	0.9	1.99	0.12
26/08/2014	50	0.62	2.04	1.63	2.4	0.21
26/08/2014	50	0.62	2.04	1.62	2.39	0.21
01/09/2014	0	0.02	0.03	0.06	2.07	0.04
01/09/2014	0	0.02	0.03	0.06	2.07	0.04
01/09/2014	10	0.02	0.03	0.04	1.72	0.02
01/09/2014	10	0.02	0.03	0.04	1.71	0.02
01/09/2014	25	1.83	3.08	0.28	2.17	0.19
01/09/2014	25	1.83	3.09	0.28	2.18	0.19
01/09/2014	50	2.53	4.26	0.09	2.61	0.26
01/09/2014	50	2.54	4.26	0.09	2.61	0.26
01/09/2014	0	0.01	0.04	0.05	2.04	0.02
01/09/2014	0	0.01	0.04	0.06	2.08	0.02
01/09/2014	10	0	0.04	0.02	1.71	0.01
01/09/2014	10	0	0.04	0.03	1.71	0.01
01/09/2014	25	1.82	3.13	0.31	2.17	0.17
01/09/2014	25	1.82	3.13	0.31	2.17	0.17
01/09/2014	50	2.52	4.28	0.08	2.62	0.24
01/09/2014	50	2.54	4.27	0.06	2.6	0.24
08/09/2014	0	0.02	2.14	0	NA	0.02
08/09/2014	0	0.02	2.11	0	NA	0.02
08/09/2014	10	0.05	2	0	NA	0.02
08/09/2014	10	0.05	2	0	NA	0.02
08/09/2014	25	0.12	2.63	0.48	0.93	0.52
08/09/2014	25	0.12	2.64	0.48	0.94	0.52
08/09/2014	50	0.23	3.16	0.07	2.83	NA
08/09/2014	50	0.23	3.16	0.08	2.83	NA
08/09/2014	0	0.01	1.92	0.04	NA	0.01
08/09/2014	0	0.01	1.91	0.04	NA	0.01
08/09/2014	10	0.04	1.94	0.04	NA	0.01
08/09/2014	10	0.04	1.94	0.03	NA	0.01
08/09/2014	25	0.12	2.56	0.49	0.94	0.52
08/09/2014	25	0.11	2.56	0.49	0.94	0.52
08/09/2014	50	NA	3.11	0.08	NA	NA
08/09/2014	50	0.24	3.1	0.08	2.83	NA
15/09/2014	0	0.55	1.38	0.4	NA	0.13
15/09/2014	0	0.55	1.39	0.39	NA	0.13
15/09/2014	10	0.56	1.42	0.39	NA	0.13
15/09/2014	10	0.56	1.42	0.39	NA	0.13
15/09/2014	25	0.57	1.46	0.47	NA	0.14
15/09/2014	25	0.57	1.45	0.47	NA	0.14
15/09/2014	50	0.59	1.55	0.63	NA	0.16
15/09/2014	50	0.59	1.54	0.63	NA	0.16
15/09/2014	0	0.55	1.49	0.47	NA	0.14
15/09/2014	0	0.55	1.46	0.47	NA	0.14
15/09/2014	10	0.56	1.46	0.48	NA	0.13
15/09/2014	10	0.56	1.47	0.47	NA	0.13
15/09/2014	25	0.57	1.45	0.52	NA	0.14
15/09/2014	25	0.57	1.48	0.52	NA	0.14
15/09/2014	50	0.59	1.52	0.63	NA	0.15
15/09/2014	50	0.59	1.51	0.63	NA	0.15
22/09/2014	0	0.04	0.14	0.1	1.88	0.06
22/09/2014	0	0.04	0.14	0.1	1.89	0.06
22/09/2014	10	0.05	0.17	0.11	1.9	0.08
22/09/2014	10	0.05	0.17	0.11	1.89	0.08
22/09/2014	25	0.32	1.46	0.81	2.44	0.2
22/09/2014	25	0.32	1.46	0.81	2.44	0.2
22/09/2014	50	0.37	1.76	1.37	2.99	0.27
22/09/2014	50	0.37	1.75	1.36	2.99	0.27
22/09/2014	0	0.03	0.17	0.19	1.88	0.05
22/09/2014	0	0.03	0.18	0.21	1.88	0.05
22/09/2014	10	0.04	0.19	0.19	1.95	0.08
22/09/2014	10	0.04	0.19	0.19	1.95	0.08
22/09/2014	25	0.31	1.48	0.85	2.45	0.18
22/09/2014	25	0.31	1.48	0.86	2.44	0.18
22/09/2014	50	0.35	1.74	1.38	2.97	0.25
22/09/2014	50	0.35	1.75	1.39	2.97	0.24
29/09/2014	0	0.14	0.56	0.27	2.33	0.12
29/09/2014	0	0.14	0.56	0.26	2.33	0.12
29/09/2014	10	0.15	0.58	0.39	2.31	0.13
29/09/2014	10	0.15	0.58	0.4	2.31	0.13
29/09/2014	25	0.25	0.99	0.55	2.44	0.16
29/09/2014	25	0.25	0.99	0.55	2.44	0.16
29/09/2014	50	0.37	1.63	1.22	2.78	0.25
29/09/2014	50	0.37	1.63	1.24	2.78	0.25
29/09/2014	0	0.14	0.6	0.29	2.34	0.11
29/09/2014	0	0.14	0.6	0.27	2.34	0.12
29/09/2014	10	0.15	0.62	0.43	2.3	0.11
29/09/2014	10	0.15	0.62	0.43	2.31	0.11
29/09/2014	25	0.25	1.02	0.63	2.42	0.17
29/09/2014	25	0.25	1.03	0.61	2.43	0.17
29/09/2014	50	0.37	1.66	1.19	2.8	0.25
29/09/2014	50	0.37	1.67	1.21	2.8	0.25
13/10/2014	0	0.98	2.46	0.53	3.16	0.28
13/10/2014	0	0.98	2.47	0.54	3.16	0.28
13/10/2014	10	1	2.52	0.55	3.14	0.29
13/10/2014	10	1	2.53	0.55	3.14	0.29
13/10/2014	25	0.95	2.59	0.56	3.03	0.31
13/10/2014	25	0.95	2.59	0.56	3.04	0.31
13/10/2014	50	0.75	2.92	0.51	2.78	0.42
13/10/2014	50	0.75	2.92	0.51	2.78	0.42
13/10/2014	0	0.98	2.57	0.56	3.13	0.28
13/10/2014	0	0.98	2.57	0.55	3.13	0.28
13/10/2014	10	0.99	2.58	0.57	3.12	0.28
13/10/2014	10	0.99	2.58	0.56	3.12	0.29
13/10/2014	25	0.95	2.63	0.61	3.04	0.3
13/10/2014	25	0.95	2.65	0.6	3.03	0.31
13/10/2014	50	0.75	2.99	0.53	2.78	0.4
13/10/2014	50	0.75	2.99	0.54	2.77	0.41
28/10/2014	0	0.61	4.17	0.14	3.56	0.36
28/10/2014	0	0.61	4.18	0.14	3.56	0.36
28/10/2014	10	0.61	4.17	0.14	3.62	0.35
28/10/2014	10	0.61	4.18	0.14	3.62	0.35
28/10/2014	25	0.6	4.2	0.12	3.62	0.35
28/10/2014	25	0.6	4.2	0.12	3.64	0.35
28/10/2014	50	0.54	4.55	0.15	3.96	0.38
28/10/2014	50	0.54	4.55	0.15	3.96	0.38
28/10/2014	0	0.6	4.19	0.15	3.53	0.36
28/10/2014	0	0.6	4.21	0.15	3.55	0.36
28/10/2014	10	0.61	4.15	0.13	3.57	0.33
28/10/2014	10	0.61	4.15	0.13	3.55	0.33
28/10/2014	25	0.6	4.24	0.14	3.6	0.34
28/10/2014	25	0.6	4.24	0.14	3.6	0.34
28/10/2014	50	0.54	4.58	0.18	3.94	0.36
28/10/2014	50	0.54	4.59	0.19	3.95	0.37
05/11/2014	0	0.73	6.24	0.22	4.73	0.44
05/11/2014	0	0.73	6.25	0.23	4.74	0.44
05/11/2014	10	0.72	6.21	0.23	4.8	0.44
05/11/2014	10	0.72	6.2	0.22	4.78	0.43
05/11/2014	25	0.55	4.44	0.18	3.64	0.37
05/11/2014	25	0.55	NA	NA	NA	0.37
05/11/2014	50	0.53	4.35	0.23	3.52	0.36
05/11/2014	50	0.53	4.36	0.22	3.53	0.36
05/11/2014	0	0.73	6.3	0.29	4.68	0.41
05/11/2014	0	0.73	6.32	0.27	NA	0.42
05/11/2014	10	0.72	6.22	0.22	4.68	0.41
05/11/2014	10	0.72	6.2	0.22	4.66	0.41
05/11/2014	25	0.54	4.43	NA	3.43	0.33
05/11/2014	25	0.54	4.43	0.22	3.43	0.33
05/11/2014	50	0.53	4.4	0.28	3.49	0.34
05/11/2014	50	0.53	4.39	0.29	3.5	0.35
17/11/2014	0	0.48	9.13	0.34	5.64	0.45
17/11/2014	0	0.48	9.13	0.34	5.65	0.45
17/11/2014	10	0.45	5.08	0.14	3.32	0.38
17/11/2014	10	0.45	5.09	0.14	3.32	0.38
17/11/2014	25	0.46	4.82	0.12	NA	0.37
17/11/2014	25	0.46	4.82	0.11	3.11	0.37
17/11/2014	50	0.34	4.45	0.23	3.03	0.37
17/11/2014	50	0.34	4.45	0.23	3.02	0.37
17/11/2014	0	0.47	9.14	0.35	5.51	0.42
17/11/2014	0	0.47	9.13	0.35	5.52	0.42
17/11/2014	10	0.44	5.09	0.15	3.28	0.35
17/11/2014	10	0.44	5.1	NA	3.27	0.35
17/11/2014	25	0.46	4.83	0.13	3.08	0.35
17/11/2014	25	0.46	4.83	0.12	3.08	0.35
17/11/2014	50	0.34	4.45	0.28	2.95	0.36
17/11/2014	50	0.34	4.46	0.28	2.96	0.36
23/11/2014	0	0.33	4.96	0.12	2.86	0.38
23/11/2014	0	NA	NA	0.13	NA	NA
23/11/2014	10	NA	NA	0.14	NA	NA
23/11/2014	10	NA	NA	0.14	NA	NA
23/11/2014	25	NA	NA	0.15	NA	NA
23/11/2014	25	NA	NA	0.15	NA	NA
23/11/2014	50	NA	NA	0.14	NA	NA
23/11/2014	50	NA	NA	0.16	NA	NA
23/11/2014	0	0.31	4.8	0.18	2.71	0.37
23/11/2014	0	0.31	4.79	NA	2.72	0.37
23/11/2014	10	0.31	4.76	0.15	2.69	0.37
23/11/2014	10	0.31	4.77	NA	2.72	0.37
23/11/2014	25	0.31	4.76	0.18	2.68	0.37
23/11/2014	25	0.32	4.81	0.18	2.7	0.38
23/11/2014	50	0.31	4.76	NA	2.7	0.36
23/11/2014	50	0.31	4.77	0.16	2.7	0.36
02/12/2014	0	0.14	5.48	0.11	2.94	0.41
02/12/2014	0	0.14	5.52	0.08	2.95	0.41
02/12/2014	10	0.14	5.52	0.11	2.92	0.41
02/12/2014	10	0.14	NA	0.09	2.98	0.42
02/12/2014	25	0.15	5.51	0.09	3.07	0.42
02/12/2014	25	0.15	NA	0.1	3.06	0.42
02/12/2014	50	0.14	5.2	0.08	2.62	0.39
02/12/2014	50	0.15	NA	NA	NA	NA
02/12/2014	0	0.14	5.45	0.09	2.95	0.42
02/12/2014	0	0.15	5.51	0.09	2.92	0.4
02/12/2014	10	0.14	5.5	0.12	2.9	0.4
02/12/2014	10	0.14	5.5	0.12	2.91	0.4
02/12/2014	25	0.14	5.46	0.12	2.88	0.39
02/12/2014	25	0.14	5.46	0.11	2.87	0.4
02/12/2014	50	0.13	5.06	0.14	2.58	0.39
02/12/2014	50	0.13	5.07	0.12	NA	NA
08/12/2014	0	0.19	6.15	0.09	3.09	0.41
08/12/2014	0	0.19	6.17	0.08	3.11	0.4
08/12/2014	10	0.18	6.16	0.14	3.1	0.4
08/12/2014	10	0.18	6.16	0.13	3.1	0.4
08/12/2014	25	0.16	5.92	0.1	2.97	0.39
08/12/2014	25	0.16	5.9	0.09	2.97	0.39
08/12/2014	50	0.14	5.63	0.1	2.8	0.39
08/12/2014	50	0.14	5.63	0.1	2.8	0.39
08/12/2014	0	0.19	6.12	0.09	3.1	0.39
08/12/2014	0	0.19	6.13	0.08	3.1	0.39
08/12/2014	10	0.19	6.16	0.12	3.1	0.4
08/12/2014	10	0.19	6.16	0.11	3.1	0.41
08/12/2014	25	0.17	5.9	0.1	2.98	0.39
08/12/2014	25	0.17	5.92	0.1	2.98	0.39
08/12/2014	50	0.15	5.64	0.11	2.8	0.39
08/12/2014	50	0.15	5.65	0.12	2.8	0.39
15/12/2014	0	0.11	6.07	0.11	3.51	0.42
15/12/2014	0	0.1	NA	0.12	NA	0.43
15/12/2014	10	0.1	6.09	0.13	3.52	0.42
15/12/2014	10	0.11	6.08	0.13	3.52	0.43
15/12/2014	25	0.1	6.01	0.15	3.47	0.43
15/12/2014	25	0.1	6.01	0.14	NA	0.43
15/12/2014	50	0.11	NA	0.14	NA	NA
15/12/2014	50	0.1	6.09	0.13	3.54	0.44
15/12/2014	0	0.1	6.04	0.16	3.48	0.41
15/12/2014	0	0.11	6.08	0.12	3.5	0.41
15/12/2014	10	0.11	6.12	0.14	3.5	0.41
15/12/2014	10	0.11	6.12	0.16	3.51	0.42
15/12/2014	25	0.1	6.06	0.16	3.47	0.41
15/12/2014	25	0.1	6.07	0.15	3.45	0.42
15/12/2014	50	0.09	6.03	NA	3.47	0.41
15/12/2014	50	0.09	6.05	0.13	3.47	0.41
05/01/2015	0	0.1	6.9	0.08	4.16	0.48
05/01/2015	0	0.1	6.94	0.08	4.16	0.48
05/01/2015	10	0.1	6.94	0.08	4.15	0.48
05/01/2015	10	0.1	6.93	0.08	4.15	0.48
05/01/2015	25	0.09	6.76	0.06	4.05	0.48
05/01/2015	25	0.09	6.76	0.06	4.05	0.48
05/01/2015	50	0.1	6.73	0.07	4.01	0.47
05/01/2015	50	0.1	6.72	0.07	4.01	0.47
05/01/2015	0	0.09	6.99	0.12	4.14	0.46
05/01/2015	0	0.09	7.03	0.12	4.15	0.46
05/01/2015	10	0.1	6.99	0.05	4.13	0.46
05/01/2015	10	0.1	6.98	0.05	4.13	0.46
05/01/2015	25	0.09	6.77	0.05	4.04	0.47
05/01/2015	25	0.09	6.77	0.05	4.05	0.47
05/01/2015	50	0.1	6.73	0.05	4.01	0.48
05/01/2015	50	0.1	6.74	0.05	4.02	0.48
19/01/2015	0	0.13	6.7	0.16	3.11	0.47
19/01/2015	0	0.13	6.74	0.15	3.11	0.47
19/01/2015	10	0.13	6.76	0.14	3.11	0.48
19/01/2015	10	0.13	6.76	0.13	3.1	0.48
19/01/2015	25	0.1	6.05	NA	2.7	0.45
19/01/2015	25	0.1	6.05	0.12	2.7	0.45
19/01/2015	50	0.1	6.02	0.13	2.68	0.45
19/01/2015	50	0.1	6.03	0.13	2.68	0.45
19/01/2015	0	0.13	6.86	0.12	3.09	0.46
19/01/2015	0	0.13	6.88	0.13	3.09	0.46
19/01/2015	10	0.13	6.88	0.12	3.09	0.47
19/01/2015	10	0.13	6.91	0.12	3.1	0.47
19/01/2015	25	0.1	6.13	0.1	2.7	0.45
19/01/2015	25	0.1	6.14	0.1	2.7	0.45
19/01/2015	50	0.11	6.11	0.09	2.7	0.45
19/01/2015	50	0.11	6.11	0.09	2.7	0.45
27/01/2015	0	0.17	9.38	0.26	4.56	0.54
27/01/2015	0	0.17	9.38	0.27	4.56	0.54
27/01/2015	10	0.16	8.61	0.2	4.29	0.54
27/01/2015	10	0.16	8.61	0.2	4.29	0.54
27/01/2015	25	0.11	6.84	0.1	3.28	0.51
27/01/2015	25	0.11	6.84	0.1	3.27	0.51
27/01/2015	50	0.11	6.64	0.11	3.22	0.51
27/01/2015	50	0.11	6.64	0.09	3.22	0.51
27/01/2015	0	0.15	9.39	0.27	4.52	0.51
27/01/2015	0	0.15	9.39	0.27	4.52	0.52
27/01/2015	10	0.15	8.63	0.18	4.24	0.51
27/01/2015	10	0.15	8.63	0.17	4.25	0.51
27/01/2015	25	0.09	6.86	0.09	3.28	0.49
27/01/2015	25	0.09	6.86	0.09	3.28	0.49
27/01/2015	50	0.11	6.64	0.1	3.19	0.53
27/01/2015	50	0.11	6.64	0.11	3.2	0.53
02/02/2015	0	0.17	7.25	0.1	3.42	0.45
02/02/2015	0	0.17	7.26	0.1	3.4	0.45
02/02/2015	10	0.17	7.29	0.09	3.4	0.46
02/02/2015	10	0.17	7.3	0.09	3.4	0.46
02/02/2015	25	0.17	7.25	0.1	3.39	0.46
02/02/2015	25	0.17	7.26	0.11	3.4	0.46
02/02/2015	50	0.16	7.14	0.12	3.34	0.45
02/02/2015	50	0.16	7.15	0.12	3.34	0.45
02/02/2015	0	0.16	7.3	0.11	3.37	0.44
02/02/2015	0	0.16	7.3	0.1	3.37	0.44
02/02/2015	10	0.16	7.31	0.09	3.35	0.44
02/02/2015	10	0.16	7.31	0.09	3.35	0.44
02/02/2015	25	0.17	7.29	0.12	3.36	0.45
02/02/2015	25	0.17	7.3	0.12	3.38	0.45
02/02/2015	50	0.16	7.12	0.12	3.31	0.44
02/02/2015	50	0.16	7.12	0.12	3.3	0.44
09/02/2015	0	0.25	7.3	0.22	3.42	0.45
09/02/2015	0	0.25	7.34	0.22	3.42	0.45
09/02/2015	10	0.25	7.4	0.21	3.43	0.45
09/02/2015	10	0.25	7.4	0.22	3.45	0.45
09/02/2015	25	0.25	7.46	0.22	3.43	0.45
09/02/2015	25	0.25	7.46	0.22	3.43	0.45
09/02/2015	50	0.25	7.45	0.23	3.46	0.45
09/02/2015	50	0.25	7.46	0.23	3.45	0.45
09/02/2015	0	0.25	7.45	0.24	3.42	0.43
09/02/2015	0	0.25	7.52	0.22	3.42	0.43
09/02/2015	10	0.25	7.56	0.22	3.45	0.43
09/02/2015	10	0.25	7.58	0.22	3.45	0.43
09/02/2015	25	0.25	7.58	0.22	3.43	0.43
09/02/2015	25	0.25	7.58	0.21	3.43	0.43
09/02/2015	50	0.25	7.59	NA	3.44	0.44
09/02/2015	50	0.25	7.59	0.27	3.43	0.44
16/02/2015	0	0.19	7.47	0.22	3.42	0.47
16/02/2015	0	0.19	7.47	0.21	3.42	0.47
16/02/2015	10	0.19	7.5	0.23	3.44	0.47
16/02/2015	10	0.19	7.5	0.23	3.43	0.47
16/02/2015	25	0.18	7.36	0.23	3.38	0.47
16/02/2015	25	0.18	7.37	0.23	3.37	0.47
16/02/2015	50	0.2	6.93	0.24	3.14	0.46
16/02/2015	50	0.2	6.92	0.24	3.14	0.46
16/02/2015	0	0.19	7.56	0.25	3.42	0.45
16/02/2015	0	0.19	7.56	0.27	3.42	0.45
16/02/2015	10	0.19	7.59	0.2	3.43	0.46
16/02/2015	10	0.19	7.58	0.22	3.42	0.46
16/02/2015	25	0.18	7.44	0.19	3.36	0.46
16/02/2015	25	0.18	7.44	0.2	3.37	0.46
16/02/2015	50	0.2	7	0.2	3.13	0.45
16/02/2015	50	0.2	7	0.2	3.13	0.45
10/03/2015	0	0.2	5.07	NA	1.84	0.36
10/03/2015	0	0.2	5.09	NA	1.85	0.37
10/03/2015	10	0.19	4.75	NA	1.62	0.29
10/03/2015	10	0.19	4.75	NA	1.61	0.29
10/03/2015	25	0.19	4.78	NA	1.56	0.3
10/03/2015	25	0.19	4.78	NA	1.57	0.3
10/03/2015	50	0.19	4.86	NA	1.65	0.32
10/03/2015	50	0.19	4.86	NA	1.66	0.3
10/03/2015	0	0.2	5.21	NA	1.99	0.28
10/03/2015	0	0.19	5.2	NA	1.98	0.28
10/03/2015	10	0.19	4.89	NA	1.68	0.28
10/03/2015	10	0.19	4.88	NA	1.69	0.28
10/03/2015	25	0.19	4.92	NA	1.63	0.29
10/03/2015	25	0.19	4.91	NA	1.64	0.29
10/03/2015	50	0.19	4.91	NA	1.66	0.3
10/03/2015	50	0.19	4.93	NA	1.65	0.3
16/03/2015	0	0.18	4.82	0.32	1.36	0.32
16/03/2015	0	0.18	4.83	0.32	1.35	0.34
16/03/2015	10	0.18	4.85	0.31	1.36	0.36
16/03/2015	10	0.18	4.83	0.31	1.36	0.35
16/03/2015	25	0.18	4.84	0.36	1.4	0.35
16/03/2015	25	0.18	4.85	0.34	1.39	0.35
16/03/2015	50	0.18	4.91	0.4	NA	NA
16/03/2015	50	0.18	4.91	0.38	1.39	0.35
16/03/2015	0	0.18	4.79	NA	1.36	0.33
16/03/2015	0	0.18	4.8	0.39	1.36	0.34
16/03/2015	10	0.18	4.81	NA	1.37	0.33
16/03/2015	10	0.18	4.82	0.39	1.39	0.34
16/03/2015	25	0.2	4.94	0.35	NA	0.39
16/03/2015	25	0.2	NA	0.34	1.44	0.39
16/03/2015	50	0.18	4.87	0.39	1.37	0.39
16/03/2015	50	0.18	4.87	0.38	1.37	0.39
23/03/2015	0	0.14	3.86	0.29	0.93	0.29
23/03/2015	0	0.14	3.87	0.28	0.92	0.29
23/03/2015	10	0.14	3.88	0.28	0.9	0.3
23/03/2015	10	0.14	3.88	0.27	0.91	0.29
23/03/2015	25	0.15	3.86	0.31	0.88	0.3
23/03/2015	25	0.15	3.86	0.3	0.89	0.3
23/03/2015	50	0.15	3.89	0.33	0.89	0.3
23/03/2015	50	0.15	3.89	0.32	0.89	0.3
23/03/2015	0	0.14	3.89	NA	0.89	0.27
23/03/2015	0	0.14	3.85	NA	0.89	0.28
23/03/2015	10	0.14	3.87	0.34	0.88	0.28
23/03/2015	10	0.14	3.87	0.36	0.88	0.28
23/03/2015	25	0.14	3.89	NA	0.9	0.28
23/03/2015	25	0.14	3.89	0.34	0.9	0.28
23/03/2015	50	0.14	3.89	0.3	0.88	0.26
23/03/2015	50	0.14	3.89	0.3	0.87	0.27
30/03/2015	0	0.14	3.86	0.29	0.93	0.29
30/03/2015	0	0.14	3.87	0.28	0.92	0.29
30/03/2015	10	0.14	3.88	0.28	0.9	0.3
30/03/2015	10	0.14	3.88	0.27	0.91	0.32
30/03/2015	25	0.15	3.86	0.31	0.88	0.3
30/03/2015	25	0.15	3.86	0.3	0.89	0.3
30/03/2015	50	0.15	3.89	0.33	0.89	0.3
30/03/2015	50	0.15	3.89	0.32	0.89	0.3
30/03/2015	0	0.14	3.89	NA	0.89	0.27
30/03/2015	0	0.14	4.02	NA	0.89	0.28
30/03/2015	10	0.14	3.87	0.34	0.88	0.28
30/03/2015	10	0.14	3.87	0.36	0.88	0.28
30/03/2015	25	0.14	3.89	NA	0.9	0.28
30/03/2015	25	0.14	3.89	0.34	0.9	0.28
30/03/2015	50	0.14	3.89	0.3	0.88	0.26
30/03/2015	50	0.14	3.89	0.3	0.89	0.27
07/04/2015	0	0.12	2.89	0.74	1.18	0.25
07/04/2015	0	0.12	2.87	0.7	1.19	0.26
07/04/2015	10	0.12	2.89	0.73	1.23	0.27
07/04/2015	10	0.12	2.89	0.73	1.25	0.27
07/04/2015	25	0.12	2.91	0.75	1.21	0.28
07/04/2015	25	0.12	2.91	0.73	1.2	0.29
07/04/2015	50	0.14	3.2	0.67	1.33	0.3
07/04/2015	50	0.14	3.19	0.69	1.33	0.29
07/04/2015	0	0.12	2.94	NA	1.17	0.24
07/04/2015	0	0.12	2.94	0.69	1.17	0.24
07/04/2015	10	0.11	2.92	0.69	1.18	0.25
07/04/2015	10	0.11	2.92	0.66	1.19	0.25
07/04/2015	25	0.12	2.95	0.71	1.15	0.25
07/04/2015	25	0.12	2.95	0.71	1.15	0.25
07/04/2015	50	0.13	3.25	0.7	1.29	0.26
07/04/2015	50	0.13	3.25	0.7	1.29	0.27
13/04/2015	0	0.07	1.18	0.2	1.26	0.12
13/04/2015	0	0.07	1.18	0.19	1.26	0.12
13/04/2015	10	0.07	1.24	0.21	1.24	0.13
13/04/2015	10	0.07	1.24	0.22	1.24	0.13
13/04/2015	25	0.08	1.44	NA	1.19	0.14
13/04/2015	25	0.08	1.44	0.32	1.19	0.14
13/04/2015	50	0.12	2.45	0.68	1.4	0.24
13/04/2015	50	0.12	2.45	0.68	1.4	0.25
13/04/2015	0	0.06	1.23	0.19	1.23	0.1
13/04/2015	0	0.06	1.23	0.2	1.23	0.1
13/04/2015	10	0.06	1.3	0.26	1.23	0.12
13/04/2015	10	0.06	1.3	0.25	1.21	0.11
13/04/2015	25	0.07	1.52	0.28	1.23	0.14
13/04/2015	25	0.07	1.53	0.29	1.23	0.14
13/04/2015	50	0.11	2.51	0.68	1.42	0.23
13/04/2015	50	0.11	2.51	0.7	1.41	0.23
20/04/2015	0	0.07	1.28	0.88	1.52	0.17
20/04/2015	0	0.07	1.29	0.89	1.52	0.17
20/04/2015	10	0.07	1.31	0.91	1.5	0.17
20/04/2015	10	0.07	1.31	0.92	1.5	0.17
20/04/2015	25	0.07	1.33	0.94	1.48	0.17
20/04/2015	25	0.07	1.33	0.93	1.48	0.17
20/04/2015	50	0.09	1.37	1.04	1.55	0.2
20/04/2015	50	0.09	1.37	1.04	1.56	0.2
20/04/2015	0	0.07	1.35	0.94	1.5	0.14
20/04/2015	0	0.07	1.35	0.91	1.5	0.15
20/04/2015	10	0.07	1.34	0.9	1.5	0.15
20/04/2015	10	0.07	1.34	0.9	1.51	0.15
20/04/2015	25	0.07	1.36	0.95	1.48	0.18
20/04/2015	25	0.07	1.35	0.95	1.49	0.17
20/04/2015	50	0.07	1.38	0.99	1.5	0.17
20/04/2015	50	0.07	1.38	1	1.5	0.17
27/04/2015	0	0	0	0.17	1.08	0.06
27/04/2015	0	0	0	0.15	1.09	0.06
27/04/2015	10	0.01	0.06	0.21	0.87	0.07
27/04/2015	10	0.01	0.06	0.21	0.86	0.07
27/04/2015	25	0.01	0.04	0.31	0.83	0.08
27/04/2015	25	0.01	0.04	0.32	0.85	0.08
27/04/2015	50	0.04	0.25	0.92	1.06	0.14
27/04/2015	50	0.04	0.25	0.95	1.08	0.14
27/04/2015	0	0	0.03	NA	0.96	0.06
27/04/2015	0	0	0.03	0.2	0.92	0.06
27/04/2015	10	0	0.07	0.26	0.87	0.06
27/04/2015	10	0	0.08	0.28	0.86	0.06
27/04/2015	25	0	0.05	0.4	0.76	0.09
27/04/2015	25	0	0.05	0.38	0.75	0.09
27/04/2015	50	0.02	0.26	0.98	0.96	0.14
27/04/2015	50	0.02	0.26	0.96	0.97	0.13
07/05/2015	0	0.02	0.25	NA	1.19	0.1
07/05/2015	0	0.02	0.25	NA	1.21	0.09
07/05/2015	10	0.02	0.25	NA	1.19	0.1
07/05/2015	10	0.02	0.25	NA	1.2	0.1
07/05/2015	25	0	0.2	NA	0.78	0.11
07/05/2015	25	0	0.2	NA	0.79	0.11
07/05/2015	50	0	0.23	NA	0.79	0.12
07/05/2015	50	0	0.23	NA	0.81	0.12
07/05/2015	0	0.01	0.3	NA	1.22	0.09
07/05/2015	0	0.01	0.3	NA	1.23	0.1
07/05/2015	10	0.01	0.29	NA	1.25	0.11
07/05/2015	10	0.01	0.29	NA	1.25	0.11
07/05/2015	25	0	0.25	NA	0.77	0.12
07/05/2015	25	0	0.25	NA	0.77	0.12
07/05/2015	50	0	0.27	NA	0.82	0.14
07/05/2015	50	0	0.27	NA	0.8	0.13
11/05/2015	0	0.04	0.6	NA	1.5	0.13
11/05/2015	0	0.04	0.61	NA	1.47	0.13
11/05/2015	10	0.03	0.6	NA	1.4	0.13
11/05/2015	10	0.03	0.6	NA	1.4	0.13
11/05/2015	25	0.02	0.33	NA	1.02	0.18
11/05/2015	25	0.02	0.34	NA	1.01	0.18
11/05/2015	50	0.02	0.37	NA	1.07	0.19
11/05/2015	50	0.02	0.37	NA	1.07	0.19
11/05/2015	0	0.03	0.63	NA	1.47	0.13
11/05/2015	0	0.03	0.62	NA	1.48	0.13
11/05/2015	10	0.03	0.62	NA	1.41	0.13
11/05/2015	10	0.03	0.62	NA	1.4	0.13
11/05/2015	25	0.02	0.35	NA	1.02	0.18
11/05/2015	25	0.02	0.34	NA	1.01	0.18
11/05/2015	50	0.02	0.37	NA	1.08	0.18
11/05/2015	50	0.02	0.38	NA	1.08	0.18
20/05/2015	0	0.02	0.14	NA	0.73	0.11
20/05/2015	0	0.02	0.14	NA	0.73	0.11
20/05/2015	10	0.02	0.15	NA	0.7	0.11
20/05/2015	10	0.02	0.15	NA	0.71	0.11
20/05/2015	25	0.02	0.31	NA	0.86	0.16
20/05/2015	25	0.02	0.31	NA	0.84	0.16
20/05/2015	50	0.02	0.32	NA	0.94	0.17
20/05/2015	50	0.02	0.32	NA	0.93	0.17
20/05/2015	0	0.01	0.18	NA	0.73	0.1
20/05/2015	0	0.01	0.18	NA	0.73	0.1
20/05/2015	10	0.01	0.18	NA	0.75	0.1
20/05/2015	10	0.01	0.18	NA	0.74	0.1
20/05/2015	25	0.02	0.31	NA	0.85	0.16
20/05/2015	25	0.02	0.31	NA	0.84	0.16
20/05/2015	50	0.02	0.34	NA	0.93	0.18
20/05/2015	50	0.02	0.34	NA	0.93	0.17
27/05/2015	0	0	0	0.47	0.16	0.03
27/05/2015	0	0	0	NA	0.18	0.03
27/05/2015	10	0	0	0.75	0.16	0.03
27/05/2015	10	0	0	0.76	0.16	0.03
27/05/2015	25	0.03	0.33	1.13	0.9	0.16
27/05/2015	25	0.03	0.34	1.12	0.9	0.16
27/05/2015	50	0.03	0.35	1.22	1.02	0.18
27/05/2015	50	0.03	0.36	1.19	1.02	0.18
27/05/2015	0	0	0.02	NA	0.17	0.03
27/05/2015	0	0	0.02	0.53	0.17	0.03
27/05/2015	10	0	0.02	0.23	0.15	0.02
27/05/2015	10	0	0.01	0.23	0.15	0.02
27/05/2015	25	0.02	0.32	1.01	0.86	0.16
27/05/2015	25	0.02	0.32	1.03	0.86	0.15
27/05/2015	50	0.03	NA	1.18	0.96	0.16
27/05/2015	50	0.03	0.38	1.19	0.96	0.16
03/06/2015	0	0.01	0.06	NA	0.83	0.13
03/06/2015	0	0.01	0.06	NA	0.83	0.13
03/06/2015	10	0.01	0.13	NA	0.84	0.14
03/06/2015	10	0.01	0.13	NA	0.84	0.14
03/06/2015	25	0.02	0.14	NA	0.87	0.14
03/06/2015	25	0.02	0.15	NA	0.87	0.15
03/06/2015	50	0.02	0.16	NA	0.89	0.13
03/06/2015	50	0.02	0.16	NA	0.89	0.13
03/06/2015	0	0	0.08	NA	0.84	0.11
03/06/2015	0	0	0.08	NA	0.84	0.11
03/06/2015	10	0	0.13	NA	0.83	0.11
03/06/2015	10	0	0.13	NA	0.84	0.11
03/06/2015	25	0.01	0.17	NA	0.85	0.12
03/06/2015	25	0.01	0.17	NA	0.86	0.12
03/06/2015	50	0.01	0.16	NA	0.87	0.12
03/06/2015	50	0.01	0.16	NA	0.87	0.12
08/06/2015	0	0	0	NA	NA	0.08
08/06/2015	0	0	0	NA	0.33	0.08
08/06/2015	10	0	0	NA	0.34	0.08
08/06/2015	10	0	0	NA	0.36	0.08
08/06/2015	25	0	0	NA	0.44	0.08
08/06/2015	25	0	0	NA	0.46	0.08
08/06/2015	50	0.02	0.31	NA	0.93	0.16
08/06/2015	50	0.02	0.31	NA	0.96	0.16
08/06/2015	0	0	0	NA	NA	0.07
08/06/2015	0	0	0	NA	NA	0.07
08/06/2015	10	0	0	NA	NA	0.07
08/06/2015	10	0	0	NA	NA	0.07
08/06/2015	25	0	0	NA	NA	0.06
08/06/2015	25	0	0	NA	NA	0.06
08/06/2015	50	0.01	0.29	NA	NA	0.14
08/06/2015	50	0.01	0.31	NA	NA	0.14
15/06/2015	0	0	0	0.19	0.29	0.03
15/06/2015	0	0	0	0.18	0.29	0.03
15/06/2015	10	0	0	0.17	0.29	0.07
15/06/2015	10	0	0	0.16	0.29	0.07
15/06/2015	25	0.02	0.08	NA	0.84	0.14
15/06/2015	25	0.02	0.08	0.57	0.85	0.14
15/06/2015	50	0.03	0.18	0.77	1.06	0.15
15/06/2015	50	0.03	0.18	0.78	1.06	0.16
15/06/2015	0	0	0	0.21	0.3	0.04
15/06/2015	0	0	0	NA	0.3	0.04
15/06/2015	10	0	0	0.2	0.29	0.05
15/06/2015	10	0	0	0.19	0.3	0.05
15/06/2015	25	0.02	0.1	0.59	0.84	0.14
15/06/2015	25	0.02	0.1	0.59	0.84	0.14
15/06/2015	50	0.03	0.18	0.73	1.06	0.16
15/06/2015	50	0.03	0.18	0.76	1.06	0.16
22/06/2015	0	0	0	0.22	0.24	0.07
22/06/2015	0	0	0	0.22	0.26	0.07
22/06/2015	10	0	0	0.1	0.31	0.07
22/06/2015	10	0	0	0.09	0.33	0.07
22/06/2015	25	0.04	0.33	0.97	0.62	NA
22/06/2015	25	0.04	0.33	0.92	0.61	NA
22/06/2015	50	0.04	0.33	0.87	0.65	0.15
22/06/2015	50	0.04	0.34	0.85	0.64	0.15
22/06/2015	0	0	0	0.22	0.19	0.06
22/06/2015	0	0	0	0.21	0.21	0.06
22/06/2015	10	0	0	NA	0.19	NA
22/06/2015	10	0	0	0.6	0.19	0.07
22/06/2015	25	0.03	0.32	1.02	0.59	NA
22/06/2015	25	0.03	0.32	1	0.57	NA
22/06/2015	50	0.03	0.34	0.87	0.6	0.14
22/06/2015	50	0.03	0.34	0.88	0.6	0.15
29/06/2015	0	0	0	NA	NA	0.05
29/06/2015	0	0	0	NA	NA	0.05
29/06/2015	10	0.01	0.04	NA	NA	0.05
29/06/2015	10	0.01	0.04	NA	NA	0.05
29/06/2015	25	0.01	0.02	NA	NA	0.11
29/06/2015	25	0.01	0.02	NA	NA	0.11
29/06/2015	50	0.05	0.38	NA	NA	0.2
29/06/2015	50	0.05	0.38	NA	NA	0.2
29/06/2015	0	0.01	0.02	NA	NA	0.04
29/06/2015	0	0.01	0.02	NA	NA	0.04
29/06/2015	10	0.01	0.05	NA	NA	0.04
29/06/2015	10	0.01	0.05	NA	NA	0.04
29/06/2015	25	0.01	0.02	NA	NA	0.07
29/06/2015	25	0.01	0.02	NA	NA	0.07
29/06/2015	50	0.04	0.38	NA	NA	0.18
29/06/2015	50	0.04	0.38	NA	NA	0.17
06/07/2015	0	0.02	0.02	NA	0.17	0.04
06/07/2015	0	0.02	0.02	NA	0.17	0.04
06/07/2015	10	0.02	0.03	NA	0.17	0.04
06/07/2015	10	0.02	0.03	NA	0.17	0.04
06/07/2015	25	0.04	0.22	NA	0.6	0.14
06/07/2015	25	0.04	0.22	NA	0.6	0.14
06/07/2015	50	0.05	0.24	NA	0.8	0.15
06/07/2015	50	0.05	0.24	NA	0.79	0.15
06/07/2015	0	0	0	NA	0.16	0.02
06/07/2015	0	0	0	NA	0.16	0.02
06/07/2015	10	0.01	0.04	NA	0.14	0.03
06/07/2015	10	0.01	0.04	NA	0.14	0.03
06/07/2015	25	0.04	0.23	NA	0.6	0.13
06/07/2015	25	0.04	0.23	NA	0.6	0.13
06/07/2015	50	0.05	0.23	NA	0.8	0.15
06/07/2015	50	0.05	0.23	NA	0.79	0.15
14/07/2015	0	0	0	0.05	0.55	0.04
14/07/2015	0	0	0	0.05	0.56	0.04
14/07/2015	10	0	0	0.07	0.57	0.04
14/07/2015	10	0	0	0.06	0.58	0.04
14/07/2015	25	0.01	0.02	0.14	0.44	0.03
14/07/2015	25	0.01	0.02	0.15	0.44	0.03
14/07/2015	50	0.08	0.59	1.66	1.27	0.2
14/07/2015	50	0.08	0.59	1.66	1.28	0.2
14/07/2015	0	0	0.02	0.11	0.56	0.02
14/07/2015	0	NA	NA	NA	0.56	0.02
14/07/2015	10	0	0.02	0.05	0.56	0.02
14/07/2015	10	0	0.02	0.07	0.56	0.02
14/07/2015	25	0.02	0.04	0.15	0.45	0.02
14/07/2015	25	0.02	0.04	0.16	0.45	0.02
14/07/2015	50	0.07	0.59	1.57	1.27	0.19
14/07/2015	50	0.07	0.59	1.61	1.27	0.19
20/07/2015	0	0	0	0	0.64	0
20/07/2015	0	0	0	0	0.64	0
20/07/2015	10	0	0	0	0.44	0
20/07/2015	10	0	0	0	0.45	0
20/07/2015	25	0.05	0.41	0.71	1.27	0.14
20/07/2015	25	0.05	0.41	0.69	1.28	0.14
20/07/2015	50	0.06	0.47	0.85	1.3	0.16
20/07/2015	50	0.06	0.47	0.85	1.29	0.16
20/07/2015	0	0	0	0	0.61	0
20/07/2015	0	0	0	0	0.61	0
20/07/2015	10	0	0	0	0.47	0
20/07/2015	10	0	0	0	0.47	0
20/07/2015	25	0.04	0.43	0.68	1.3	0.12
20/07/2015	25	0.04	0.42	0.68	1.31	0.13
20/07/2015	50	0.05	0.5	NA	1.3	0.13
20/07/2015	50	0.05	0.5	0.86	1.29	0.13
28/07/2015	0	0.02	0.16	0.57	1.03	0.06
28/07/2015	0	0.02	0.16	0.56	1.04	0.06
28/07/2015	10	0.02	0.17	0.58	1.06	0.09
28/07/2015	10	0.02	0.18	0.58	1.06	0.09
28/07/2015	25	0.04	0.44	0.89	0.94	0.11
28/07/2015	25	0.04	0.44	0.89	0.93	0.1
28/07/2015	50	0.1	1.3	1.87	1.56	0.22
28/07/2015	50	0.1	1.28	1.85	1.55	0.22
28/07/2015	0	0.02	0.18	0.55	0.96	0.06
28/07/2015	0	0.02	0.18	0.51	0.97	0.07
28/07/2015	10	0.02	0.31	0.51	1	0.09
28/07/2015	10	0.02	0.29	0.51	NA	NA
28/07/2015	25	0.04	0.44	0.84	0.95	0.09
28/07/2015	25	0.04	0.44	0.84	0.95	0.1
28/07/2015	50	0.09	1.16	2.05	1.51	0.2
28/07/2015	50	0.09	1.16	2.04	1.51	0.2
03/08/2015	0	0	0	0.35	0.28	0
03/08/2015	0	0	0	0.34	0.28	0
03/08/2015	10	NA	NA	NA	NA	NA
03/08/2015	10	NA	NA	NA	NA	NA
03/08/2015	25	0.1	1.23	1.75	1.47	0.19
03/08/2015	25	0.1	1.23	1.74	1.47	0.19
03/08/2015	50	0.11	1.25	1.8	1.55	0.2
03/08/2015	50	0.11	1.25	1.8	1.55	0.2
03/08/2015	0	0	0	0.47	0.25	0
03/08/2015	0	0	0	0.48	0.25	0
03/08/2015	10	NA	NA	NA	NA	NA
03/08/2015	10	NA	NA	NA	NA	NA
03/08/2015	25	0.1	1.24	1.71	1.45	0.18
03/08/2015	25	0.1	1.23	1.72	1.44	0.18
03/08/2015	50	0.1	1.25	1.75	1.52	0.18
03/08/2015	50	0.1	1.25	1.76	1.53	0.18
10/08/2015	0	0	0	0.29	0.26	0
10/08/2015	0	0	0	0.31	0.26	0
10/08/2015	10	0	0	0.26	0.31	0
10/08/2015	10	0	0	0.25	0.32	0
10/08/2015	25	0.07	0.56	1.1	1.14	0.13
10/08/2015	25	0.07	0.56	1.1	1.13	0.13
10/08/2015	50	0.12	1	1.34	1.84	0.19
10/08/2015	50	0.12	1.01	1.34	1.84	0.19
10/08/2015	0	0	0	0.3	0.26	0
10/08/2015	0	0	0	0.33	0.26	0
10/08/2015	10	0	0	0.29	0.34	0.02
10/08/2015	10	0	0	0.31	0.33	0.02
10/08/2015	25	0.06	0.61	1.11	1.14	0.13
10/08/2015	25	0.06	0.61	1.11	1.13	0.13
10/08/2015	50	0.11	1.05	1.38	1.86	0.18
10/08/2015	50	0.11	1.05	1.37	1.86	0.18
17/08/2015	0	0	0	0.14	0.49	0
17/08/2015	0	0	0	0.16	0.5	0
17/08/2015	10	0	0	0.13	0.62	0
17/08/2015	10	0	0	0.13	0.62	0
17/08/2015	25	0.05	0.27	0.59	1.7	0.09
17/08/2015	25	0.05	0.27	0.61	1.7	0.09
17/08/2015	50	0.05	0.29	0.68	1.85	0.11
17/08/2015	50	0.05	0.29	0.69	1.85	0.11
17/08/2015	0	0	0	0.15	0.48	0
17/08/2015	0	0	0	0.14	0.48	0
17/08/2015	10	0	0	0.12	0.61	0
17/08/2015	10	0	0	0.13	0.62	0
17/08/2015	25	0.04	0.28	0.64	1.73	0.1
17/08/2015	25	0.04	0.27	0.64	1.73	0.1
17/08/2015	50	0.04	0.3	0.65	1.86	0.1
17/08/2015	50	0.04	0.3	0.67	1.86	0.1
24/08/2015	0	0	0	0.3	0.57	0.05
24/08/2015	0	0	0	0.3	0.57	0.05
24/08/2015	10	0	0	NA	0.56	0.05
24/08/2015	10	0	0	0.32	0.56	0.05
24/08/2015	25	0.03	0.13	0.56	0.86	0.07
24/08/2015	25	0.03	0.13	0.56	0.86	0.07
24/08/2015	50	0.08	0.46	1.9	1.94	0.23
24/08/2015	50	0.08	0.46	1.9	1.94	0.23
01/09/2015	0	0.14	0.85	0.59	2.04	0.13
01/09/2015	0	0.14	0.83	0.62	2.02	0.13
01/09/2015	10	0.14	0.79	0.57	2	0.13
01/09/2015	10	0.14	0.78	0.57	1.99	0.13
01/09/2015	25	0.16	0.83	NA	2.33	0.25
01/09/2015	25	0.16	0.81	1.81	2.35	0.25
01/09/2015	50	0.16	0.86	1.83	2.33	0.25
01/09/2015	50	0.16	0.86	1.83	2.32	0.24
01/09/2015	0	0.14	0.83	NA	2.02	0.14
01/09/2015	0	0.14	0.82	0.64	2.03	0.13
01/09/2015	10	0.14	0.78	0.54	2	0.14
01/09/2015	10	0.14	0.78	0.54	2.01	0.14
01/09/2015	25	0.16	0.81	1.69	2.26	0.23
01/09/2015	25	0.16	0.81	1.69	2.24	0.23
01/09/2015	50	0.16	0.82	1.69	NA	0.23
01/09/2015	50	0.17	0.85	1.75	2.34	0.24
07/09/2015	0	0.5	1.15	0.14	1.51	0.11
07/09/2015	0	0.5	1.15	0.11	1.51	0.11
07/09/2015	10	0.54	1.24	0.22	1.56	0.13
07/09/2015	10	0.54	1.24	0.23	1.56	0.13
07/09/2015	25	0.58	1.48	1.01	1.88	0.19
07/09/2015	25	0.58	1.48	1	1.89	0.2
07/09/2015	50	0.58	1.53	1.16	2.17	0.22
07/09/2015	50	0.58	1.54	1.15	2.16	0.22
07/09/2015	0	0.5	1.13	0.08	1.52	0.12
07/09/2015	0	0.5	1.13	0.09	1.52	0.13
07/09/2015	10	0.55	1.24	NA	1.55	0.14
07/09/2015	10	0.55	1.24	0.2	1.56	0.15
07/09/2015	25	0.58	1.49	0.94	1.89	0.2
07/09/2015	25	0.58	1.49	0.94	1.88	0.2
07/09/2015	50	0.59	1.54	1.09	2.16	0.22
07/09/2015	50	0.59	1.54	1.09	2.16	0.22
16/09/2015	0	0.04	0.12	0	1.35	0.06
16/09/2015	0	0.04	0.12	0	1.35	0.06
16/09/2015	10	0.04	0.12	0	1.35	0.07
16/09/2015	10	0.04	0.12	0	1.35	0.07
16/09/2015	25	0.11	0.35	0.11	1.77	NA
16/09/2015	25	0.11	0.35	0.11	1.71	0.1
16/09/2015	50	0.18	0.53	0.28	1.75	0.14
16/09/2015	50	0.18	0.53	0.28	1.74	0.12
16/09/2015	0	0.05	0.11	0	1.37	0.09
16/09/2015	0	0.05	0.11	0	1.37	0.1
16/09/2015	10	0.05	0.12	0	1.37	0.12
16/09/2015	10	0.05	0.12	0	1.35	0.13
16/09/2015	25	0.11	0.34	0.08	1.51	0.13
16/09/2015	25	0.11	0.34	0.08	1.5	0.13
16/09/2015	50	0.18	0.55	0.3	1.72	0.14
16/09/2015	50	0.18	0.55	0.3	1.72	0.14
23/09/2015	0	0.15	0.5	0.14	1.94	0.09
23/09/2015	0	0.15	0.5	0.13	1.95	0.09
23/09/2015	10	0.15	0.49	0.15	1.95	0.1
23/09/2015	10	0.15	0.5	0.16	1.96	0.1
23/09/2015	25	0.15	0.42	0.17	1.88	0.1
23/09/2015	25	0.14	0.43	0.15	1.91	0.1
23/09/2015	50	0.65	2.52	NA	2.97	0.25
23/09/2015	50	0.65	2.54	0.22	2.97	0.25
23/09/2015	0	0.15	0.4	0.16	1.75	0.13
23/09/2015	0	0.15	0.4	0.15	1.76	0.13
23/09/2015	10	0.17	0.49	0.24	NA	0.15
23/09/2015	10	0.17	0.48	0.23	1.81	0.15
23/09/2015	25	0.17	0.49	0.17	1.82	0.15
23/09/2015	25	0.17	0.48	0.17	1.82	0.15
23/09/2015	50	0.63	2.49	0.05	2.7	0.24
23/09/2015	50	0.63	2.49	0.05	2.71	0.24
29/09/2015	0	0.07	0.13	NA	2.29	0.1
29/09/2015	0	0.07	0.12	0.11	2.29	0.1
29/09/2015	10	0.09	0.14	0	2.26	0.08
29/09/2015	10	0.09	0.15	0	2.28	0.09
29/09/2015	25	0.08	0.11	0	2.22	0.08
29/09/2015	25	0.08	0.11	0	2.22	0.08
29/09/2015	50	0.05	0.07	0	2.17	0.08
29/09/2015	50	0.05	0.07	0	2.17	0.08
29/09/2015	0	0.05	0.06	0	2.29	0.09
29/09/2015	0	0.05	0.06	0	2.29	0.09
29/09/2015	10	0.05	0.06	0	2.25	0.07
29/09/2015	10	0.06	0.06	0	2.26	0.07
29/09/2015	25	0.06	0.06	0	2.24	0.08
29/09/2015	25	0.05	0.07	0	2.24	0.08
29/09/2015	50	0.05	0.06	0	2.18	0.08
29/09/2015	50	0.05	0.06	0	2.19	0.08
07/10/2015	0	0.16	0.24	0.15	2.16	0.1
07/10/2015	0	0.16	0.24	0.15	2.17	0.1
07/10/2015	10	0.16	0.24	0.14	2.15	0.09
07/10/2015	10	0.16	0.24	0.14	2.15	0.09
07/10/2015	25	0.24	0.35	0.27	2.08	0.1
07/10/2015	25	0.24	0.35	0.26	2.08	0.1
07/10/2015	50	0.43	0.84	0.8	2.51	0.16
07/10/2015	50	0.43	0.84	0.78	2.51	0.16
07/10/2015	0	0.16	0.24	0.15	2.14	0.08
07/10/2015	0	0.16	0.24	0.16	2.14	0.09
07/10/2015	10	0.17	0.25	0.16	2.14	0.09
07/10/2015	10	0.17	0.25	0.16	2.14	0.09
07/10/2015	25	0.25	0.36	0.3	2.08	0.09
07/10/2015	25	0.25	0.36	0.28	2.08	0.09
07/10/2015	50	0.43	0.84	0.69	2.46	0.14
07/10/2015	50	0.43	0.84	0.69	2.46	0.14
13/10/2015	0	0.74	1.23	0.32	2.52	0.17
13/10/2015	0	0.74	1.23	0.3	2.52	0.17
13/10/2015	10	0.73	1.23	0.34	2.53	0.17
13/10/2015	10	0.73	1.24	0.33	2.52	0.17
13/10/2015	25	0.73	1.23	0.35	2.51	0.17
13/10/2015	25	0.73	1.23	0.35	2.51	0.17
13/10/2015	50	0.8	1.3	0.27	2.4	0.17
13/10/2015	50	0.8	1.3	0.27	2.41	0.17
13/10/2015	0	0.73	1.22	0.3	2.5	0.16
13/10/2015	0	0.73	1.22	0.31	2.5	0.16
13/10/2015	10	0.72	1.22	0.32	2.5	0.16
13/10/2015	10	0.72	1.22	0.31	2.5	0.16
13/10/2015	25	0.72	1.23	0.31	2.49	0.16
13/10/2015	25	0.72	1.23	0.31	2.5	0.16
13/10/2015	50	0.8	1.32	0.34	2.4	0.16
13/10/2015	50	0.8	1.32	0.34	2.39	0.16
19/10/2015	0	0.92	1.28	0.11	1.96	0.16
19/10/2015	0	0.92	1.29	0.12	1.97	0.16
19/10/2015	10	0.92	1.29	0.15	1.96	0.16
19/10/2015	10	0.92	1.29	0.15	1.96	0.16
19/10/2015	25	0.92	1.27	0.12	1.96	0.16
19/10/2015	25	0.92	1.27	0.12	1.95	0.16
19/10/2015	50	0.94	1.29	0.13	1.96	0.16
19/10/2015	50	0.94	1.29	0.13	1.95	0.16
19/10/2015	0	0.91	1.2	NA	1.94	0.15
19/10/2015	0	0.91	1.2	0.15	1.94	0.15
19/10/2015	10	0.92	1.2	0.14	1.94	0.15
19/10/2015	10	0.92	1.19	0.13	1.94	0.15
19/10/2015	25	0.92	1.18	0.16	1.93	0.15
19/10/2015	25	0.92	1.17	0.15	1.93	0.16
19/10/2015	50	0.94	1.19	0.13	1.94	0.16
19/10/2015	50	0.94	1.18	0.13	1.94	0.16
27/10/2015	0	0.86	1.53	0.12	2.29	0.2
27/10/2015	0	0.86	1.53	0.1	2.29	0.2
27/10/2015	10	0.87	1.57	0.14	2.27	0.21
27/10/2015	10	0.87	1.57	0.14	2.27	0.21
27/10/2015	25	NA	NA	NA	NA	NA
27/10/2015	25	NA	NA	NA	NA	NA
27/10/2015	50	0.9	1.59	0.13	2.31	0.21
27/10/2015	50	0.9	1.59	0.13	2.3	0.21
27/10/2015	0	0.85	1.54	0.14	2.27	0.18
27/10/2015	0	0.85	1.55	0.14	2.27	0.18
27/10/2015	10	0.87	1.56	0.12	2.26	0.18
27/10/2015	10	0.87	1.56	0.1	2.26	0.19
27/10/2015	25	NA	NA	NA	NA	NA
27/10/2015	25	NA	NA	NA	NA	NA
27/10/2015	50	0.9	1.63	NA	2.27	0.18
27/10/2015	50	0.9	1.63	0.15	2.27	0.19
02/11/2015	0	0.53	1.99	0.06	2.2	0.24
02/11/2015	0	0.53	1.99	0.06	2.2	0.24
02/11/2015	10	0.54	1.97	0.06	2.19	0.24
02/11/2015	10	0.54	2	0.06	2.19	0.23
02/11/2015	25	0.55	1.84	0.06	2.19	0.23
02/11/2015	25	0.55	1.82	0.07	2.18	0.23
02/11/2015	50	0.58	1.79	0.08	2.19	0.24
02/11/2015	50	0.58	1.76	0.07	2.19	0.24
02/11/2015	0	0.53	NA	0.19	2.18	0.22
02/11/2015	0	0.53	NA	0.18	2.19	0.23
02/11/2015	10	0.54	NA	0.08	2.18	0.24
02/11/2015	10	0.54	NA	0.07	2.19	0.24
02/11/2015	25	0.55	NA	0.09	2.17	0.24
02/11/2015	25	0.55	NA	0.1	2.18	0.24
02/11/2015	50	0.58	NA	0.08	2.19	0.22
02/11/2015	50	0.58	NA	0.09	2.22	0.22
16/11/2015	0	0.05	4.14	0.02	3.25	0.34
16/11/2015	0	0.05	4.14	0.02	3.26	0.34
16/11/2015	10	0.05	4.15	0.01	3.24	0.34
16/11/2015	10	0.05	4.17	0.01	3.25	0.34
16/11/2015	25	0.07	4.18	0.04	3.24	0.34
16/11/2015	25	0.07	4.18	0.04	3.25	0.35
16/11/2015	50	0.07	4.22	0.03	3.27	0.34
16/11/2015	50	0.07	4.22	0.04	3.27	0.35
16/11/2015	0	0.05	4.12	0.02	3.26	0.34
16/11/2015	0	0.05	4.13	0.02	3.25	0.34
16/11/2015	10	0.06	4.16	0.12	3.26	0.35
16/11/2015	10	0.06	4.17	0.12	3.25	0.35
16/11/2015	25	0.06	4.13	0.02	3.23	0.34
16/11/2015	25	0.06	4.12	0.01	3.19	0.34
16/11/2015	50	0.07	4.15	0.1	NA	0.35
16/11/2015	50	0.07	4.15	0.09	NA	0.35
23/11/2015	0	0.11	4.46	0.12	3.17	0.35
23/11/2015	0	0.11	4.45	0.12	3.17	0.35
23/11/2015	10	0.11	4.45	0.15	3.17	0.35
23/11/2015	10	0.11	4.45	0.14	3.17	0.35
23/11/2015	25	0.08	4.48	0.15	3.14	0.37
23/11/2015	25	0.08	4.47	0.17	3.14	0.37
23/11/2015	50	0.08	4.46	0.13	3.16	0.37
23/11/2015	50	0.08	4.45	0.12	3.15	0.37
23/11/2015	0	0.1	4.46	0.18	3.16	0.34
23/11/2015	0	0.1	4.44	NA	3.17	0.35
23/11/2015	10	0.11	4.44	0.13	3.17	0.36
23/11/2015	10	0.11	4.46	0.13	3.19	NA
23/11/2015	25	0.09	4.47	0.14	3.17	0.38
23/11/2015	25	0.09	4.46	0.14	3.17	0.36
23/11/2015	50	0.08	4.48	0.15	3.18	0.42
23/11/2015	50	0.08	4.48	0.17	3.18	0.42
07/12/2015	0	0.05	5.61	0.36	NA	0.46
07/12/2015	0	0.05	5.65	0.35	3.49	0.46
07/12/2015	10	0.06	5.7	0.24	3.42	0.46
07/12/2015	10	0.06	5.73	0.24	3.4	0.46
07/12/2015	25	0.05	5.82	0.23	3.25	0.46
07/12/2015	25	0.05	5.85	0.24	3.25	0.46
07/12/2015	50	0.06	5.86	0.23	3.24	0.46
07/12/2015	50	0.06	5.87	0.23	3.22	0.46
07/12/2015	0	0.05	5.87	0.34	3.15	0.44
07/12/2015	0	0.05	5.9	NA	3.13	0.45
07/12/2015	10	0.05	5.88	0.21	3.12	0.44
07/12/2015	10	0.05	5.88	0.21	3.12	0.44
07/12/2015	25	0.04	5.9	0.22	3.11	0.44
07/12/2015	25	0.04	5.9	0.22	3.1	0.44
07/12/2015	50	0.05	5.9	0.22	3.14	0.44
07/12/2015	50	0.05	5.91	0.21	3.14	0.44
15/12/2015	0	0.12	6.56	0.1	3.41	0.48
15/12/2015	0	0.12	6.56	0.1	3.41	0.48
15/12/2015	10	0.13	6.56	0.09	3.43	0.48
15/12/2015	10	0.13	6.56	0.09	3.43	0.48
15/12/2015	25	0.12	6.53	0.11	3.39	0.5
15/12/2015	25	0.12	6.52	0.11	3.39	0.5
15/12/2015	50	0.1	6.19	0.14	3.29	0.5
15/12/2015	50	0.1	6.19	0.13	3.29	0.5
15/12/2015	0	0.11	6.53	0.11	3.41	0.46
15/12/2015	0	0.11	6.52	0.12	3.41	0.49
15/12/2015	10	0.11	6.56	0.16	3.39	0.47
15/12/2015	10	0.11	6.56	0.14	3.39	0.47
15/12/2015	25	0.11	6.53	0.12	3.39	0.48
15/12/2015	25	0.11	6.52	0.12	3.38	0.48
15/12/2015	50	0.08	6.22	0.12	3.28	0.49
15/12/2015	50	0.08	6.21	0.1	3.28	0.49
05/01/2016	0	0.12	6.1	0.28	4.08	0.56
05/01/2016	0	0.12	6.1	0.28	4.08	0.56
05/01/2016	10	0.12	6.12	0.28	4.07	0.57
05/01/2016	10	0.12	6.12	0.28	4.07	0.57
05/01/2016	25	0.12	6.08	0.27	4.06	0.57
05/01/2016	25	0.12	6.08	0.28	4.07	0.57
05/01/2016	50	0.09	4.83	0.23	3.33	0.52
05/01/2016	50	0.09	4.84	0.24	3.33	0.52
05/01/2016	0	0.07	5.96	0.07	3.94	0.48
05/01/2016	0	0.07	6.03	0.07	3.94	0.48
05/01/2016	10	0.07	6.02	0.06	3.93	0.48
05/01/2016	10	0.07	6.05	0.07	3.93	0.48
05/01/2016	25	0.07	5.95	0.08	3.93	0.49
05/01/2016	25	0.07	5.94	NA	3.94	0.49
05/01/2016	50	0.05	4.69	0.08	3.23	0.46
05/01/2016	50	0.05	4.69	0.09	3.23	0.46
13/01/2016	0	0.08	6.09	0.08	3.9	0.5
13/01/2016	0	0.08	6.16	0.09	3.9	0.5
13/01/2016	10	0.08	6.17	0.08	3.91	0.51
13/01/2016	10	0.08	6.16	0.08	3.91	0.51
13/01/2016	25	0.08	6.04	0.08	3.84	0.51
13/01/2016	25	0.08	6	0.08	3.85	0.51
13/01/2016	50	0.08	5.86	0.1	3.8	0.51
13/01/2016	50	0.08	5.86	0.1	3.8	0.51
13/01/2016	0	0.07	6.02	0.04	3.87	0.47
13/01/2016	0	0.07	6.12	0.04	3.88	0.47
13/01/2016	10	0.07	6.16	0.08	3.9	0.47
13/01/2016	10	0.07	6.15	NA	3.88	0.47
13/01/2016	25	0.06	5.92	0.12	3.8	0.48
13/01/2016	25	0.06	5.96	NA	3.8	0.47
13/01/2016	50	0.06	5.73	0.04	3.74	0.47
13/01/2016	50	0.06	5.73	NA	3.74	0.47
19/01/2016	0	0.08	7	0.09	3.94	0.51
19/01/2016	0	0.08	7.12	0.09	3.94	0.51
19/01/2016	10	0.09	7.23	0.09	3.93	0.52
19/01/2016	10	0.09	7.21	0.1	3.93	0.52
19/01/2016	25	0.09	7.19	0.1	3.93	0.52
19/01/2016	25	0.09	7.19	0.1	3.93	0.52
19/01/2016	50	0.09	7.14	0.12	3.93	0.52
19/01/2016	50	0.09	7.14	0.12	3.93	0.52
19/01/2016	0	0.08	7.08	0.09	3.88	0.47
19/01/2016	0	0.08	7.06	0.08	3.89	0.48
19/01/2016	10	0.07	7.07	0.09	3.86	0.48
19/01/2016	10	0.07	7.06	NA	3.86	0.48
19/01/2016	25	0.07	7.05	0.07	3.88	0.48
19/01/2016	25	0.07	7.05	0.06	3.88	0.48
19/01/2016	50	0.06	6.97	0.09	3.87	0.48
19/01/2016	50	0.06	6.96	0.09	3.87	0.49
28/01/2016	0	0.21	11.7	0.47	5.63	0.65
28/01/2016	0	0.21	11.7	0.46	5.63	0.64
28/01/2016	10	0.14	8.47	0.1	4.33	0.55
28/01/2016	10	0.14	8.46	0.1	4.34	0.55
28/01/2016	25	0.14	8.31	0.11	4.29	0.55
28/01/2016	25	0.14	8.29	0.1	4.28	0.55
28/01/2016	50	0.12	6.6	0.13	3.7	0.54
28/01/2016	50	0.12	6.61	0.11	3.71	0.54
28/01/2016	0	0.14	11.71	NA	5.54	0.54
28/01/2016	0	0.14	11.69	0.44	5.54	0.54
28/01/2016	10	0.12	8.5	0.07	4.26	0.51
28/01/2016	10	0.12	8.49	0.09	4.26	0.51
28/01/2016	25	0.11	8.36	0.07	4.23	0.51
28/01/2016	25	0.11	8.36	0.06	4.23	0.51
28/01/2016	50	0.09	6.66	0.06	3.65	0.5
28/01/2016	50	0.09	6.65	0.07	3.66	0.5
02/02/2016	0	0.08	8.25	0.13	4.44	0.53
02/02/2016	0	0.08	8.26	0.13	4.43	0.54
02/02/2016	10	0.08	8.25	0.12	4.43	0.53
02/02/2016	10	0.08	8.27	0.12	4.44	0.54
02/02/2016	25	0.08	8.22	0.12	4.46	0.54
02/02/2016	25	0.08	8.22	0.13	4.45	0.54
02/02/2016	50	0.09	8.2	0.13	4.46	0.54
02/02/2016	50	0.09	8.2	0.14	4.47	0.54
02/02/2016	0	0.06	8.24	0.13	4.41	0.52
02/02/2016	0	0.06	8.25	0.13	4.42	0.52
02/02/2016	10	0.06	8.24	0.1	4.41	0.51
02/02/2016	10	0.06	8.23	0.09	4.39	0.52
02/02/2016	25	0.06	8.23	0.08	4.39	0.52
02/02/2016	25	0.06	8.24	0.08	4.4	0.52
02/02/2016	50	0.07	8.24	0.09	4.4	0.52
02/02/2016	50	0.07	8.23	0.09	4.42	0.52
10/02/2016	0	0.1	7.32	0.15	3.7	0.55
10/02/2016	0	0.1	7.34	0.17	3.7	0.55
10/02/2016	10	0.09	7.37	0.09	3.68	0.56
10/02/2016	10	0.09	7.37	0.1	3.68	0.56
10/02/2016	25	0.1	NA	0.12	3.62	0.55
10/02/2016	25	0.1	7.3	0.12	3.62	0.55
10/02/2016	50	0.1	7.3	0.22	3.6	0.57
10/02/2016	50	0.1	NA	0.22	3.6	0.57
10/02/2016	0	0.08	7.42	NA	3.66	0.53
10/02/2016	0	0.08	7.43	0.13	3.68	0.54
10/02/2016	10	0.09	7.47	0.1	NA	0.54
10/02/2016	10	0.09	7.46	0.13	NA	0.54
10/02/2016	25	0.09	7.38	NA	NA	0.52
10/02/2016	25	0.09	7.38	0.11	NA	0.53
10/02/2016	50	0.09	7.27	0.17	NA	0.54
10/02/2016	50	0.09	7.27	0.18	NA	0.53
15/02/2016	0	0.1	7.1	0	3.46	0.53
15/02/2016	0	0.1	7.1	0	3.45	0.53
15/02/2016	10	0.1	7.09	0	3.37	0.54
15/02/2016	10	0.1	7.1	0	3.37	0.54
15/02/2016	25	0.1	7.07	0	3.32	0.52
15/02/2016	25	0.1	7.04	0	3.34	0.52
15/02/2016	50	0.1	6.93	0	3.36	0.52
15/02/2016	50	0.1	6.93	0	3.38	0.52
15/02/2016	0	0.08	7.08	0	NA	0.5
15/02/2016	0	0.08	7.1	0	NA	0.5
15/02/2016	10	0.08	7.1	0	NA	0.5
15/02/2016	10	0.08	7.09	0	NA	0.49
15/02/2016	25	0.09	7.02	0	NA	0.52
15/02/2016	25	0.09	7	0	NA	0.52
15/02/2016	50	0.1	6.95	0	NA	0.52
15/02/2016	50	0.1	6.95	0	NA	0.52
23/02/2016	0	0.18	8.09	0.15	3.85	0.53
23/02/2016	0	0.18	8.04	0.14	3.85	0.53
23/02/2016	10	0.14	7.58	0.15	3.65	0.53
23/02/2016	10	0.14	7.58	0.15	3.66	0.53
23/02/2016	25	0.12	7.19	0.13	3.48	0.53
23/02/2016	25	0.13	7.19	0.13	3.48	0.53
23/02/2016	50	0.14	6.84	0.14	3.41	0.53
23/02/2016	50	0.14	6.84	0.13	3.41	0.53
23/02/2016	0	0.15	8.04	NA	3.86	0.52
23/02/2016	0	0.15	8.02	0.2	3.83	0.52
23/02/2016	10	0.12	7.52	0.14	3.64	0.52
23/02/2016	10	0.12	7.53	0.14	3.66	0.52
23/02/2016	25	0.11	7.17	0.11	3.51	0.52
23/02/2016	50	0.13	6.82	0.17	3.41	0.52
23/02/2016	50	0.13	6.82	0.18	3.39	0.52
29/02/2016	0	0.15	7.33	0.13	3.58	0.5
29/02/2016	0	0.15	7.35	0.13	3.58	0.5
29/02/2016	10	0.15	7.31	0.12	3.58	0.5
29/02/2016	10	0.15	7.3	0.13	3.58	0.5
29/02/2016	25	0.16	7.31	0.1	3.57	0.51
29/02/2016	25	0.16	7.28	0.09	3.57	0.52
29/02/2016	50	0.16	7.18	0.15	3.53	0.51
29/02/2016	50	0.16	7.16	0.14	3.53	0.51
29/02/2016	0	0.14	NA	NA	3.57	0.5
29/02/2016	0	0.14	7.38	0.14	3.55	0.5
29/02/2016	10	0.14	7.38	0.14	NA	0.49
29/02/2016	10	0.14	7.37	0.17	3.67	0.5
29/02/2016	25	0.15	7.34	0.1	NA	0.51
29/02/2016	25	0.15	7.35	0.11	3.59	0.51
29/02/2016	50	0.14	7.22	0.11	3.56	0.5
29/02/2016	50	0.14	7.2	0.11	3.56	0.5
07/03/2016	0	0.24	7.43	0.13	3.66	0.48
07/03/2016	0	0.24	7.44	0.12	3.68	0.48
07/03/2016	10	0.24	7.46	0.12	3.67	0.47
07/03/2016	10	0.24	7.46	0.12	3.67	0.47
07/03/2016	25	0.24	7.46	0.11	3.62	0.47
07/03/2016	25	0.24	7.45	0.11	3.62	0.47
07/03/2016	50	0.22	7.19	0.11	3.56	0.46
07/03/2016	50	0.22	7.2	0.11	3.58	0.46
07/03/2016	0	0.23	7.51	0.15	3.65	0.46
07/03/2016	0	0.23	7.51	0.14	3.66	0.47
07/03/2016	10	0.23	7.52	0.15	3.64	0.46
07/03/2016	10	0.23	7.52	0.15	3.64	0.46
07/03/2016	25	0.23	7.56	NA	3.65	0.46
07/03/2016	25	0.23	7.55	0.18	3.65	0.46
07/03/2016	50	0.21	7.24	0.18	3.56	0.46
07/03/2016	50	0.21	7.24	0.16	3.56	0.46
14/03/2016	0	0.27	6.86	0.12	3.15	0.48
14/03/2016	0	0.25	6.87	0.13	3.15	0.48
14/03/2016	10	0.25	6.86	0.13	3.19	0.48
14/03/2016	10	0.25	6.84	0.14	3.19	0.48
14/03/2016	25	0.25	6.88	0.15	3.17	0.49
14/03/2016	25	0.25	6.87	0.14	3.17	0.49
14/03/2016	50	0.26	6.86	0.14	3.17	0.49
14/03/2016	50	0.26	6.88	0.15	3.18	0.49
14/03/2016	0	0.25	6.87	0.17	3.15	0.47
14/03/2016	0	0.25	6.91	0.18	3.14	0.47
14/03/2016	10	0.25	6.94	0.17	3.14	0.49
14/03/2016	10	0.25	6.92	0.16	3.13	0.49
14/03/2016	25	NA	7.01	0.24	3.15	0.49
14/03/2016	25	0.25	7.01	0.25	3.14	0.51
14/03/2016	50	0.25	6.94	NA	3.16	0.51
14/03/2016	50	0.25	6.97	0.21	3.16	0.5
21/03/2016	0	0.22	7.11	0.06	3.6	0.45
21/03/2016	0	0.22	7.13	0.06	3.6	0.45
21/03/2016	10	0.23	7.13	NA	3.62	NA
21/03/2016	10	0.23	7.11	NA	3.62	NA
21/03/2016	25	0.24	7.1	0.09	3.55	0.47
21/03/2016	25	0.24	7.09	0.09	3.55	0.47
21/03/2016	50	0.25	7.03	0.18	3.49	0.49
21/03/2016	50	0.25	7.03	0.19	3.47	0.49
21/03/2016	0	0.22	NA	NA	3.54	0.45
21/03/2016	0	0.22	7.14	NA	3.55	0.44
21/03/2016	10	0.22	7.09	NA	3.59	NA
21/03/2016	10	0.22	7.09	NA	3.59	NA
21/03/2016	25	0.23	7.18	NA	3.54	0.45
21/03/2016	25	0.23	7.19	0.09	3.54	0.46
21/03/2016	50	0.24	7.04	0.19	3.47	0.47
21/03/2016	50	0.24	7.03	0.17	3.47	0.47
30/03/2016	0	0.2	5.71	0.35	2.91	0.43
30/03/2016	0	0.2	5.7	0.36	2.91	0.43
30/03/2016	10	0.2	5.69	NA	2.9	0.43
30/03/2016	10	0.2	5.69	0.34	2.9	0.43
30/03/2016	25	0.21	5.61	0.49	2.82	0.43
30/03/2016	25	0.21	5.61	0.47	2.82	0.43
30/03/2016	50	0.19	4.63	0.38	2.11	0.38
30/03/2016	50	0.19	4.64	0.39	2.11	0.38
04/04/2016	0	0.24	4.6	0.3	1.99	0.36
04/04/2016	0	0.24	4.59	0.3	2	0.37
04/04/2016	10	0.25	4.63	0.37	1.98	0.37
04/04/2016	10	0.25	4.64	0.38	1.99	0.37
04/04/2016	25	0.26	4.83	NA	2.02	0.39
04/04/2016	25	0.26	4.8	0.47	2.02	0.39
04/04/2016	50	0.26	5.04	0.73	2.41	0.45
04/04/2016	50	0.26	5.03	0.68	2.41	0.45
04/04/2016	0	0.23	4.71	0.58	1.99	0.45
04/04/2016	0	0.22	4.7	0.58	1.97	0.46
04/04/2016	10	0.23	4.75	0.45	1.98	0.45
04/04/2016	10	0.23	4.75	0.43	1.98	0.46
04/04/2016	25	0.26	4.81	0.6	1.98	0.47
04/04/2016	25	0.26	4.8	0.63	1.98	NA
04/04/2016	50	0.27	5.09	0.82	2.39	0.47
04/04/2016	50	0.27	5.11	0.82	2.39	0.48
11/04/2016	0	0.29	5.95	0.38	2.77	0.42
11/04/2016	0	0.29	5.97	0.39	2.78	0.42
11/04/2016	10	0.3	5.95	0.39	2.74	0.42
11/04/2016	10	0.3	5.95	0.39	2.73	0.42
11/04/2016	25	0.3	5.94	0.39	2.72	0.43
11/04/2016	25	0.3	5.94	0.39	2.72	0.43
11/04/2016	50	0.3	5.96	0.39	2.74	0.42
11/04/2016	50	0.3	5.96	0.4	2.74	0.42
11/04/2016	0	0.28	5.95	0.4	2.66	0.39
11/04/2016	0	0.28	5.96	NA	2.67	0.41
11/04/2016	10	0.29	5.97	0.39	2.69	0.4
11/04/2016	10	0.29	5.96	0.39	2.69	0.4
11/04/2016	25	0.29	5.96	0.38	2.68	0.4
11/04/2016	25	0.29	5.96	0.38	2.68	0.4
11/04/2016	50	0.29	5.96	0.41	2.74	0.4
11/04/2016	50	0.29	5.95	0.41	2.74	0.4
18/04/2016	0	0.18	5.2	0.14	2.61	0.34
18/04/2016	0	0.18	5.17	0.14	2.6	0.34
18/04/2016	10	0.18	5.11	0.17	2.54	0.35
18/04/2016	10	0.18	5.1	0.17	2.54	0.35
18/04/2016	25	0.3	5.74	0.64	2.73	0.43
18/04/2016	25	0.3	5.74	0.65	2.73	0.43
18/04/2016	50	0.3	5.74	0.68	2.77	0.43
18/04/2016	50	0.3	5.75	0.67	2.78	0.43
18/04/2016	0	0.18	5.14	0.18	2.55	0.32
18/04/2016	0	0.18	5.17	0.2	2.56	0.33
18/04/2016	10	0.18	5.11	0.19	2.5	0.33
18/04/2016	10	0.18	5.12	0.18	2.5	0.33
18/04/2016	25	0.3	5.78	0.62	2.72	0.42
18/04/2016	25	0.3	5.77	0.62	2.73	0.42
18/04/2016	50	0.3	5.8	0.67	2.77	0.42
18/04/2016	50	0.3	5.8	0.68	2.78	0.42
25/04/2016	0	0.2	5.52	0.25	2.17	0.38
25/04/2016	0	0.2	5.52	0.25	2.15	0.38
25/04/2016	10	0.2	5.49	0.28	2.13	0.39
25/04/2016	10	0.2	5.5	0.3	2.13	0.39
25/04/2016	25	0.18	5.16	0.35	1.74	0.42
25/04/2016	25	0.18	5.17	0.34	1.73	0.42
25/04/2016	50	0.18	4.87	0.48	1.52	0.43
25/04/2016	50	0.18	4.87	0.48	1.53	0.43
25/04/2016	0	0.2	NA	NA	2.16	0.39
25/04/2016	0	0.2	5.55	0.33	2.17	0.4
25/04/2016	10	0.2	NA	0.31	2.13	NA
25/04/2016	10	0.2	5.6	0.32	2.13	0.4
25/04/2016	25	0.18	NA	0.36	1.69	0.42
25/04/2016	25	0.18	5.2	0.34	1.7	0.42
25/04/2016	50	0.18	4.92	0.51	1.51	0.43
25/04/2016	50	0.18	4.89	0.5	1.51	0.43
03/05/2016	0	0.14	1.97	0.41	1.06	0.2
03/05/2016	0	0.14	1.96	0.41	1.04	0.2
03/05/2016	10	0.14	1.95	0.43	1.02	0.22
03/05/2016	10	0.14	1.95	0.44	1.03	0.22
03/05/2016	25	0.22	4.89	1.1	2.37	0.42
03/05/2016	25	0.22	4.89	1.09	2.36	0.42
03/05/2016	50	0.21	4.82	1.07	2.25	0.42
03/05/2016	50	0.21	4.8	1.08	2.24	0.42
03/05/2016	0	0.14	2	NA	0.92	0.19
03/05/2016	0	0.14	2.01	NA	0.94	0.19
03/05/2016	10	0.14	2.01	0.48	0.94	0.19
03/05/2016	10	0.14	2.01	0.47	0.94	0.19
03/05/2016	25	0.22	4.95	1.12	2.3	0.41
03/05/2016	25	0.22	4.95	1.13	2.31	0.41
03/05/2016	50	0.2	4.91	1.08	2.21	0.41
03/05/2016	50	0.2	4.9	1.08	2.21	0.41
10/05/2016	0	0.02	0.18	0.17	0.69	0.11
10/05/2016	0	0.02	0.18	0.17	0.67	0.1
10/05/2016	10	0.02	0.1	0.16	0.69	0.11
10/05/2016	10	0.02	0.1	0.17	0.69	0.11
10/05/2016	25	0.02	0.11	0.16	0.71	0.1
10/05/2016	25	0.02	0.13	0.16	0.71	0.1
10/05/2016	50	0.02	0.25	0.19	0.7	0.11
10/05/2016	50	0.02	0.24	0.19	0.69	0.11
10/05/2016	0	0.03	NA	0.23	0.63	0.1
10/05/2016	0	0.03	NA	NA	0.63	0.1
10/05/2016	10	0.01	0.21	0.22	0.65	0.1
10/05/2016	10	0.01	0.21	0.21	0.65	0.1
10/05/2016	25	0.01	0.25	0.24	0.66	0.09
10/05/2016	25	0.01	0.25	0.23	0.65	0.09
10/05/2016	50	0.01	0.32	0.24	0.65	0.11
10/05/2016	50	0.01	0.32	0.26	0.64	0.11
16/05/2016	0	0	0	0.11	0.74	0.08
16/05/2016	0	0	0	0.12	0.73	0.08
16/05/2016	10	0	0	0.13	0.68	0.08
16/05/2016	10	0	0	0.15	0.67	0.08
16/05/2016	25	0	0	NA	0.77	0.1
16/05/2016	25	0	0	0.16	0.77	0.1
16/05/2016	50	0	0	0.17	0.94	0.15
16/05/2016	50	0	0	0.17	0.94	0.15
16/05/2016	0	0	0	0.27	0.7	0.07
16/05/2016	0	0	0	0.25	0.69	0.07
16/05/2016	10	0	0	0.19	0.64	0.08
16/05/2016	10	0	0	0.2	0.64	0.08
16/05/2016	25	0	0	0.2	0.75	0.09
16/05/2016	25	0	0	0.19	0.75	0.09
16/05/2016	50	0	0	NA	0.9	0.13
16/05/2016	50	0	0	0.2	0.9	0.13
23/05/2016	0	0	0	0.11	1.22	0.07
23/05/2016	0	0	0	0.09	1.19	0.07
23/05/2016	10	0	0	0.09	1.15	0.07
23/05/2016	10	0	0	0.09	1.15	0.07
23/05/2016	25	0	0	0.06	1.18	0.12
23/05/2016	25	0	0	0.06	1.18	0.12
23/05/2016	50	0	0	0.07	1.15	0.11
23/05/2016	50	0	0	0.07	1.15	0.11
23/05/2016	0	0	0	0.12	1.15	0.06
23/05/2016	0	0	0	NA	NA	0.06
23/05/2016	10	0	0	NA	1	0.06
23/05/2016	10	0	0	0.15	1	0.06
23/05/2016	25	0	0	0.14	1.05	0.11
23/05/2016	25	0	0	NA	1.03	0.11
23/05/2016	50	0	0	0.18	1.04	0.12
23/05/2016	50	0	0	NA	1.02	0.11
01/06/2016	0	0.01	0	0.23	0.95	0.04
01/06/2016	0	0.01	0	NA	0.93	0.04
01/06/2016	10	0	0	0.19	0.75	0.04
01/06/2016	10	0	0	0.17	0.76	0.04
01/06/2016	25	0	0	0.2	0.69	0.05
01/06/2016	25	0	0	NA	0.7	0.05
01/06/2016	50	0.01	0	0.12	0.92	0.08
01/06/2016	50	0.01	0	0.1	0.92	0.08
01/06/2016	0	0	0.02	0.28	0.95	0.05
01/06/2016	0	0	0.02	0.28	0.91	0.05
01/06/2016	10	0	0	0.19	0.69	0.05
01/06/2016	10	0	0	0.2	0.7	0.05
01/06/2016	25	0	0	0.25	0.65	0.06
01/06/2016	25	0	0	0.28	0.66	0.06
01/06/2016	50	0	NA	NA	0.82	0.05
01/06/2016	50	0	0.03	0.26	0.82	0.05
08/06/2016	0	0	0.02	0	0.86	0.05
08/06/2016	0	0	0.02	0	0.85	0.05
08/06/2016	10	0	0.03	0.13	0.78	0.07
08/06/2016	10	0	0.03	0.15	0.78	0.06
08/06/2016	25	0	0.03	0.11	0.74	0.06
08/06/2016	25	0	0.03	0.1	0.75	0.06
08/06/2016	50	0	0.03	0.12	0.77	0.07
08/06/2016	50	0	0.03	0.13	0.76	0.07
08/06/2016	0	0	NA	NA	0.85	0.04
08/06/2016	0	0	0.03	0.08	0.83	0.04
08/06/2016	10	0	0.04	NA	0.76	0.08
08/06/2016	10	0	0.05	NA	0.75	0.07
08/06/2016	25	0	0.03	0.19	NA	0.07
08/06/2016	25	0	0.03	0.19	0.73	0.07
08/06/2016	50	0	0.04	0.22	0.74	0.07
08/06/2016	50	0	0.04	0.23	0.74	0.07
13/06/2016	0	0	0	0	0.34	0.04
13/06/2016	0	0	0	0	0.35	0.04
13/06/2016	10	0	0	0	0.28	0.04
13/06/2016	10	0	0	0	0.28	0.04
13/06/2016	25	0.01	0.02	0.04	0.23	0.04
13/06/2016	25	0.01	0.02	0.05	0.23	0.04
13/06/2016	50	0	0.09	0.36	0.74	0.12
13/06/2016	50	0	0.1	0.32	0.76	0.12
13/06/2016	0	0	0.03	0.11	0.34	0.04
13/06/2016	0	0	0.03	NA	NA	0.04
13/06/2016	10	0	0.02	0	0.28	0.03
13/06/2016	10	0	0.02	NA	NA	0.03
13/06/2016	25	0	0.02	0	0.21	0.04
13/06/2016	25	0	0.02	0	NA	0.05
13/06/2016	50	0	0.11	0.34	0.71	0.09
13/06/2016	50	0	0.11	0.34	0.7	0.09
20/06/2016	0	0	0	0.05	0.27	0.02
20/06/2016	0	0	0	0.05	0.25	0.02
20/06/2016	10	0	0	0.07	0.24	0.03
20/06/2016	10	0	0	0.06	0.24	0.03
20/06/2016	25	0.04	0.18	0.63	0.37	0.1
20/06/2016	25	0.04	0.19	0.62	0.37	0.1
20/06/2016	50	0.06	0.36	1.56	0.97	0.16
20/06/2016	50	0.06	0.36	1.58	0.97	0.16
20/06/2016	0	0	0.03	NA	0.22	0.03
20/06/2016	0	0	0.03	NA	0.21	0.04
20/06/2016	10	0	0	0.1	0.21	0.03
20/06/2016	10	0	0	0.11	0.21	0.03
20/06/2016	25	0.04	0.21	0.78	0.42	0.11
20/06/2016	25	0.04	0.21	0.78	0.42	0.11
20/06/2016	50	0.06	0.38	1.6	0.97	0.17
20/06/2016	50	0.06	0.36	1.61	0.97	0.17
27/06/2016	0	0	0	0.05	0.56	0.03
27/06/2016	0	0	0	0.06	0.56	0.03
27/06/2016	10	0.08	0.68	1.69	1.04	0.16
27/06/2016	10	0.08	0.68	1.69	1.03	0.16
27/06/2016	25	0.09	0.73	2.2	1.37	0.21
27/06/2016	25	0.09	0.73	2.21	1.37	0.21
27/06/2016	50	0.09	0.73	2.27	1.42	0.21
27/06/2016	50	0.09	0.73	2.27	1.42	0.21
27/06/2016	0	0	0.02	NA	0.57	0
27/06/2016	0	0	0.03	0.15	0.56	0
27/06/2016	10	0.07	0.68	1.68	1.03	0.15
27/06/2016	10	0.07	0.68	1.67	1.03	0.15
27/06/2016	25	0.08	0.72	2.23	1.37	0.18
27/06/2016	25	0.08	0.71	2.21	1.36	0.2
27/06/2016	50	0.08	0.75	2.31	1.42	0.19
27/06/2016	50	0.08	0.75	2.29	1.41	0.19
05/07/2016	0	0	0.02	0.11	0.55	0
04/07/2016	0	0	0.02	0.11	0.55	0
04/07/2016	10	0	0.04	0.13	0.52	0
04/07/2016	10	0	0.04	0.13	0.52	0
04/07/2016	25	0.07	0.63	1.6	1.2	0.15
04/07/2016	25	0.07	0.63	1.6	1.2	0.15
04/07/2016	50	0.09	0.78	2.46	1.71	0.23
04/07/2016	50	0.09	0.77	2.5	1.71	0.23
04/07/2016	0	0	NA	NA	0.54	0
04/07/2016	0	0	0.02	0.16	0.51	0
04/07/2016	10	0	0.03	0.14	0.54	0
04/07/2016	10	0	0.03	0.13	0.51	0
04/07/2016	25	0.06	0.65	1.58	1.21	0.15
04/07/2016	25	0.06	0.65	1.58	1.2	0.16
04/07/2016	50	0.08	0.83	2.5	1.69	0.23
04/07/2016	50	0.08	0.83	2.49	1.69	0.23
12/07/2016	0	0	0	0.05	1.28	0.03
12/07/2016	0	0	0	0.05	1.26	0.03
12/07/2016	10	0	0	0.08	1.26	0.05
12/07/2016	10	0	0	0.07	1.24	0.04
12/07/2016	25	0.08	0.75	1.51	1.61	0.17
12/07/2016	25	0.08	0.75	1.51	1.61	0.17
12/07/2016	50	0.09	0.7	1.72	1.98	0.2
12/07/2016	50	0.09	0.7	1.73	1.98	0.2
12/07/2016	0	0	0	NA	1.26	0
12/07/2016	0	0	0	0.17	1.24	0
12/07/2016	10	0	0	0.1	1.19	0.02
12/07/2016	10	0	0	0.08	1.18	0.02
12/07/2016	25	0.08	0.76	1.47	1.56	0.16
12/07/2016	25	0.08	0.76	1.47	1.57	0.16
12/07/2016	50	0.08	0.71	1.7	1.92	0.2
12/07/2016	50	0.08	0.71	1.71	1.92	0.2
18/07/2016	0	0	0	0.19	1.24	0.03
18/07/2016	0	0	0	0.19	1.2	0.03
18/07/2016	10	0	0	0.12	1.14	0.03
18/07/2016	10	0	0	0.09	1.15	0.03
18/07/2016	25	0.09	0.65	1.48	1.92	0.18
18/07/2016	25	0.09	0.65	1.47	1.92	0.18
18/07/2016	50	0.1	0.8	1.99	2.55	0.24
18/07/2016	50	0.1	0.8	1.99	2.55	0.24
18/07/2016	0	0	0	0.19	1.2	0.02
18/07/2016	0	0	0	0.19	1.16	0.02
18/07/2016	10	0	0	0.33	1.21	0.04
18/07/2016	10	0	0	0.35	1.24	0.05
18/07/2016	25	0.09	0.71	1.49	1.84	0.18
18/07/2016	25	0.09	0.71	1.45	1.85	0.18
18/07/2016	50	0.1	0.89	2.01	2.47	0.22
18/07/2016	50	0.1	0.87	1.92	2.47	0.23
25/07/2016	0	0	0	0.2	1.05	0
25/07/2016	0	0	0	0.19	1.04	0
25/07/2016	10	0	0	0.21	1.25	0
25/07/2016	10	0	0	0.2	1.25	0
25/07/2016	25	0.05	0.48	1.21	1.64	0.13
25/07/2016	25	0.05	0.47	1.23	1.64	0.13
25/07/2016	50	0.07	0.67	1.6	1.88	0.17
25/07/2016	50	0.07	0.68	1.62	1.88	0.17
25/07/2016	0	0	0	0.2	1.04	0
25/07/2016	0	0	0	0.19	NA	0
25/07/2016	10	0	0	0.19	1.28	0
25/07/2016	10	0	0	0.18	1.17	0
25/07/2016	25	0.04	0.57	1.24	1.59	0.11
25/07/2016	25	0.04	0.56	1.25	1.61	0.12
25/07/2016	50	0.06	0.76	1.55	1.83	0.16
25/07/2016	50	0.06	0.76	1.56	1.83	0.17
01/08/2016	0	0	0	0.08	1.16	0.05
01/08/2016	0	0	0	NA	1.14	0.05
01/08/2016	10	0	0.03	0.16	1.08	0.03
01/08/2016	10	0	0.03	NA	1.09	0.03
01/08/2016	25	0.04	0.44	1.06	1.25	0.1
01/08/2016	25	0.04	0.44	1.1	1.26	0.1
01/08/2016	50	0.06	0.37	0.43	1.85	0.19
01/08/2016	50	0.06	0.38	0.43	1.87	0.19
01/08/2016	0	0	0.04	0.1	1.07	0.05
01/08/2016	0	0	0.04	0.1	1.06	0.05
01/08/2016	10	0	0.03	0.1	1.09	0.04
01/08/2016	10	0	0.03	0.09	1.09	0.04
01/08/2016	25	0.03	0.48	1.07	1.25	0.12
01/08/2016	25	0.03	0.5	1.06	1.26	0.12
01/08/2016	50	0.05	0.38	0.5	1.77	0.2
01/08/2016	50	0.05	0.38	0.48	1.76	0.19
08/08/2016	0	0	0	0.03	1.67	0.02
08/08/2016	0	0	0	0.04	1.66	0.02
08/08/2016	10	0	0	0.04	1.52	0.02
08/08/2016	10	0	0	0.03	1.52	0.03
08/08/2016	25	0.06	0.24	0.45	2.1	0.11
08/08/2016	25	0.06	0.24	0.44	2.11	0.11
08/08/2016	50	0.07	0.36	0.61	1.85	0.11
08/08/2016	50	0.07	0.36	0.6	1.87	0.12
08/08/2016	0	0	0	0	1.65	0
08/08/2016	0	0	0	0	1.64	0
08/08/2016	10	0	0.03	0	1.43	0
08/08/2016	10	0	0.03	0	1.37	0
08/08/2016	25	0.05	0.25	0.47	1.97	0.1
08/08/2016	25	0.05	0.24	0.46	1.97	0.1
08/08/2016	50	0.06	0.37	0.56	1.69	0.09
08/08/2016	50	0.06	0.37	0.57	1.66	0.09
15/08/2016	0	0	0.02	0	1.64	0
15/08/2016	0	0	0.02	0	1.58	0
15/08/2016	10	0	0.02	0	1.54	0
15/08/2016	10	0	0.02	0	1.49	0
15/08/2016	25	0	0.03	0	1.43	0
15/08/2016	25	0	0.03	0	1.42	0
15/08/2016	50	0.06	0.42	0.83	2.13	0.14
15/08/2016	50	0.06	0.42	0.84	2.13	0.14
15/08/2016	0	0	0.02	NA	1.52	0
15/08/2016	0	0	0.02	0.06	1.46	0
15/08/2016	10	0	0.02	0	1.35	0
15/08/2016	10	0	0.02	NA	1.35	0
15/08/2016	25	0	0.03	0.13	1.34	0
15/08/2016	25	0	0.05	0.15	1.33	0
15/08/2016	50	0.06	0.4	0.86	2.01	0.13
15/08/2016	50	0.06	0.41	0.85	2	0.13
23/08/2016	0	0	0	0.17	1.93	0.04
23/08/2016	0	0	0	0.17	1.89	0.04
23/08/2016	10	0.01	0.04	0.2	NA	0.06
23/08/2016	10	0.01	0.04	0.19	2.1	0.06
23/08/2016	25	0.04	0.11	0.44	2.2	0.14
23/08/2016	25	0.04	0.11	0.43	2.22	0.14
23/08/2016	50	0.08	0.4	1.44	2.37	0.17
23/08/2016	50	0.08	0.4	1.45	2.37	0.17
23/08/2016	0	0	0.01	0.27	NA	NA
23/08/2016	0	0	0.01	0.26	1.85	NA
23/08/2016	10	0	0.05	0.2	1.77	NA
23/08/2016	10	0	0.05	0.18	1.77	NA
23/08/2016	25	0.04	0.15	NA	2.03	NA
23/08/2016	25	0.04	0.15	0.55	2.03	NA
23/08/2016	50	0.08	0.41	1.44	2.22	NA
23/08/2016	50	0.08	0.42	1.43	2.22	NA
01/09/2016	0	0.01	0.02	0.18	1.09	NA
01/09/2016	0	0.01	0.02	0.18	1.07	NA
01/09/2016	10	0.07	0.08	NA	1.09	NA
01/09/2016	10	0.07	0.08	0.25	1.07	NA
01/09/2016	25	0.35	0.7	1.44	1.73	NA
01/09/2016	25	0.35	0.7	1.44	1.74	NA
01/09/2016	50	0.47	0.91	1.45	2.03	NA
01/09/2016	50	0.47	0.91	1.45	2	NA
01/09/2016	0	0.02	0.04	0.27	NA	NA
01/09/2016	0	0.02	0.04	0.27	1.46	NA
01/09/2016	10	0.07	0.1	0.26	1.39	NA
01/09/2016	10	0.07	0.1	0.26	1.41	NA
01/09/2016	25	0.35	0.72	1.46	2.02	NA
01/09/2016	25	0.35	0.73	1.45	2.02	NA
01/09/2016	50	0.47	0.89	1.42	2.25	NA
01/09/2016	50	0.47	0.89	1.41	2.24	NA
05/09/2016	0	0.16	0.3	0.43	1.46	0.1
05/09/2016	0	0.16	0.31	0.45	1.47	0.1
05/09/2016	10	0.16	0.26	0.42	1.36	0.1
05/09/2016	10	0.16	0.26	0.41	1.38	0.1
05/09/2016	25	1.62	2	0.51	2.13	0.21
05/09/2016	25	1.62	2	0.5	2.11	0.21
05/09/2016	50	0.21	0.3	0.55	1.37	0.1
05/09/2016	50	0.21	0.29	0.54	1.37	0.1
05/09/2016	0	0.16	0.3	NA	1.41	0.09
05/09/2016	0	0.16	0.3	0.49	1.41	0.09
05/09/2016	10	0.16	0.27	0.47	1.32	0.08
05/09/2016	10	0.16	0.26	0.46	1.33	0.08
05/09/2016	25	1.61	2.01	0.5	2.1	0.18
05/09/2016	25	1.61	2.01	NA	2.11	0.18
05/09/2016	50	0.21	0.3	0.55	1.36	0.09
05/09/2016	50	0.21	0.29	0.55	1.36	0.09
13/09/2016	0	0.02	0.02	0.4	0.9	0.06
13/09/2016	0	0.02	0.02	0.4	0.89	0.06
13/09/2016	10	0	0	0.52	1.08	0.03
13/09/2016	10	0	0	0.52	1.08	0.03
13/09/2016	25	0.14	0.18	0.5	1.26	0.07
13/09/2016	25	0.14	0.18	0.5	1.26	0.08
13/09/2016	50	2.14	3.05	0.47	3.27	0.29
13/09/2016	50	2.16	3.07	0.47	3.27	0.29
13/09/2016	0	0.02	0.04	NA	NA	0.02
13/09/2016	0	0.02	0.04	0.4	0.86	0.02
13/09/2016	10	0.02	0.02	NA	1.04	0.02
13/09/2016	10	0.02	0.02	0.5	1.03	0.02
13/09/2016	25	0.13	0.27	0.53	1.2	0.05
13/09/2016	25	0.13	0.26	0.53	1.21	0.06
13/09/2016	50	2.04	3.05	0.6	3.2	0.28
13/09/2016	50	2.04	3.02	0.61	3.21	0.28
19/09/2016	0	0.19	0.64	0.11	1.39	0.11
19/09/2016	0	0.19	0.64	0.12	1.38	0.1
19/09/2016	10	0.27	1.38	0.1	1.72	0.13
19/09/2016	10	0.27	1.38	0.11	1.72	0.13
19/09/2016	25	0.46	2.4	0.16	2.39	0.22
19/09/2016	25	0.46	2.42	0.16	2.36	0.22
19/09/2016	50	0.24	2.79	0.08	2.51	0.23
19/09/2016	50	0.24	2.79	0.08	2.5	0.23
19/09/2016	0	0.19	0.67	NA	NA	0.1
19/09/2016	0	0.19	0.67	0.17	1.35	0.1
19/09/2016	10	0.26	1.3	0.14	1.63	0.12
19/09/2016	10	0.26	1.3	0.12	1.63	0.12
19/09/2016	25	0.5	2.28	NA	2.3	0.2
19/09/2016	25	0.5	2.29	0.22	2.29	0.2
19/09/2016	50	0.32	2.78	0.1	NA	0.23
19/09/2016	50	0.32	2.81	0.1	2.52	0.23
28/09/2016	0	0.27	0.78	0.28	1.49	0.15
28/09/2016	0	0.27	0.77	0.28	1.49	0.15
28/09/2016	10	0.27	0.76	0.28	1.47	0.15
28/09/2016	10	0.27	0.73	0.28	1.45	0.15
28/09/2016	25	0.18	0.4	0.28	1.04	0.1
28/09/2016	25	0.18	0.39	0.29	1.05	0.1
28/09/2016	50	0.42	3.11	0.11	3	0.35
28/09/2016	50	0.42	3.13	0.11	3	0.35
28/09/2016	0	0.26	0.81	0.36	1.44	0.13
28/09/2016	0	0.26	0.8	0.35	1.44	0.15
28/09/2016	10	0.26	0.73	0.29	1.44	0.16
28/09/2016	10	0.26	0.73	0.29	1.45	0.16
28/09/2016	25	0.18	0.41	0.31	1.05	0.1
28/09/2016	25	0.18	0.4	0.3	1.03	0.1
28/09/2016	50	0.41	3.12	0.13	2.98	0.37
28/09/2016	50	0.41	3.12	0.13	2.98	0.35
10/10/2016	0	0.52	1.37	0.1	1.46	0.16
10/10/2016	0	0.52	1.35	0.09	1.45	0.16
10/10/2016	10	0.53	1.32	0.09	1.4	0.17
10/10/2016	10	0.53	1.31	0.09	1.39	0.15
10/10/2016	25	0.52	1.29	0.07	1.34	0.15
10/10/2016	25	0.52	1.29	0.07	1.35	0.15
10/10/2016	50	0.51	1.36	0.13	1.46	0.16
10/10/2016	50	0.51	1.36	0.12	1.46	0.15
10/10/2016	0	0.52	1.34	0.11	1.33	0.14
10/10/2016	0	0.52	1.32	0.13	1.31	0.14
10/10/2016	10	0.53	1.33	0.13	1.34	0.16
10/10/2016	10	0.53	1.33	0.12	1.32	0.15
10/10/2016	25	0.51	1.31	0.08	NA	0.14
10/10/2016	25	0.51	1.3	0.08	1.33	0.14
10/10/2016	50	0.5	1.38	0.14	1.44	0.15
10/10/2016	50	0.5	1.38	0.14	1.42	0.16
19/10/2016	0	0.67	1.56	0.37	1.65	0.18
19/10/2016	0	0.67	1.56	0.37	1.66	0.18
19/10/2016	10	0.66	1.51	0.35	1.64	0.19
19/10/2016	10	0.66	1.51	0.35	1.64	0.19
19/10/2016	25	0.67	1.51	0.35	1.62	0.19
19/10/2016	25	0.67	1.51	0.35	1.63	0.19
19/10/2016	50	0.68	1.49	0.38	1.62	0.19
19/10/2016	50	0.68	1.48	0.38	1.62	0.19
19/10/2016	0	0.66	1.57	0.4	1.64	0.19
19/10/2016	0	0.66	1.57	0.41	1.64	0.19
19/10/2016	10	0.66	1.54	0.38	1.64	0.19
19/10/2016	10	0.66	1.54	0.38	1.64	0.19
19/10/2016	25	0.66	1.54	0.37	1.67	0.18
19/10/2016	25	0.66	1.54	0.36	1.67	0.18
19/10/2016	50	0.68	1.52	0.4	1.58	0.19
19/10/2016	50	0.68	1.52	0.4	1.58	0.19
24/10/2016	0	0.82	1.25	0.34	1.46	0.21
24/10/2016	0	0.82	1.25	0.34	1.46	0.21
24/10/2016	10	0.82	1.28	0.34	1.45	0.22
24/10/2016	10	0.82	1.28	0.33	1.45	0.22
24/10/2016	25	0.81	1.29	0.39	1.45	0.22
24/10/2016	25	0.81	1.29	0.4	1.46	0.22
24/10/2016	50	0.8	1.3	0.37	1.46	0.21
24/10/2016	50	0.8	1.31	0.36	1.46	0.21
24/10/2016	0	0.82	0.93	0.37	1.45	0.21
24/10/2016	0	0.82	0.95	0.36	1.45	0.21
24/10/2016	10	0.81	0.98	0.38	1.44	0.21
24/10/2016	10	0.81	1	0.36	1.44	0.21
24/10/2016	25	0.8	1.01	0.37	1.43	0.21
24/10/2016	25	0.8	1.04	0.38	1.44	0.21
24/10/2016	50	0.8	1.09	0.36	1.43	0.21
24/10/2016	50	0.8	1.13	0.37	1.43	0.21
01/11/2016	0	1.06	1.48	0.24	1.76	0.24
01/11/2016	0	1.06	1.49	0.26	1.74	0.24
01/11/2016	10	1.07	1.51	0.33	1.69	0.28
01/11/2016	10	1.07	1.51	0.34	1.67	0.27
01/11/2016	25	1.1	1.54	0.22	1.71	0.25
01/11/2016	25	1.1	1.54	0.22	1.73	0.25
01/11/2016	50	1.07	1.52	0.24	1.73	0.25
01/11/2016	50	1.07	1.52	0.24	1.72	0.25
01/11/2016	0	1.06	1.47	0.27	1.69	0.23
01/11/2016	0	1.06	1.51	0.26	1.69	0.23
01/11/2016	10	1.07	1.54	0.35	1.69	0.25
01/11/2016	10	1.07	1.55	0.35	1.69	0.25
01/11/2016	25	1.09	1.56	0.2	1.73	0.25
01/11/2016	25	1.09	1.57	0.2	1.72	0.25
01/11/2016	50	1.07	1.54	0.23	1.74	0.25
01/11/2016	50	1.07	1.54	0.23	1.74	0.25
07/11/2016	0	1.16	1.98	0.08	1.85	0.26
07/11/2016	0	1.16	1.98	0.08	1.85	0.26
07/11/2016	10	1.16	1.98	0.07	NA	0.26
07/11/2016	10	1.16	1.98	0.07	1.85	0.26
07/11/2016	25	1.17	2	0.08	1.83	0.26
07/11/2016	25	1.17	2	0.09	1.83	0.26
07/11/2016	50	1.16	1.97	0.09	1.85	0.27
07/11/2016	50	1.16	1.97	0.09	1.85	0.26
07/11/2016	0	1.16	2.01	0.22	1.79	0.24
07/11/2016	0	1.16	2.01	0.21	1.79	0.24
07/11/2016	10	1.16	2.01	0.15	1.76	0.25
07/11/2016	10	1.16	2	0.16	1.77	0.25
07/11/2016	25	1.17	2.02	0.12	1.79	0.25
07/11/2016	25	1.17	2.02	0.15	1.81	0.25
07/11/2016	50	1.16	2.02	0.13	1.86	0.27
07/11/2016	50	1.16	2.02	0.14	1.89	0.26
14/11/2016	0	1.32	2.61	0.12	2.23	0.27
14/11/2016	0	1.32	2.61	0.11	2.25	0.27
14/11/2016	10	1.32	2.61	0.09	2.23	0.29
14/11/2016	10	1.32	2.62	0.09	2.22	0.3
14/11/2016	25	1.32	2.62	0.1	2.26	0.28
14/11/2016	25	1.32	2.63	0.1	2.23	0.27
14/11/2016	50	1.32	2.7	0.1	2.28	NA
14/11/2016	50	1.32	2.7	0.1	2.32	0.28
14/11/2016	0	NA	2.68	0.17	2.24	0.26
14/11/2016	0	1.31	2.7	0.16	2.25	0.27
14/11/2016	10	1.35	2.66	0.09	2.25	0.27
14/11/2016	10	1.35	2.66	0.1	2.25	0.27
14/11/2016	25	1.36	2.69	0.13	2.26	0.27
14/11/2016	25	1.35	2.68	0.15	2.26	0.28
14/11/2016	50	1.34	2.72	0.12	2.33	0.27
14/11/2016	50	1.34	2.71	0.11	2.33	0.27
23/11/2016	0	NA	NA	NA	NA	NA
23/11/2016	0	NA	NA	NA	NA	NA
23/11/2016	10	0.92	3.91	0.13	2.65	0.32
23/11/2016	10	0.92	3.9	0.13	2.66	0.32
23/11/2016	25	0.7	2.93	0.12	2.11	0.3
23/11/2016	25	0.7	2.92	0.12	2.11	0.3
23/11/2016	50	0.73	2.95	0.12	2.12	0.31
23/11/2016	50	0.73	2.95	0.12	2.12	0.31
23/11/2016	0	NA	NA	NA	NA	NA
23/11/2016	0	NA	NA	NA	NA	NA
23/11/2016	10	0.91	3.95	0.12	2.56	0.32
23/11/2016	10	0.91	3.95	0.14	2.55	0.32
23/11/2016	25	0.7	3.03	0.1	2.06	0.3
23/11/2016	25	0.7	3.03	0.11	2.04	0.3
23/11/2016	50	0.72	3.06	0.13	2.07	0.3
23/11/2016	50	0.72	3.04	0.12	2.07	0.29
28/11/2016	0	0.55	3.89	0.13	2.72	0.33
28/11/2016	0	0.55	3.89	0.13	2.72	0.33
28/11/2016	10	0.54	3.89	0.11	2.73	0.34
28/11/2016	10	0.54	3.89	0.11	2.72	0.34
28/11/2016	25	0.55	3.9	0.11	2.73	0.33
28/11/2016	25	0.55	3.9	0.12	2.73	0.33
28/11/2016	50	0.54	3.91	0.13	2.71	0.33
28/11/2016	50	0.54	3.91	0.11	2.71	0.33
28/11/2016	0	0.53	3.92	NA	2.68	0.32
28/11/2016	0	0.53	3.92	0.12	2.66	0.31
28/11/2016	10	0.54	3.93	0.15	2.66	0.33
28/11/2016	10	0.54	3.93	0.15	2.66	0.33
28/11/2016	25	0.54	3.94	0.16	2.64	0.32
28/11/2016	25	0.54	3.94	0.15	2.64	0.32
28/11/2016	50	0.54	3.93	0.14	2.64	0.32
28/11/2016	50	0.54	3.93	0.14	2.65	0.33
05/12/2016	0	1.38	4.65	0	4.69	0.5
05/12/2016	0	1.38	4.65	0	4.66	0.5
05/12/2016	10	1.37	4.64	0	4.69	0.4
05/12/2016	10	1.37	4.63	0	4.7	0.4
05/12/2016	25	1.38	4.68	0	4.68	0.4
05/12/2016	25	1.38	4.69	0	4.68	0.41
05/12/2016	50	1.39	4.96	0	4.63	0.42
05/12/2016	50	1.4	5.05	0	4.66	0.4
05/12/2016	0	1.39	4.63	0.03	4.67	0.48
05/12/2016	0	1.39	4.63	0.04	4.67	0.47
05/12/2016	10	1.39	4.61	0	4.69	0.41
05/12/2016	10	1.4	4.63	0	4.67	0.39
05/12/2016	25	1.4	4.68	0.08	4.73	0.39
05/12/2016	25	1.4	4.69	0.08	4.73	0.39
05/12/2016	50	1.42	4.95	0	4.69	0.4
05/12/2016	50	1.42	4.97	0.03	4.69	0.4
12/12/2016	0	0.08	4.17	0.05	3.63	0.36
12/12/2016	0	0.08	4.17	0.06	3.63	0.36
12/12/2016	10	0.09	4.16	0.07	3.55	0.36
12/12/2016	10	0.09	4.16	0.07	3.54	0.36
12/12/2016	25	0.08	4.15	0.08	3.55	0.35
12/12/2016	25	0.08	4.16	0.08	3.54	0.35
12/12/2016	50	0.07	4.16	0.08	3.47	0.36
12/12/2016	50	0.07	4.16	0.07	3.48	0.36
12/12/2016	0	0.07	4.17	0.14	3.63	0.34
12/12/2016	0	0.07	4.19	0.15	3.63	0.34
12/12/2016	10	0.07	4.19	NA	3.55	0.34
12/12/2016	10	0.07	4.18	0.19	3.54	0.34
12/12/2016	25	0.07	4.19	0.06	3.55	0.34
12/12/2016	25	0.07	4.2	0.05	3.54	0.34
12/12/2016	50	0.07	4.18	0.04	3.47	0.33
12/12/2016	50	0.07	4.18	0.04	3.48	0.34
19/12/2016	0	0.08	4.08	0.12	3.46	0.39
19/12/2016	0	0.08	4.07	0.12	3.46	0.39
19/12/2016	10	0.08	4.08	0.12	3.4	0.36
19/12/2016	10	0.08	4.08	0.12	3.41	0.36
19/12/2016	25	0.08	4.09	0.12	3.42	0.36
19/12/2016	25	0.08	4.09	0.12	3.4	0.36
19/12/2016	50	0.08	4.01	0.11	3.34	0.36
19/12/2016	50	0.08	4.02	0.12	3.33	0.36
19/12/2016	0	0.07	4.08	NA	3.42	0.37
19/12/2016	0	0.07	4.08	0.13	3.42	0.37
19/12/2016	10	0.07	4.09	0.09	3.4	0.35
19/12/2016	10	0.07	4.09	0.09	3.4	0.35
19/12/2016	25	0.07	4.1	0.1	3.37	0.35
19/12/2016	25	0.07	4.1	0.1	3.39	0.35
19/12/2016	50	0.08	4.03	0.1	3.34	0.34
19/12/2016	50	0.08	4.02	0.1	3.33	0.34
10/01/2017	0	0.24	5.99	0.14	3.64	0.42
10/01/2017	0	0.23	6	0.15	3.63	0.44
10/01/2017	10	0.19	5.98	0.13	3.6	0.43
10/01/2017	10	0.19	6	0.13	3.6	0.43
10/01/2017	25	0.16	5.85	0.13	3.44	0.42
10/01/2017	25	0.17	5.85	0.13	3.43	0.42
10/01/2017	50	0.13	5.31	0.13	3.08	0.41
10/01/2017	50	0.13	5.32	0.13	3.08	0.41
10/01/2017	0	0.22	6.19	0.16	3.63	0.43
10/01/2017	0	0.22	6.23	0.17	3.63	0.42
10/01/2017	10	0.21	NA	NA	3.58	0.42
10/01/2017	10	0.21	6.4	NA	3.57	0.43
10/01/2017	25	0.18	5.98	0.14	3.4	0.42
10/01/2017	25	0.19	5.96	0.13	3.4	0.42
10/01/2017	50	0.13	5.39	0.14	3.06	0.41
10/01/2017	50	0.13	5.4	0.15	3.06	0.42
16/01/2017	0	0.27	5.98	0.08	3.9	0.44
16/01/2017	0	0.27	5.99	0.08	3.89	0.44
16/01/2017	10	0.26	5.94	0.11	3.78	0.44
16/01/2017	10	0.26	5.93	0.1	3.77	0.44
16/01/2017	25	0.18	5.31	0.09	3.37	0.41
16/01/2017	25	0.18	5.31	0.08	3.37	0.41
16/01/2017	50	0.18	5.23	0.07	3.33	0.41
16/01/2017	50	0.17	5.23	0.07	3.32	0.41
16/01/2017	0	0.27	5.97	0.13	3.79	0.41
16/01/2017	0	0.27	5.99	0.11	3.77	0.42
16/01/2017	10	0.27	5.92	0.12	3.71	0.42
16/01/2017	10	0.27	5.93	0.11	3.71	0.42
16/01/2017	25	0.19	5.3	0.09	3.31	0.4
16/01/2017	25	0.19	5.3	0.09	3.31	0.4
16/01/2017	50	0.19	5.23	0.08	3.31	0.4
16/01/2017	50	0.19	5.23	0.08	3.3	0.4
23/01/2017	0	0.18	5.58	0	NA	0.42
23/01/2017	0	0.19	5.58	0	NA	0.42
23/01/2017	10	0.19	5.58	0	NA	0.42
23/01/2017	10	0.19	5.58	0	NA	0.42
23/01/2017	25	0.19	5.54	0	NA	0.43
23/01/2017	25	0.18	5.55	0	NA	0.44
23/01/2017	50	0.19	5.45	0	NA	0.45
23/01/2017	50	0.19	5.45	0	NA	0.45
23/01/2017	0	0.17	5.49	0	NA	0.4
23/01/2017	0	0.17	5.52	0	NA	0.41
23/01/2017	10	0.18	5.52	0	NA	0.41
23/01/2017	10	0.18	5.52	0	NA	0.41
23/01/2017	25	0.18	5.51	0	NA	0.42
23/01/2017	25	0.18	5.49	0	NA	0.42
23/01/2017	50	0.19	5.43	0	NA	0.5
23/01/2017	50	0.21	5.45	0	NA	0.49
30/01/2017	0	0.19	5.37	0.08	3.43	0.42
30/01/2017	0	0.19	5.39	0.09	3.4	0.42
30/01/2017	10	0.19	5.4	0.05	3.38	0.42
30/01/2017	10	0.19	5.41	0.05	3.39	0.42
30/01/2017	25	0.19	5.44	0.08	3.34	0.42
30/01/2017	25	0.19	5.44	0.08	3.34	0.42
30/01/2017	50	0.2	5.43	0.07	3.32	0.42
30/01/2017	50	0.2	5.43	0.06	3.32	0.42
30/01/2017	0	0.19	5.47	0.08	3.36	0.42
30/01/2017	0	0.19	5.5	0.08	3.36	0.42
30/01/2017	10	0.2	5.51	0	3.31	0.42
30/01/2017	10	0.2	5.5	0	3.3	0.42
30/01/2017	25	0.2	5.49	0	3.29	0.43
30/01/2017	25	0.2	5.5	0	3.3	0.42
30/01/2017	50	0.2	5.47	0	3.29	0.42
30/01/2017	50	0.2	5.46	0	3.29	0.42
06/02/2017	0	0.35	7.66	0.33	4.8	0.54
06/02/2017	0	0.36	7.68	0.33	4.79	0.54
06/02/2017	10	0.33	7.14	0.25	4.3	0.53
06/02/2017	10	0.33	7.15	0.25	4.32	0.54
06/02/2017	25	0.21	5.35	0.13	3.17	0.45
06/02/2017	25	0.21	5.33	0.13	3.17	0.45
06/02/2017	50	0.21	5.02	NA	3.04	0.48
06/02/2017	50	0.21	5.04	NA	3.05	0.48
06/02/2017	0	0.29	7.81	NA	4.51	0.44
06/02/2017	0	0.29	7.79	0.28	4.54	0.44
06/02/2017	10	0.28	7.19	0.15	4.23	0.44
06/02/2017	10	0.28	7.19	0.15	4.2	0.44
06/02/2017	25	0.17	5.4	0.04	3.08	0.4
06/02/2017	25	0.17	5.4	0.04	3.06	0.41
06/02/2017	50	0.16	5.1	0.05	NA	0.41
06/02/2017	50	0.16	5.1	0.05	2.98	0.41
14/02/2017	0	0.19	5.8	0.07	3.35	0.47
14/02/2017	0	0.19	5.83	0.07	3.35	0.47
14/02/2017	10	0.19	5.84	0.05	3.31	0.46
14/02/2017	10	0.19	5.83	0.06	3.31	0.46
14/02/2017	25	0.19	5.87	0.1	3.25	0.47
14/02/2017	25	0.19	5.85	0.1	3.25	0.46
14/02/2017	50	0.17	5.57	0.06	3.04	0.46
14/02/2017	50	0.17	5.58	0.06	3.03	0.46
14/02/2017	0	0.17	NA	0.13	3.25	0.43
14/02/2017	0	0.17	5.97	0.11	3.27	0.45
14/02/2017	10	0.17	5.93	0.15	3.22	0.45
14/02/2017	10	0.17	5.9	0.12	3.22	0.45
14/02/2017	25	0.18	NA	NA	NA	0.46
14/02/2017	25	0.18	5.97	0.09	3.26	0.44
14/02/2017	50	0.15	NA	0.08	NA	0.44
14/02/2017	50	0.16	5.65	0.08	NA	0.44
20/02/2017	0	0.27	8.04	0.2	3.76	0.46
20/02/2017	0	0.27	8.02	0.19	3.76	0.45
20/02/2017	10	0.14	4.88	0.04	2.59	0.39
20/02/2017	10	0.14	4.9	0.04	2.59	0.39
20/02/2017	25	0.17	5.21	0.06	2.64	0.44
20/02/2017	25	0.17	5.22	0.06	2.64	0.44
20/02/2017	50	0.17	5.21	0.04	2.62	0.44
20/02/2017	50	0.17	5.21	0.04	2.64	0.44
20/02/2017	0	0.26	8.07	0.16	3.66	0.44
20/02/2017	0	0.26	8.06	0.16	3.65	0.44
20/02/2017	10	0.14	4.89	0	2.49	0.36
20/02/2017	10	0.14	4.89	0	2.5	0.36
20/02/2017	25	0.15	5.23	0	2.57	0.41
20/02/2017	25	0.15	5.22	0	2.57	0.41
20/02/2017	50	0.15	5.21	0	2.56	0.41
20/02/2017	50	0.15	5.22	0	2.55	0.41
01/03/2017	0	0.13	5.61	0	3.21	0.47
01/03/2017	0	0.13	5.63	0	3.2	0.47
01/03/2017	10	0.13	5.67	0	3.18	0.49
01/03/2017	10	0.13	5.68	0	3.18	0.49
01/03/2017	25	0.14	5.66	0.04	3.16	0.49
01/03/2017	25	0.14	5.67	0.04	3.15	0.49
01/03/2017	50	0.15	5.65	0	3.12	0.48
01/03/2017	50	0.15	5.66	0	3.12	0.48
01/03/2017	0	0.11	5.68	0	3.08	0.44
01/03/2017	0	0.11	5.71	0	3.07	0.44
01/03/2017	10	0.11	5.78	0	3.08	0.45
01/03/2017	10	0.11	5.78	0	3.07	0.45
01/03/2017	25	0.12	5.74	0	3.04	0.45
01/03/2017	25	0.12	5.74	0	3.05	0.45
01/03/2017	50	0.14	5.7	0	3.04	0.44
01/03/2017	50	0.14	5.7	0	3.04	0.44
06/03/2017	0	0.17	5.63	0.01	2.76	0.42
06/03/2017	0	0.17	5.66	0.01	2.76	0.43
06/03/2017	10	0.17	5.71	0.01	2.75	0.42
06/03/2017	10	0.17	5.71	0.01	2.75	0.42
06/03/2017	25	0.17	5.73	0.01	2.73	0.43
06/03/2017	25	0.18	5.73	0.01	2.74	0.44
06/03/2017	50	0.17	5.7	0.01	2.72	0.43
06/03/2017	50	0.17	5.71	0.01	2.73	0.43
06/03/2017	0	0.16	5.65	0.01	2.74	0.43
06/03/2017	0	0.16	5.67	0.01	2.74	0.42
06/03/2017	10	0.17	5.71	0.01	2.69	0.42
06/03/2017	10	0.17	5.71	0.01	2.69	0.41
06/03/2017	25	0.17	5.74	0.01	2.7	0.43
06/03/2017	25	0.17	5.72	0.01	2.7	0.43
06/03/2017	50	0.17	5.71	0.01	2.69	0.42
06/03/2017	50	0.17	5.72	0.01	2.7	0.42
15/03/2017	0	0.27	7.58	0.01	3.64	0.44
15/03/2017	0	0.27	7.59	0.01	3.65	0.44
15/03/2017	10	0.28	5.86	0.01	2.86	0.45
15/03/2017	10	0.3	5.84	0.01	3.03	0.42
15/03/2017	25	0.27	5.65	0.01	2.74	0.43
15/03/2017	25	0.27	5.66	0.01	2.74	0.43
15/03/2017	50	0.28	5.63	0.01	2.72	0.42
15/03/2017	50	0.27	5.62	0.01	2.71	0.42
15/03/2017	0	0.24	NA	0.01	3.58	0.43
15/03/2017	0	0.25	7.61	0.01	3.58	0.43
15/03/2017	10	0.24	5.83	0.01	2.81	0.4
15/03/2017	10	0.24	5.83	0.01	2.8	0.4
15/03/2017	25	0.26	5.76	0.01	2.73	0.41
15/03/2017	25	0.26	5.73	0.01	2.73	0.41
15/03/2017	50	0.26	5.69	0.01	2.7	0.41
15/03/2017	50	0.26	5.71	0.01	2.72	0.41
22/03/2017	0	0.29	5.63	0.09	2.64	0.41
22/03/2017	0	0.29	5.63	0.1	2.64	0.41
22/03/2017	10	0.29	5.69	0.12	2.64	0.41
22/03/2017	10	0.29	5.69	0.11	2.65	0.41
22/03/2017	25	NA	NA	0.14	2.63	0.42
22/03/2017	25	0.3	5.76	0.14	2.66	0.42
22/03/2017	50	0.3	5.73	0.16	2.68	0.43
22/03/2017	50	0.3	5.73	0.16	2.68	0.43
22/03/2017	0	0.27	5.77	0.23	2.66	0.41
22/03/2017	0	0.27	5.75	0.23	2.66	0.41
22/03/2017	10	0.28	5.76	0.18	2.64	0.41
22/03/2017	10	0.28	5.77	0.17	2.65	0.41
22/03/2017	25	0.3	5.81	0.15	2.67	0.41
22/03/2017	25	0.29	5.79	0.15	2.65	0.41
22/03/2017	50	0.29	5.77	0.16	2.67	0.42
22/03/2017	50	0.29	5.75	0.16	2.66	0.41
27/03/2017	0	0.34	NA	0.15	2.93	0.42
27/03/2017	0	0.34	5.8	0.15	2.9	0.41
27/03/2017	10	0.34	5.78	0.14	2.83	0.41
27/03/2017	10	0.35	5.79	0.14	2.83	0.41
27/03/2017	25	0.34	5.74	0.14	2.81	0.41
27/03/2017	25	0.34	5.74	0.14	2.79	0.41
27/03/2017	50	0.33	5.67	0.16	2.76	0.41
27/03/2017	50	0.33	5.68	0.16	2.76	0.41
27/03/2017	0	0.34	5.77	0.14	2.81	0.4
27/03/2017	0	0.34	5.78	0.14	2.81	0.4
27/03/2017	10	0.35	5.77	0.16	2.76	0.41
27/03/2017	10	0.35	5.77	0.16	2.76	0.41
27/03/2017	25	0.34	5.71	0.15	2.71	0.41
27/03/2017	25	0.34	5.71	0.16	2.71	0.41
27/03/2017	50	0.34	5.67	0.18	2.69	0.42
27/03/2017	50	0.34	5.66	0.18	2.68	0.42
06/04/2017	0	0.28	5.2	0.13	2.59	0.36
06/04/2017	0	0.29	5.03	0.12	2.59	0.37
06/04/2017	10	0.27	4.88	NA	2.45	0.37
06/04/2017	10	0.27	4.85	0.14	2.45	0.36
06/04/2017	25	0.28	5.05	0.24	2.43	0.38
06/04/2017	25	0.28	5.05	0.24	2.42	0.38
06/04/2017	50	0.29	5.1	0.3	NA	0.38
06/04/2017	50	0.29	5.11	0.29	2.43	0.38
06/04/2017	0	0.28	5.16	NA	2.45	0.35
06/04/2017	0	0.29	5.1	NA	NA	0.34
06/04/2017	10	NA	NA	0.17	2.4	NA
06/04/2017	10	0.27	4.91	0.18	2.39	0.37
06/04/2017	25	0.29	5.06	0.29	NA	0.37
06/04/2017	25	0.29	5.1	0.29	2.38	0.38
06/04/2017	50	0.29	5.06	0.26	NA	0.38
06/04/2017	50	0.29	5.09	0.24	2.43	0.38
10/04/2017	0	0.19	3.89	0.06	2.51	0.24
10/04/2017	0	0.19	3.9	0.06	2.48	0.25
10/04/2017	10	0.16	3.4	0.09	2.32	0.24
10/04/2017	10	0.16	3.4	0.09	2.32	0.24
10/04/2017	25	0.3	5.19	0.28	2.6	0.37
10/04/2017	25	0.3	5.21	0.27	2.6	0.37
10/04/2017	50	0.31	5.28	0.28	2.61	0.38
10/04/2017	50	0.31	5.28	0.29	2.62	0.38
10/04/2017	0	0.19	3.89	0.14	2.42	0.23
10/04/2017	0	0.19	3.87	0.11	2.43	0.23
10/04/2017	10	0.16	3.38	0.11	2.27	0.22
10/04/2017	10	0.16	3.38	0.11	2.27	0.22
10/04/2017	25	0.3	5.17	0.28	2.56	0.36
10/04/2017	25	0.3	5.17	0.27	2.56	0.36
10/04/2017	50	0.31	5.26	0.32	2.6	0.37
10/04/2017	50	0.31	5.25	0.31	2.6	0.37
18/04/2017	0	0.19	2.39	0.35	1.79	0.26
18/04/2017	0	0.19	2.39	0.35	1.8	0.26
18/04/2017	10	0.2	2.4	0.3	1.77	0.26
18/04/2017	10	0.2	2.41	0.31	1.76	0.26
18/04/2017	25	0.32	4.34	0.54	2.19	0.38
18/04/2017	25	0.32	4.34	0.56	2.19	0.38
18/04/2017	50	0.33	4.68	0.62	2.37	0.4
18/04/2017	50	0.33	4.68	0.61	2.37	0.4
18/04/2017	0	0.19	2.5	NA	1.73	NA
18/04/2017	0	0.19	NA	NA	1.73	0.24
18/04/2017	10	0.2	NA	NA	1.7	0.27
18/04/2017	10	0.2	2.49	NA	1.69	0.26
18/04/2017	25	0.31	4.36	NA	2.15	0.4
18/04/2017	25	0.31	4.37	NA	2.15	0.38
18/04/2017	50	0.32	4.77	NA	2.33	0.39
18/04/2017	50	0.32	4.78	NA	2.33	0.41
24/04/2017	0	0.05	0.56	NA	0.97	0.14
24/04/2017	0	0.05	0.57	NA	1	0.14
24/04/2017	10	0.04	0.34	NA	0.84	0.15
24/04/2017	10	0.04	0.34	NA	0.83	0.14
24/04/2017	25	0.3	3.03	NA	1.7	0.32
24/04/2017	25	0.3	3.01	NA	1.71	0.31
24/04/2017	50	0.33	3.31	NA	1.92	0.32
24/04/2017	50	0.33	3.34	NA	1.92	0.32
24/04/2017	0	0.06	0.64	0.35	0.99	0.15
24/04/2017	0	0.06	0.66	0.36	0.99	0.15
24/04/2017	10	0.04	0.41	0.32	0.88	0.14
24/04/2017	10	0.04	0.41	0.34	0.87	0.15
24/04/2017	25	0.3	3.45	0.86	1.8	0.33
24/04/2017	25	0.3	3.45	0.87	1.8	0.34
24/04/2017	50	0.33	3.69	0.87	1.98	0.35
24/04/2017	50	0.33	3.7	0.86	1.98	0.35
02/05/2017	0	0.09	0.87	NA	0.5	0.22
02/05/2017	0	0.09	0.87	0.81	0.5	0.22
02/05/2017	10	0.09	0.87	0.78	0.5	0.22
02/05/2017	10	0.09	0.87	0.8	0.49	0.22
02/05/2017	25	0.09	0.89	NA	0.53	0.24
02/05/2017	25	0.09	0.89	0.8	0.53	0.24
02/05/2017	50	0.09	0.91	0.84	0.52	0.24
02/05/2017	50	0.09	0.91	0.8	0.52	0.24
02/05/2017	0	0.09	0.89	NA	0.54	0.23
02/05/2017	0	0.09	0.9	NA	0.54	0.23
02/05/2017	10	0.1	NA	NA	0.53	0.24
02/05/2017	10	0.1	0.93	NA	0.52	0.24
02/05/2017	25	0.09	0.95	NA	0.55	0.25
02/05/2017	25	0.09	0.95	NA	0.54	0.25
02/05/2017	50	0.1	0.94	NA	0.56	0.25
02/05/2017	50	0.1	0.94	NA	0.55	0.25
08/05/2017	0	0.04	0.19	0.16	0.28	NA
08/05/2017	0	0.04	0.18	0.18	0.29	NA
08/05/2017	10	0.04	0.18	0.22	0.26	NA
08/05/2017	10	0.04	0.18	0.22	0.26	NA
08/05/2017	25	0.04	0.26	0.38	0.27	NA
08/05/2017	25	0.04	0.26	0.39	0.27	NA
08/05/2017	50	0.04	0.3	0.5	0.38	NA
08/05/2017	50	0.04	0.3	0.52	0.38	NA
08/05/2017	0	0.04	NA	NA	0.26	NA
08/05/2017	0	0.04	0.19	0.17	0.26	NA
08/05/2017	10	0.04	0.2	0.27	0.25	NA
08/05/2017	10	0.04	0.21	0.27	0.25	NA
08/05/2017	25	0.04	0.3	NA	0.28	NA
08/05/2017	25	0.04	0.28	0.43	0.28	NA
08/05/2017	50	0.04	0.3	0.5	0.38	NA
08/05/2017	50	0.04	0.3	0.51	0.37	NA
17/05/2017	0	0	0	0	0.26	0.1
17/05/2017	0	0	0	0	0.26	0.11
17/05/2017	10	0	0	0	0.22	0.11
17/05/2017	10	0	0	0	0.22	0.11
17/05/2017	25	0.03	0.12	0.43	0.42	0.18
17/05/2017	25	0.03	0.12	0.43	0.42	0.18
17/05/2017	50	0.03	0.16	0.45	0.48	0.18
17/05/2017	50	0.03	0.15	0.45	0.47	0.18
17/05/2017	0	0	0	0	0.2	0.1
17/05/2017	0	0	0	0	0.21	0.1
17/05/2017	10	0	0.03	0	0.18	0.09
17/05/2017	10	0	0.03	0	0.2	0.09
17/05/2017	25	0.02	0.15	0.43	0.4	0.17
17/05/2017	25	0.02	0.15	0.4	0.4	0.17
17/05/2017	50	0.02	0.17	0.42	0.46	0.17
17/05/2017	50	0.02	0.17	0.41	0.46	0.17
22/05/2017	0	0	0	0	0.17	0.05
22/05/2017	0	0	0	0	0.17	0.05
22/05/2017	10	0	0	0	0.13	0.05
22/05/2017	10	0	0	0	0.11	0.05
22/05/2017	25	0.02	0.1	0	0.3	0.14
22/05/2017	25	0.02	0.09	0	0.29	0.14
22/05/2017	50	0.04	0.28	0.32	0.81	0.2
22/05/2017	50	0.04	0.29	0.32	0.81	0.2
22/05/2017	0	0	0	0	0.14	0.05
22/05/2017	0	0	0	0	0.15	0.05
22/05/2017	10	0	0	0	0.13	NA
22/05/2017	10	0	0	0	0.15	0.07
22/05/2017	25	0.02	0.11	0	0.28	0.15
22/05/2017	25	0.02	0.12	0	0.31	0.15
22/05/2017	50	0.04	0.31	0.29	0.8	0.21
22/05/2017	50	0.04	0.3	0.27	0.8	0.21
31/05/2017	0	0	0	0.04	0.11	0.03
31/05/2017	0	0	0	0.04	0.11	0.03
31/05/2017	10	0	0	0	0.05	0.03
31/05/2017	10	0	0	0	0.05	0.03
31/05/2017	25	0.03	0.13	0.43	0.62	0.12
31/05/2017	25	0.03	0.13	0.45	0.62	0.12
31/05/2017	50	0.03	0.17	0.56	0.67	0.13
31/05/2017	50	0.03	0.17	0.57	0.69	0.13
31/05/2017	0	0	0	0	NA	0
31/05/2017	0	0	0	0	0.07	0
31/05/2017	10	0	0	0	NA	0
31/05/2017	10	0	0	0	NA	0
31/05/2017	25	0.02	0.15	0.46	0.53	0.12
31/05/2017	25	0.02	0.15	0.46	0.54	0.12
31/05/2017	50	0.03	0.19	0.54	0.61	0.13
31/05/2017	50	0.03	0.17	0.56	0.6	0.12
12/06/2017	0	0	0	0.16	0.38	0.07
12/06/2017	0	0	0	0.16	0.38	0.07
12/06/2017	10	0	0.05	0.15	0.35	0.07
12/06/2017	10	0	0.04	0.16	0.36	0.07
12/06/2017	25	0.01	0	0.18	0.13	0.07
12/06/2017	25	0.01	0	0.18	0.14	0.08
12/06/2017	50	0.06	0.53	1.79	1.68	0.25
12/06/2017	50	0.06	0.53	1.79	1.68	0.25
12/06/2017	0	0	0.05	0.2	NA	0.07
12/06/2017	0	0	0.06	0.21	0.44	0.07
12/06/2017	10	0	0.06	0.15	0.4	0.07
12/06/2017	10	0	0.05	0.13	0.4	0.07
12/06/2017	25	0	0	0.15	0.09	0.07
12/06/2017	25	0	0	0.15	0.07	0.07
12/06/2017	50	0.06	0.54	1.77	1.67	0.24
12/06/2017	50	0.06	0.54	1.75	1.67	0.24
19/06/2017	0	0	0	0.12	0.12	0
19/06/2017	0	0	0	0.1	0.12	0
19/06/2017	10	0	0	0.08	0.11	0
19/06/2017	10	0	0	0.08	0.1	0
19/06/2017	25	0.04	0.28	0.73	0.92	0.13
19/06/2017	25	0.04	0.29	0.73	0.91	0.13
19/06/2017	50	0.05	0.42	1.46	1.68	0.21
19/06/2017	50	0.05	0.42	1.42	1.68	0.21
19/06/2017	0	<0.01	0	0.18	0.15	0
19/06/2017	0	0	0	0.19	0.14	0
19/06/2017	10	0	0	0.15	0.09	0
19/06/2017	10	0	0	0.13	0.08	0
19/06/2017	25	0.04	0.28	0.75	0.95	0.12
19/06/2017	25	0.04	0.28	0.75	0.94	0.13
19/06/2017	50	0.05	0.43	1.43	1.74	0.19
19/06/2017	50	0.05	0.43	1.43	1.75	0.19
26/06/2017	0	0	0	0.12	0.36	0.03
26/06/2017	0	0	0	0.11	0.34	0.03
26/06/2017	10	0	0	0.06	0.35	0.06
26/06/2017	10	0	0	0.07	0.36	0.08
26/06/2017	25	0.03	0.2	0.7	0.76	0.13
26/06/2017	25	0.03	0.2	0.7	0.77	0.13
26/06/2017	50	0.03	0.26	0.82	0.86	0.15
26/06/2017	50	0.03	0.25	0.85	0.86	0.15
26/06/2017	0	0	0	NA	NA	0.03
26/06/2017	0	0	0	0.17	0.32	0.03
26/06/2017	10	0.01	0.04	0.17	0.18	0.07
26/06/2017	10	0.01	0.04	0.18	0.19	0.07
26/06/2017	25	0.03	NA	NA	0.68	0.14
26/06/2017	25	0.03	0.23	0.78	0.69	0.14
26/06/2017	50	0.03	0.26	0.85	NA	0.15
26/06/2017	50	0.03	0.26	0.84	0.79	0.14
03/07/2017	0	0	0	NA	0.18	0.04
03/07/2017	0	0	0	NA	0.18	0.04
03/07/2017	10	0	0	NA	0.15	0.03
03/07/2017	10	0	0	NA	0.15	0.03
03/07/2017	25	0	0	NA	0.15	0.04
03/07/2017	25	0	0	NA	0.15	0.04
03/07/2017	50	0.05	0.42	NA	1.15	0.17
03/07/2017	50	0.05	0.42	NA	1.15	0.17
03/07/2017	0	0	0	NA	0.12	0.03
03/07/2017	0	0	0	NA	0.1	0.03
03/07/2017	10	0	0	NA	0.11	0.03
03/07/2017	10	0	0	NA	0.12	0.03
03/07/2017	25	0	0	NA	0.12	0.03
03/07/2017	25	0	0	NA	0.12	0.03
03/07/2017	50	0.05	0.43	NA	1.15	0.16
03/07/2017	50	0.05	0.43	NA	1.15	0.16
17/07/2017	0	0	0.04	NA	0.44	0.04
17/07/2017	0	0	0.03	NA	0.43	0.05
17/07/2017	10	NA	NA	NA	NA	NA
17/07/2017	10	NA	NA	NA	NA	NA
17/07/2017	25	NA	NA	NA	NA	NA
17/07/2017	25	0.03	NA	NA	NA	0.15
17/07/2017	50	0.03	0.3	NA	NA	0.19
17/07/2017	50	0.03	0.26	NA	NA	0.18
17/07/2017	0	0	0.05	NA	0.4	0.03
17/07/2017	0	0	NA	NA	0.46	0.04
17/07/2017	10	0	0.06	NA	NA	NA
17/07/2017	10	0	NA	NA	NA	0.04
17/07/2017	25	0	0.06	NA	0.49	0.07
17/07/2017	25	0	0.07	NA	0.47	0.06
17/07/2017	50	0.03	0.31	NA	1.19	0.16
17/07/2017	50	0.03	0.31	NA	1.21	0.16
24/07/2017	0	0.04	0.18	NA	1.14	0.07
24/07/2017	0	0.04	0.18	NA	1.14	0.08
24/07/2017	10	0.01	0.04	NA	0.67	0.09
24/07/2017	10	0.02	0.07	NA	0.66	0.09
24/07/2017	25	0	0	NA	0.33	0.03
24/07/2017	25	0	0	NA	0.34	0.04
24/07/2017	50	0.05	0.36	NA	1.66	0.19
24/07/2017	50	0.05	0.36	NA	1.64	0.19
24/07/2017	0	0.03	0.2	NA	NA	0.06
24/07/2017	0	0.03	0.2	NA	1.1	0.06
24/07/2017	10	0.03	0.07	NA	0.34	0.01
24/07/2017	10	0.03	0.04	NA	0.29	0.01
24/07/2017	25	0.02	0.07	NA	0.65	0.05
24/07/2017	25	0.02	0.06	NA	0.65	0.05
24/07/2017	50	0.05	0.36	NA	1.59	0.17
24/07/2017	50	0.05	0.34	NA	1.61	0.17
31/07/2017	0	0.01	0.03	NA	1.25	0.05
31/07/2017	0	0.01	0.03	NA	1.25	0.05
31/07/2017	10	0	0	NA	1.18	0.06
31/07/2017	10	0	0	NA	1.18	0.06
31/07/2017	25	0.02	0.07	NA	NA	0.09
31/07/2017	25	0.02	0.07	NA	1.17	0.09
31/07/2017	50	0.06	0.35	NA	1.93	0.18
31/07/2017	50	0.06	0.35	NA	1.93	0.18
31/07/2017	0	0	0	NA	1.25	0.05
31/07/2017	0	0	0	NA	1.25	0.04
31/07/2017	10	0	0	NA	1.15	0.04
31/07/2017	10	0	0	NA	1.15	0.05
31/07/2017	25	0.02	0.04	NA	1.18	0.08
31/07/2017	25	0.02	0.06	NA	1.19	0.07
31/07/2017	50	0.05	0.28	NA	1.95	0.17
31/07/2017	50	0.05	0.29	NA	1.88	0.16
07/08/2017	0	0	0	NA	0.44	0
07/08/2017	0	0	0	NA	0.44	0
07/08/2017	10	0	0	NA	0.47	0
07/08/2017	10	0	0	NA	0.47	0
07/08/2017	25	0.02	0.04	NA	1.38	0.1
07/08/2017	25	0.02	0.04	NA	1.37	0.1
07/08/2017	50	0.08	0.43	NA	2.77	0.21
07/08/2017	50	0.08	0.43	NA	2.75	0.21
07/08/2017	0	0	0	NA	0.42	0
07/08/2017	0	0	0	NA	NA	0
07/08/2017	10	0	0	NA	0.42	0
07/08/2017	10	0	0	NA	0.42	0
07/08/2017	25	0.02	0.06	NA	1.38	0.08
07/08/2017	25	0.02	0.06	NA	1.38	0.09
07/08/2017	50	0.08	0.48	NA	2.78	0.21
07/08/2017	50	0.08	0.49	NA	2.78	0.22
14/08/2017	0	0	0	NA	0.66	0.03
14/08/2017	0	0	0	NA	0.67	0.03
14/08/2017	10	0	0	NA	0.67	0.04
14/08/2017	10	0	0	NA	0.68	0.04
14/08/2017	25	0	0	NA	0.72	0.04
14/08/2017	25	0	0	NA	0.74	0.03
14/08/2017	50	0.09	0.76	NA	2.3	0.22
14/08/2017	50	0.09	0.74	NA	2.3	0.22
14/08/2017	0	0	0	NA	0.63	0
14/08/2017	0	0	0	NA	0.64	0
14/08/2017	10	0	0	NA	0.68	0
14/08/2017	10	0	0	NA	0.68	0
14/08/2017	25	0	0	NA	0.67	0
14/08/2017	25	0	0	NA	0.66	0
14/08/2017	50	0.09	0.71	NA	2.27	0.19
14/08/2017	50	0.09	0.74	NA	2.27	0.17
21/08/2017	0	0	0	NA	0.83	0
21/08/2017	0	0	0	NA	0.83	0
21/08/2017	10	0	0	NA	0.8	0.04
21/08/2017	10	0	0	NA	0.81	0.04
21/08/2017	25	0.13	0.79	NA	2.2	0.21
21/08/2017	25	0.13	0.79	NA	2.2	0.21
21/08/2017	50	0.18	1.07	NA	2.63	0.27
21/08/2017	50	0.18	1.06	NA	2.63	0.27
21/08/2017	0	0	0.03	NA	0.81	0
21/08/2017	0	0	0.03	NA	0.8	0
21/08/2017	10	0	0	NA	0.76	0
21/08/2017	10	0	0	NA	0.77	0
21/08/2017	25	0.12	0.81	NA	2.15	0.19
21/08/2017	25	0.12	0.81	NA	2.15	0.19
21/08/2017	50	0.18	1.09	NA	2.57	0.25
21/08/2017	50	0.18	1.1	NA	2.58	0.25
29/08/2017	0	0	0	NA	0.9	0
29/08/2017	0	0	0	NA	0.88	0
29/08/2017	10	0	0	NA	1.21	0.04
29/08/2017	10	0	0	NA	1.21	0.04
29/08/2017	25	0.18	0.82	NA	2	0.19
29/08/2017	25	0.18	0.82	NA	2.13	0.2
29/08/2017	50	0.18	0.92	NA	2.57	0.22
29/08/2017	50	0.18	0.93	NA	2.56	0.22
29/08/2017	0	0	0	NA	0.88	0
29/08/2017	0	0	0	NA	0.88	0
29/08/2017	10	0	0	NA	1.24	0
29/08/2017	10	0	0	NA	1.24	0
29/08/2017	25	0.17	0.8	NA	2	0.17
29/08/2017	25	0.17	0.81	NA	2	0.18
29/08/2017	50	0.18	0.93	NA	2.6	0.21
29/08/2017	50	0.18	0.94	NA	2.6	0.21
04/09/2017	0	0	0	NA	1.16	0.04
04/09/2017	0	0	0	NA	1.17	0.04
04/09/2017	10	0	0	NA	1.16	0.06
04/09/2017	10	0	0	NA	1.16	0.06
04/09/2017	25	0	0	NA	NA	NA
04/09/2017	25	0	0	NA	1.16	0.07
04/09/2017	50	0.06	0.21	NA	1.82	0.15
04/09/2017	50	0.06	0.21	NA	1.85	0.15
04/09/2017	0	0	0	NA	1.17	0.03
04/09/2017	0	0	0	NA	1.17	0.03
04/09/2017	10	0	0	NA	1.16	0.05
04/09/2017	10	0	0	NA	1.16	0.05
04/09/2017	25	0	0	NA	1.17	0.05
04/09/2017	25	0	0	NA	1.17	0.05
04/09/2017	50	0.05	0.24	NA	1.84	0.12
04/09/2017	50	0.05	0.25	NA	1.86	0.12

