date	month	year	mld
2006-01-01	1	2006	49.4581184387
2006-01-02	1	2006	49.1217079163
2006-01-03	1	2006	49.0746879578
2006-01-04	1	2006	49.2814788818
2006-01-05	1	2006	49.7636566162
2006-01-06	1	2006	50.2197418213
2006-01-07	1	2006	50.8987884521
2006-01-08	1	2006	51.3366851807
2006-01-09	1	2006	51.776966095
2006-01-10	1	2006	51.9247055054
2006-01-11	1	2006	51.8370819092
2006-01-12	1	2006	51.4501953125
2006-01-13	1	2006	51.0411376953
2006-01-14	1	2006	50.3659515381
2006-01-15	1	2006	49.7193450928
2006-01-16	1	2006	49.3663825989
2006-01-17	1	2006	49.0904350281
2006-01-18	1	2006	49.0914535522
2006-01-19	1	2006	49.3615112305
2006-01-20	1	2006	49.8887443542
2006-01-21	1	2006	50.35987854
2006-01-22	1	2006	29.6919555664
2006-01-23	1	2006	35.1965026855
2006-01-24	1	2006	39.5904426575
2006-01-25	1	2006	40.4333534241
2006-01-26	1	2006	41.8331108093
2006-01-27	1	2006	51.3400344849
2006-01-28	1	2006	50.9075164795
2006-01-29	1	2006	50.2257156372
2006-01-30	1	2006	49.6044120789
2006-01-31	1	2006	49.2857894897
2006-02-01	2	2006	49.0729980469
2006-02-02	2	2006	49.1220664978
2006-02-03	2	2006	49.4527282715
2006-02-04	2	2006	50.0198059082
2006-02-05	2	2006	50.5013923645
2006-02-06	2	2006	27.9886016846
2006-02-07	2	2006	32.6595497131
2006-02-08	2	2006	38.8268241882
2006-02-09	2	2006	31.9866142273
2006-02-10	2	2006	30.0870990753
2006-02-11	2	2006	30.6896286011
2006-02-12	2	2006	50.7698898315
2006-02-13	2	2006	50.0881652832
2006-02-14	2	2006	49.4982452393
2006-02-15	2	2006	49.2171363831
2006-02-16	2	2006	49.0695762634
2006-02-17	2	2006	49.1662330627
2006-02-18	2	2006	49.554233551
2006-02-19	2	2006	50.1555519104
2006-02-20	2	2006	50.6428871155
2006-02-21	2	2006	51.2832832336
2006-02-22	2	2006	51.6394996643
2006-02-23	2	2006	51.9080657959
2006-02-24	2	2006	51.8542518616
2006-02-25	2	2006	51.6309127808
2006-02-26	2	2006	51.0960273743
2006-02-27	2	2006	50.6296043396
2006-02-28	2	2006	49.9546585083
2006-03-01	3	2006	49.4018974304
2006-03-02	3	2006	49.1610984802
2006-03-03	3	2006	49.0801963806
2006-03-04	3	2006	49.2235145569
2006-03-05	3	2006	49.6650314331
2006-03-06	3	2006	50.2946510315
2006-03-07	3	2006	10.9624681473
2006-03-08	3	2006	26.3358192444
2006-03-09	3	2006	27.3959102631
2006-03-10	3	2006	51.9244918823
2006-03-11	3	2006	51.8036155701
2006-03-12	3	2006	15.7048444748
2006-03-13	3	2006	50.9645843506
2006-03-14	3	2006	50.4880485535
2006-03-15	3	2006	0
2006-03-16	3	2006	49.3163070679
2006-03-17	3	2006	49.118221283
2006-03-18	3	2006	49.1047554016
2006-03-19	3	2006	49.293346405
2006-03-20	3	2006	49.7840309143
2006-03-21	3	2006	50.4357299805
2006-03-22	3	2006	50.9202766418
2006-03-23	3	2006	51.5031089783
2006-03-24	3	2006	51.7870178223
2006-03-25	3	2006	38.8635864258
2006-03-26	3	2006	39.518787384
2006-03-27	3	2006	51.436706543
2006-03-28	3	2006	50.8285484314
2006-03-29	3	2006	50.3466072083
2006-03-30	3	2006	49.7049598694
2006-03-31	3	2006	49.2423248291
2006-04-01	4	2006	14.2778940201
2006-04-02	4	2006	49.1430168152
2006-04-03	4	2006	15.0454730988
2006-04-04	4	2006	5.7344236374
2006-04-05	4	2006	15.4118528366
2006-04-06	4	2006	4.8380799294
2006-04-07	4	2006	11.7320890427
2006-04-08	4	2006	18.8562850952
2006-04-09	4	2006	13.0608453751
2006-04-10	4	2006	13.6539516449
2006-04-11	4	2006	9.431470871
2006-04-12	4	2006	15.445939064
2006-04-13	4	2006	17.4953079224
2006-04-14	4	2006	16.5403995514
2006-04-15	4	2006	2.2422845364
2006-04-16	4	2006	4.6504516602
2006-04-17	4	2006	10.0734415054
2006-04-18	4	2006	11.2475814819
2006-04-19	4	2006	12.5895366669
2006-04-20	4	2006	4.8063182831
2006-04-21	4	2006	6.2570281029
2006-04-22	4	2006	8.4925537109
2006-04-23	4	2006	12.4145936966
2006-04-24	4	2006	8.5264387131
2006-04-25	4	2006	13.630903244
2006-04-26	4	2006	10.4852552414
2006-04-27	4	2006	4.1884937286
2006-04-28	4	2006	4.1488471031
2006-04-29	4	2006	9.0935630798
2006-04-30	4	2006	4.9702587128
2006-05-01	5	2006	11.7417707443
2006-05-02	5	2006	12.392580986
2006-05-03	5	2006	20.3879737854
2006-05-04	5	2006	14.5947151184
2006-05-05	5	2006	15.4970436096
2006-05-06	5	2006	12.9066038132
2006-05-07	5	2006	13.6783208847
2006-05-08	5	2006	9.5393457413
2006-05-09	5	2006	7.5909938812
2006-05-10	5	2006	3.2082498074
2006-05-11	5	2006	2.7337629795
2006-05-12	5	2006	0.063736774
2006-05-13	5	2006	6.4892883301
2006-05-14	5	2006	2.6434381008
2006-05-15	5	2006	9.0219402313
2006-05-16	5	2006	9.5256242752
2006-05-17	5	2006	9.0658464432
2006-05-18	5	2006	22.0728626251
2006-05-19	5	2006	28.4018058777
2006-05-20	5	2006	19.341085434
2006-05-21	5	2006	6.2856531143
2006-05-22	5	2006	15.7896852493
2006-05-23	5	2006	17.3193740845
2006-05-24	5	2006	23.882900238
2006-05-25	5	2006	0.3656244278
2006-05-26	5	2006	8.3715438843
2006-05-27	5	2006	16.032119751
2006-05-28	5	2006	12.5310840607
2006-05-29	5	2006	8.5718832016
2006-05-30	5	2006	11.1582946777
2006-05-31	5	2006	6.7772016525
2006-06-01	6	2006	4.0953159332
2006-06-02	6	2006	3.5895185471
2006-06-03	6	2006	0
2006-06-04	6	2006	1.2107212543
2006-06-05	6	2006	0
2006-06-06	6	2006	4.0109205246
2006-06-07	6	2006	1.3669420481
2006-06-08	6	2006	1.8198182583
2006-06-09	6	2006	5.8890323639
2006-06-10	6	2006	15.482872963
2006-06-11	6	2006	10.2644033432
2006-06-12	6	2006	7.710398674
2006-06-13	6	2006	9.554848671
2006-06-14	6	2006	3.5365216732
2006-06-15	6	2006	10.0646219254
2006-06-16	6	2006	4.6929688454
2006-06-17	6	2006	0
2006-06-18	6	2006	8.3146076202
2006-06-19	6	2006	14.9054412842
2006-06-20	6	2006	12.3498687744
2006-06-21	6	2006	18.8771266937
2006-06-22	6	2006	18.0900650024
2006-06-23	6	2006	10.0244569778
2006-06-24	6	2006	2.9557693005
2006-06-25	6	2006	3.1578621864
2006-06-26	6	2006	10.2367935181
2006-06-27	6	2006	5.696103096
2006-06-28	6	2006	0
2006-06-29	6	2006	4.0663514137
2006-06-30	6	2006	7.6352877617
2006-07-01	7	2006	2.4543178082
2006-07-02	7	2006	1.9256176949
2006-07-03	7	2006	5.4733567238
2006-07-04	7	2006	8.9292449951
2006-07-05	7	2006	2.1678109169
2006-07-06	7	2006	4.3021683693
2006-07-07	7	2006	9.5344905853
2006-07-08	7	2006	11.7247419357
2006-07-09	7	2006	19.3449363708
2006-07-10	7	2006	10.3467845917
2006-07-11	7	2006	11.3373184204
2006-07-12	7	2006	8.1293458939
2006-07-13	7	2006	7.1925268173
2006-07-14	7	2006	11.1627054214
2006-07-15	7	2006	7.2133851051
2006-07-16	7	2006	6.4646272659
2006-07-17	7	2006	3.1284704208
2006-07-18	7	2006	3.1708650589
2006-07-19	7	2006	3.7097809315
2006-07-20	7	2006	2.9925293922
2006-07-21	7	2006	5.9661030769
2006-07-22	7	2006	4.9130654335
2006-07-23	7	2006	7.5348677635
2006-07-24	7	2006	6.2186770439
2006-07-25	7	2006	0
2006-07-26	7	2006	3.0997810364
2006-07-27	7	2006	3.0774021149
2006-07-28	7	2006	6.7750048637
2006-07-29	7	2006	8.072766304
2006-07-30	7	2006	13.688375473
2006-07-31	7	2006	15.1966352463
2006-08-01	8	2006	16.0555152893
2006-08-02	8	2006	13.4820613861
2006-08-03	8	2006	12.339468956
2006-08-04	8	2006	5.2428865433
2006-08-05	8	2006	3.2356498241
2006-08-06	8	2006	3.2276299
2006-08-07	8	2006	5.9008169174
2006-08-08	8	2006	10.3876333237
2006-08-09	8	2006	7.7970337868
2006-08-10	8	2006	10.7120018005
2006-08-11	8	2006	11.2088470459
2006-08-12	8	2006	11.7426700592
2006-08-13	8	2006	12.9964399338
2006-08-14	8	2006	12.4378852844
2006-08-15	8	2006	4.7383799553
2006-08-16	8	2006	10.3367338181
2006-08-17	8	2006	10.4725008011
2006-08-18	8	2006	6.7129721642
2006-08-19	8	2006	4.5994825363
2006-08-20	8	2006	14.3951406479
2006-08-21	8	2006	13.0125284195
2006-08-22	8	2006	7.5017671585
2006-08-23	8	2006	10.9204292297
2006-08-24	8	2006	13.8991355896
2006-08-25	8	2006	6.4344940186
2006-08-26	8	2006	15.0003480911
2006-08-27	8	2006	14.9526233673
2006-08-28	8	2006	17.1574649811
2006-08-29	8	2006	20.3749675751
2006-08-30	8	2006	18.2359046936
2006-08-31	8	2006	20.8203544617
2006-09-01	9	2006	20.2583808899
2006-09-02	9	2006	17.2553405762
2006-09-03	9	2006	19.6873817444
2006-09-04	9	2006	14.3853654861
2006-09-05	9	2006	13.6485843658
2006-09-06	9	2006	12.8598747253
2006-09-07	9	2006	9.2699995041
2006-09-08	9	2006	15.2283258438
2006-09-09	9	2006	11.8243570328
2006-09-10	9	2006	11.1796379089
2006-09-11	9	2006	9.0186700821
2006-09-12	9	2006	10.097117424
2006-09-13	9	2006	13.7713346481
2006-09-14	9	2006	10.2947072983
2006-09-15	9	2006	8.3411998749
2006-09-16	9	2006	7.9731206894
2006-09-17	9	2006	10.0524015427
2006-09-18	9	2006	11.2087039948
2006-09-19	9	2006	22.1592102051
2006-09-20	9	2006	21.2035579681
2006-09-21	9	2006	24.3738079071
2006-09-22	9	2006	22.3494777679
2006-09-23	9	2006	18.1302719116
2006-09-24	9	2006	13.682972908
2006-09-25	9	2006	5.64412117
2006-09-26	9	2006	12.9765815735
2006-09-27	9	2006	13.0541801453
2006-09-28	9	2006	24.6426315308
2006-09-29	9	2006	16.8155059814
2006-09-30	9	2006	16.9769859314
2006-10-01	10	2006	22.8753356934
2006-10-02	10	2006	37.1668968201
2006-10-03	10	2006	18.0951881409
2006-10-04	10	2006	15.769780159
2006-10-05	10	2006	19.5158824921
2006-10-06	10	2006	50.8503646851
2006-10-07	10	2006	50.1660957336
2006-10-08	10	2006	26.3387317657
2006-10-09	10	2006	18.6819114685
2006-10-10	10	2006	0
2006-10-11	10	2006	49.1375617981
2006-10-12	10	2006	17.2457504272
2006-10-13	10	2006	9.6821756363
2006-10-14	10	2006	14.0235109329
2006-10-15	10	2006	16.2772006989
2006-10-16	10	2006	20.3846759796
2006-10-17	10	2006	15.0923643112
2006-10-18	10	2006	15.8205499649
2006-10-19	10	2006	17.2364406586
2006-10-20	10	2006	0
2006-10-21	10	2006	12.7579956055
2006-10-22	10	2006	50.0300445557
2006-10-23	10	2006	10.7089319229
2006-10-24	10	2006	14.3074903488
2006-10-25	10	2006	12.3463497162
2006-10-26	10	2006	33.6503067017
2006-10-27	10	2006	16.5419807434
2006-10-28	10	2006	16.6842422485
2006-10-29	10	2006	12.1309976578
2006-10-30	10	2006	10.4764404297
2006-10-31	10	2006	18.0061435699
2006-11-01	11	2006	25.7059383392
2006-11-02	11	2006	19.6836013794
2006-11-03	11	2006	17.2079105377
2006-11-04	11	2006	0
2006-11-05	11	2006	12.1002988815
2006-11-06	11	2006	0
2006-11-07	11	2006	49.5022659302
2006-11-08	11	2006	49.1399917603
2006-11-09	11	2006	49.0717315674
2006-11-10	11	2006	49.2496871948
2006-11-11	11	2006	49.7102661133
2006-11-12	11	2006	50.1582183838
2006-11-13	11	2006	50.8379135132
2006-11-14	11	2006	51.2847900391
2006-11-15	11	2006	31.0047607422
2006-11-16	11	2006	51.9244651794
2006-11-17	11	2006	51.8579444885
2006-11-18	11	2006	51.4962425232
2006-11-19	11	2006	51.0989341736
2006-11-20	11	2006	50.4288253784
2006-11-21	11	2006	49.7729873657
2006-11-22	11	2006	49.4058570862
2006-11-23	11	2006	49.1026496887
2006-11-24	11	2006	49.0822715759
2006-11-25	11	2006	49.3244857788
2006-11-26	11	2006	49.8322982788
2006-11-27	11	2006	50.2972984314
2006-11-28	11	2006	50.9736785889
2006-11-29	11	2006	51.3991737366
2006-11-30	11	2006	51.8101882935
2006-12-01	12	2006	51.9211006165
2006-12-02	12	2006	51.807384491
2006-12-03	12	2006	51.3901176453
2006-12-04	12	2006	50.9675216675
2006-12-05	12	2006	50.2878379822
2006-12-06	12	2006	49.654510498
2006-12-07	12	2006	49.3202056885
2006-12-08	12	2006	49.0790290833
2006-12-09	12	2006	49.1067581177
2006-12-10	12	2006	13.7053909302
2006-12-11	12	2006	49.9608573914
2006-12-12	12	2006	50.438369751
2006-12-13	12	2006	34.962184906
2006-12-14	12	2006	51.5047149658
2006-12-15	12	2006	44.6794319153
2006-12-16	12	2006	16.5545749664
2006-12-17	12	2006	14.3525457382
2006-12-18	12	2006	15.6244897842
2006-12-19	12	2006	9.8646059036
2006-12-20	12	2006	4.4466304779
2006-12-21	12	2006	3.8314449787
2006-12-22	12	2006	0
2006-12-23	12	2006	4.0659637451
2006-12-24	12	2006	5.301170826
2006-12-25	12	2006	8.1350603104
2006-12-26	12	2006	10.2577486038
2006-12-27	12	2006	14.7115974426
2006-12-28	12	2006	12.8884143829
2006-12-29	12	2006	51.6003761292
2006-12-30	12	2006	51.8962936401
2006-12-31	12	2006	51.8725090027
2007-01-01	1	2007	51.6683044434
2007-01-02	1	2007	51.1526756287
2007-01-03	1	2007	50.692237854
2007-01-04	1	2007	50.0134544373
2007-01-05	1	2007	49.4434738159
2007-01-06	1	2007	49.184425354
2007-01-07	1	2007	49.0737419128
2007-01-08	1	2007	49.1964492798
2007-01-09	1	2007	49.6146736145
2007-01-10	1	2007	50.232460022
2007-01-11	1	2007	50.7209320068
2007-01-12	1	2007	51.3477935791
2007-01-13	1	2007	51.685218811
2007-01-14	1	2007	51.9189109802
2007-01-15	1	2007	44.6517105103
2007-01-16	1	2007	51.5811538696
2007-01-17	1	2007	51.02368927
2007-01-18	1	2007	50.5510749817
2007-01-19	1	2007	49.8827590942
2007-01-20	1	2007	49.3529891968
2007-01-21	1	2007	49.135635376
2007-01-22	1	2007	49.092124939
2007-01-23	1	2007	49.2607803345
2007-01-24	1	2007	49.7301635742
2007-01-25	1	2007	50.3728256226
2007-01-26	1	2007	11.5640449524
2007-01-27	1	2007	13.5992336273
2007-01-28	1	2007	12.3845348358
2007-01-29	1	2007	13.0639390945
2007-01-30	1	2007	10.0467176437
2007-01-31	1	2007	10.5421056747
2007-02-01	2	2007	10.4205083847
2007-02-02	2	2007	9.7826919556
2007-02-03	2	2007	12.5181503296
2007-02-04	2	2007	10.6366729736
2007-02-05	2	2007	12.9762964249
2007-02-06	2	2007	49.124332428
2007-02-07	2	2007	49.3372917175
2007-02-08	2	2007	49.8532142639
2007-02-09	2	2007	0
2007-02-10	2	2007	50.9948120117
2007-02-11	2	2007	51.5574760437
2007-02-12	2	2007	51.8192138672
2007-02-13	2	2007	51.9221725464
2007-02-14	2	2007	51.6995429993
2007-02-15	2	2007	51.3759078979
2007-02-16	2	2007	50.7515296936
2007-02-17	2	2007	50.2686347961
2007-02-18	2	2007	49.6407699585
2007-02-19	2	2007	49.20652771
2007-02-20	2	2007	49.0786399841
2007-02-21	2	2007	49.1700439453
2007-02-22	2	2007	49.4252433777
2007-02-23	2	2007	49.9826164246
2007-02-24	2	2007	50.6558113098
2007-02-25	2	2007	51.1251106262
2007-02-26	2	2007	51.6471748352
2007-02-27	2	2007	51.8670501709
2007-02-28	2	2007	51.9027824402
2007-03-01	3	2007	51.6173400879
2007-03-02	3	2007	51.2598342896
2007-03-03	3	2007	50.6110267639
2007-03-04	3	2007	50.1301383972
2007-03-05	3	2007	49.5318603516
2007-03-06	3	2007	49.1519889832
2007-03-07	3	2007	49.0709991455
2007-03-08	3	2007	49.2288131714
2007-03-09	3	2007	49.5237579346
2007-03-10	3	2007	50.1170921326
2007-03-11	3	2007	50.7956466675
2007-03-12	3	2007	51.2492599487
2007-03-13	3	2007	17.2522792816
2007-03-14	3	2007	19.6859874725
2007-03-15	3	2007	15.0866708755
2007-03-16	3	2007	51.5241127014
2007-03-17	3	2007	51.1362838745
2007-03-18	3	2007	50.4694099426
2007-03-19	3	2007	49.9952735901
2007-03-20	3	2007	49.4324569702
2007-03-21	3	2007	49.1106719971
2007-03-22	3	2007	49.0774078369
2007-03-23	3	2007	49.3000640869
2007-03-24	3	2007	49.6318778992
2007-03-25	3	2007	50.2553291321
2007-03-26	3	2007	50.9325370789
2007-03-27	3	2007	11.0883340836
2007-03-28	3	2007	4.9080600739
2007-03-29	3	2007	19.6938056946
2007-03-30	3	2007	51.8229141235
2007-03-31	3	2007	51.4207763672
2007-04-01	4	2007	51.0064735413
2007-04-02	4	2007	50.3280715942
2007-04-03	4	2007	49.8653755188
2007-04-04	4	2007	22.7512321472
2007-04-05	4	2007	8.5328330994
2007-04-06	4	2007	1.4294999838
2007-04-07	4	2007	6.8147053719
2007-04-08	4	2007	0
2007-04-09	4	2007	12.6786165237
2007-04-10	4	2007	4.5278697014
2007-04-11	4	2007	0
2007-04-12	4	2007	2.99700737
2007-04-13	4	2007	5.6014475822
2007-04-14	4	2007	2.3600304127
2007-04-15	4	2007	0.3651725948
2007-04-16	4	2007	4.5107159615
2007-04-17	4	2007	12.6264009476
2007-04-18	4	2007	7.282269001
2007-04-19	4	2007	0
2007-04-20	4	2007	0
2007-04-21	4	2007	3.2954668999
2007-04-22	4	2007	8.6013460159
2007-04-23	4	2007	11.3396139145
2007-04-24	4	2007	20.7856407166
2007-04-25	4	2007	20.228969574
2007-04-26	4	2007	10.5604543686
2007-04-27	4	2007	14.3919010162
2007-04-28	4	2007	9.5409870148
2007-04-29	4	2007	7.5676612854
2007-04-30	4	2007	2.9589958191
2007-05-01	5	2007	14.7561502457
2007-05-02	5	2007	12.5920286179
2007-05-03	5	2007	15.1217956543
2007-05-04	5	2007	6.3936133385
2007-05-05	5	2007	1.5733501911
2007-05-06	5	2007	17.8878631592
2007-05-07	5	2007	20.3922462463
2007-05-08	5	2007	23.9038829803
2007-05-09	5	2007	19.2222671509
2007-05-10	5	2007	27.1803455353
2007-05-11	5	2007	21.2477245331
2007-05-12	5	2007	27.4982948303
2007-05-13	5	2007	22.1960926056
2007-05-14	5	2007	51.6072502136
2007-05-15	5	2007	26.163192749
2007-05-16	5	2007	10.9213457108
2007-05-17	5	2007	49.9195404053
2007-05-18	5	2007	19.5673866272
2007-05-19	5	2007	49.1479110718
2007-05-20	5	2007	21.8067035675
2007-05-21	5	2007	4.6662502289
2007-05-22	5	2007	7.2753052711
2007-05-23	5	2007	6.9188656807
2007-05-24	5	2007	5.1408572197
2007-05-25	5	2007	6.2867693901
2007-05-26	5	2007	11.7637119293
2007-05-27	5	2007	6.747695446
2007-05-28	5	2007	30.1760692596
2007-05-29	5	2007	9.9967622757
2007-05-30	5	2007	8.3684043884
2007-05-31	5	2007	15.3732786179
2007-06-01	6	2007	0
2007-06-02	6	2007	10.1195898056
2007-06-03	6	2007	12.9784851074
2007-06-04	6	2007	9.530880928
2007-06-05	6	2007	8.5728597641
2007-06-06	6	2007	7.2930121422
2007-06-07	6	2007	8.2613687515
2007-06-08	6	2007	6.2293434143
2007-06-09	6	2007	1.0915408134
2007-06-10	6	2007	2.1722412109
2007-06-11	6	2007	2.7789781094
2007-06-12	6	2007	3.7346229553
2007-06-13	6	2007	8.4472503662
2007-06-14	6	2007	4.8132038116
2007-06-15	6	2007	5.0893940926
2007-06-16	6	2007	0
2007-06-17	6	2007	3.0744655132
2007-06-18	6	2007	4.9652900696
2007-06-19	6	2007	11.7612743378
2007-06-20	6	2007	14.3677577972
2007-06-21	6	2007	17.4033412933
2007-06-22	6	2007	6.9574394226
2007-06-23	6	2007	6.2454648018
2007-06-24	6	2007	11.1432247162
2007-06-25	6	2007	10.6180057526
2007-06-26	6	2007	23.0618286133
2007-06-27	6	2007	14.3554925919
2007-06-28	6	2007	12.2734460831
2007-06-29	6	2007	17.6501502991
2007-06-30	6	2007	12.6218509674
2007-07-01	7	2007	18.0268936157
2007-07-02	7	2007	17.9159393311
2007-07-03	7	2007	17.8483810425
2007-07-04	7	2007	20.2390384674
2007-07-05	7	2007	18.001991272
2007-07-06	7	2007	27.3948459625
2007-07-07	7	2007	14.7055034637
2007-07-08	7	2007	7.9468240738
2007-07-09	7	2007	8.9881601334
2007-07-10	7	2007	15.8125648499
2007-07-11	7	2007	7.595263958
2007-07-12	7	2007	8.019452095
2007-07-13	7	2007	7.9406161308
2007-07-14	7	2007	16.8467082977
2007-07-15	7	2007	6.5019497871
2007-07-16	7	2007	4.098294735
2007-07-17	7	2007	8.0833501816
2007-07-18	7	2007	9.5234069824
2007-07-19	7	2007	6.0241470337
2007-07-20	7	2007	0.5250407457
2007-07-21	7	2007	6.1386852264
2007-07-22	7	2007	6.9964604378
2007-07-23	7	2007	11.6713876724
2007-07-24	7	2007	15.0583114624
2007-07-25	7	2007	15.8200912476
2007-07-26	7	2007	23.0298862457
2007-07-27	7	2007	19.5698471069
2007-07-28	7	2007	14.8467073441
2007-07-29	7	2007	7.3739624023
2007-07-30	7	2007	5.7335839272
2007-07-31	7	2007	0
2007-08-01	8	2007	0
2007-08-02	8	2007	7.1868014336
2007-08-03	8	2007	6.8109507561
2007-08-04	8	2007	12.5068082809
2007-08-05	8	2007	11.4488964081
2007-08-06	8	2007	8.8381624222
2007-08-07	8	2007	7.9825072289
2007-08-08	8	2007	7.1523008347
2007-08-09	8	2007	4.0157756805
2007-08-10	8	2007	8.5085735321
2007-08-11	8	2007	6.2958841324
2007-08-12	8	2007	13.454870224
2007-08-13	8	2007	12.018280983
2007-08-14	8	2007	14.478061676
2007-08-15	8	2007	15.7198066711
2007-08-16	8	2007	17.8607234955
2007-08-17	8	2007	17.8660964966
2007-08-18	8	2007	17.9850215912
2007-08-19	8	2007	18.9022064209
2007-08-20	8	2007	16.8417396545
2007-08-21	8	2007	21.8005962372
2007-08-22	8	2007	22.0439987183
2007-08-23	8	2007	22.1849422455
2007-08-24	8	2007	18.0939464569
2007-08-25	8	2007	1.8191081285
2007-08-26	8	2007	4.5569343567
2007-08-27	8	2007	13.4185276031
2007-08-28	8	2007	16.7067813873
2007-08-29	8	2007	13.1238574982
2007-08-30	8	2007	11.7765321732
2007-08-31	8	2007	11.7439689636
2007-09-01	9	2007	49.163482666
2007-09-02	9	2007	11.8556156158
2007-09-03	9	2007	14.532286644
2007-09-04	9	2007	11.5132446289
2007-09-05	9	2007	3.9522323608
2007-09-06	9	2007	2.5534799099
2007-09-07	9	2007	5.9635801315
2007-09-08	9	2007	6.3458013535
2007-09-09	9	2007	15.7332000732
2007-09-10	9	2007	11.6591844559
2007-09-11	9	2007	16.1494007111
2007-09-12	9	2007	11.9533586502
2007-09-13	9	2007	6.8375115395
2007-09-14	9	2007	12.9923276901
2007-09-15	9	2007	12.9687108994
2007-09-16	9	2007	17.151599884
2007-09-17	9	2007	23.7392482758
2007-09-18	9	2007	33.4376983643
2007-09-19	9	2007	33.0347137451
2007-09-20	9	2007	39.9008369446
2007-09-21	9	2007	34.5178756714
2007-09-22	9	2007	13.0623989105
2007-09-23	9	2007	49.2750473022
2007-09-24	9	2007	27.3011417389
2007-09-25	9	2007	51.1555671692
2007-09-26	9	2007	50.4918365479
2007-09-27	9	2007	49.8280410767
2007-09-28	9	2007	49.4474639893
2007-09-29	9	2007	49.1175842285
2007-09-30	9	2007	49.0758552551
2007-10-01	10	2007	49.2897453308
2007-10-02	10	2007	49.777141571
2007-10-03	10	2007	50.2351112366
2007-10-04	10	2007	50.9137954712
2007-10-05	10	2007	5.5389533043
2007-10-06	10	2007	7.1460075378
2007-10-07	10	2007	51.924331665
2007-10-08	10	2007	51.8314933777
2007-10-09	10	2007	51.4384651184
2007-10-10	10	2007	51.0266151428
2007-10-11	10	2007	50.3503684998
2007-10-12	10	2007	49.7062530518
2007-10-13	10	2007	4.6773085594
2007-10-14	10	2007	49.0878219604
2007-10-15	10	2007	49.0941581726
2007-10-16	10	2007	49.3710517883
2007-10-17	10	2007	49.9029541016
2007-10-18	10	2007	50.3754692078
2007-10-19	10	2007	51.0471229553
2007-10-20	10	2007	51.4589347839
2007-10-21	10	2007	51.8394355774
2007-10-22	10	2007	51.9131774902
2007-10-23	10	2007	51.7737197876
2007-10-24	10	2007	51.3273353577
2007-10-25	10	2007	50.8924865723
2007-10-26	10	2007	50.2103614807
2007-10-27	10	2007	49.5922317505
2007-10-28	10	2007	49.2776069641
2007-10-29	10	2007	49.0719299316
2007-10-30	10	2007	49.126285553
2007-10-31	10	2007	49.4634552002
2007-11-01	11	2007	50.0345954895
2007-11-02	11	2007	50.5170478821
2007-11-03	11	2007	51.1750488281
2007-11-04	11	2007	51.5591125488
2007-11-05	11	2007	51.8817977905
2007-11-06	11	2007	51.8880844116
2007-11-07	11	2007	51.7034187317
2007-11-08	11	2007	51.2080459595
2007-11-09	11	2007	50.7544975281
2007-11-10	11	2007	50.0731964111
2007-11-11	11	2007	49.4871025085
2007-11-12	11	2007	49.2103157043
2007-11-13	11	2007	49.0700569153
2007-11-14	11	2007	49.1719245911
2007-11-15	11	2007	49.5660362244
2007-11-16	11	2007	50.1707801819
2007-11-17	11	2007	50.6584587097
2007-11-18	11	2007	51.2963142395
2007-11-19	11	2007	51.6488761902
2007-11-20	11	2007	51.9105644226
2007-11-21	11	2007	51.8493080139
2007-11-22	11	2007	51.6212806702
2007-11-23	11	2007	51.0817718506
2007-11-24	11	2007	50.6140022278
2007-11-25	11	2007	49.9402122498
2007-11-26	11	2007	49.3918952942
2007-11-27	11	2007	49.1557044983
2007-11-28	11	2007	49.0822257996
2007-11-29	11	2007	49.2306213379
2007-11-30	11	2007	49.6777954102
2007-12-01	12	2007	50.3101615906
2007-12-02	12	2007	50.7983055115
2007-12-03	12	2007	51.4097290039
2007-12-04	12	2007	51.7273406982
2007-12-05	12	2007	51.9254493713
2007-12-06	12	2007	51.7972221375
2007-12-07	12	2007	51.5281143188
2007-12-08	12	2007	50.9497566223
2007-12-09	12	2007	50.4723892212
2007-12-10	12	2007	49.8127288818
2007-12-11	12	2007	49.3075523376
2007-12-12	12	2007	49.1143112183
2007-12-13	12	2007	49.1083183289
2007-12-14	12	2007	49.3018035889
2007-12-15	12	2007	49.7976303101
2007-12-16	12	2007	50.4513778687
2007-12-17	12	2007	50.9352149963
2007-12-18	12	2007	51.514175415
2007-12-19	12	2007	51.7937355042
2007-12-20	12	2007	51.9263038635
2007-12-21	12	2007	51.7323455811
2007-12-22	12	2007	51.4248313904
2007-12-23	12	2007	50.8132972717
2007-12-24	12	2007	50.3310470581
2007-12-25	12	2007	49.6919898987
2007-12-26	12	2007	49.2348937988
2007-12-27	12	2007	49.0865402222
2007-12-28	12	2007	49.1480712891
2007-12-29	12	2007	49.384765625
2007-12-30	12	2007	49.9243583679
2007-12-31	12	2007	50.5930328369
2008-01-01	1	2008	51.0678405762
2008-01-02	1	2008	51.6086273193
2008-01-03	1	2008	51.8474121094
2008-01-04	1	2008	51.9131240845
2008-01-05	1	2008	51.6553115845
2008-01-06	1	2008	51.3124542236
2008-01-07	1	2008	50.6737365723
2008-01-08	1	2008	50.191368103
2008-01-09	1	2008	49.5791854858
2008-01-10	1	2008	49.1746406555
2008-01-11	1	2008	49.0726661682
2008-01-12	1	2008	49.2010955811
2008-01-13	1	2008	49.4786987305
2008-01-14	1	2008	50.0567398071
2008-01-15	1	2008	50.7337341309
2008-01-16	1	2008	51.1948814392
2008-01-17	1	2008	51.6921539307
2008-01-18	1	2008	51.8878326416
2008-01-19	1	2008	51.8860397339
2008-01-20	1	2008	51.5668792725
2008-01-21	1	2008	51.1920814514
2008-01-22	1	2008	50.5324440002
2008-01-23	1	2008	50.0547218323
2008-01-24	1	2008	49.4754295349
2008-01-25	1	2008	49.1273880005
2008-01-26	1	2008	49.0728225708
2008-01-27	1	2008	49.2668762207
2008-01-28	1	2008	49.5826721191
2008-01-29	1	2008	50.1934700012
2008-01-30	1	2008	50.8721046448
2008-01-31	1	2008	51.3150863647
2008-02-01	2	2008	51.7639350891
2008-02-02	2	2008	51.9146080017
2008-02-03	2	2008	51.8453102112
2008-02-04	2	2008	51.4679222107
2008-02-05	2	2008	51.0648994446
2008-02-06	2	2008	50.3908119202
2008-02-07	2	2008	49.922454834
2008-02-08	2	2008	49.3817367554
2008-02-09	2	2008	49.0935935974
2008-02-10	2	2008	49.0870132446
2008-02-11	2	2008	49.3447608948
2008-02-12	2	2008	49.6956672668
2008-02-13	2	2008	50.3332023621
2008-02-14	2	2008	51.0067749023
2008-02-15	2	2008	51.4272727966
2008-02-16	2	2008	51.8232688904
2008-02-17	2	2008	51.9274711609
2008-02-18	2	2008	51.791343689
2008-02-19	2	2008	51.3594055176
2008-02-20	2	2008	50.9321594238
2008-02-21	2	2008	50.2502288818
2008-02-22	2	2008	49.7958679199
2008-02-23	2	2008	49.299030304
2008-02-24	2	2008	49.073589325
2008-02-25	2	2008	49.1150970459
2008-02-26	2	2008	49.4339828491
2008-02-27	2	2008	49.816570282
2008-02-28	2	2008	5.4445948601
2008-02-29	2	2008	18.599603653
2008-03-01	3	2008	51.5303344727
2008-03-02	3	2008	46.5608100891
2008-03-03	3	2008	32.8988838196
2008-03-04	3	2008	51.7246704102
2008-03-05	3	2008	27.1433181763
2008-03-06	3	2008	26.9064178467
2008-03-07	3	2008	50.1120834351
2008-03-08	3	2008	49.6762046814
2008-03-09	3	2008	49.2281265259
2008-03-10	3	2008	49.0675811768
2008-03-11	3	2008	49.1567955017
2008-03-12	3	2008	49.5336647034
2008-03-13	3	2008	49.9441947937
2008-03-14	3	2008	16.143913269
2008-03-15	3	2008	13.5470190048
2008-03-16	3	2008	14.3190670013
2008-03-17	3	2008	27.4929084778
2008-03-18	3	2008	51.9110946655
2008-03-19	3	2008	51.6459388733
2008-03-20	3	2008	51.1180610657
2008-03-21	3	2008	50.6552696228
2008-03-22	3	2008	49.9777297974
2008-03-23	3	2008	49.5646400452
2008-03-24	3	2008	49.1697158813
2008-03-25	3	2008	49.0756187439
2008-03-26	3	2008	49.2117004395
2008-03-27	3	2008	49.642829895
2008-03-28	3	2008	50.0772857666
2008-03-29	3	2008	50.7566223145
2008-03-30	3	2008	51.375629425
2008-03-31	3	2008	22.1128158569
2008-04-01	4	2008	32.8957633972
2008-04-02	4	2008	30.1861476898
2008-04-03	4	2008	16.4436473846
2008-04-04	4	2008	3.6749083996
2008-04-05	4	2008	9.8029584885
2008-04-06	4	2008	49.8484916687
2008-04-07	4	2008	49.4622764587
2008-04-08	4	2008	49.124382019
2008-04-09	4	2008	49.0976257324
2008-04-10	4	2008	49.2792701721
2008-04-11	4	2008	49.7604026794
2008-04-12	4	2008	50.2145309448
2008-04-13	4	2008	17.735004425
2008-04-14	4	2008	11.1135444641
2008-04-15	4	2008	7.1448040009
2008-04-16	4	2008	7.6021051407
2008-04-17	4	2008	21.3210391998
2008-04-18	4	2008	51.4555282593
2008-04-19	4	2008	50.8523139954
2008-04-20	4	2008	50.3722763062
2008-04-21	4	2008	49.7256393433
2008-04-22	4	2008	9.5810012817
2008-04-23	4	2008	49.0925598145
2008-04-24	4	2008	49.1333885193
2008-04-25	4	2008	49.3588409424
2008-04-26	4	2008	21.3344898224
2008-04-27	4	2008	9.2530975342
2008-04-28	4	2008	20.987569809
2008-04-29	4	2008	15.717461586
2008-04-30	4	2008	20.4820728302
2008-05-01	5	2008	17.3162307739
2008-05-02	5	2008	12.3905420303
2008-05-03	5	2008	15.6459722519
2008-05-04	5	2008	20.0398426056
2008-05-05	5	2008	5.41842556
2008-05-06	5	2008	4.1107931137
2008-05-07	5	2008	4.3703885078
2008-05-08	5	2008	5.9994921684
2008-05-09	5	2008	5.3052277565
2008-05-10	5	2008	3.8241231441
2008-05-11	5	2008	0
2008-05-12	5	2008	2.9190015793
2008-05-13	5	2008	8.4061040878
2008-05-14	5	2008	8.9820804596
2008-05-15	5	2008	10.0675039291
2008-05-16	5	2008	7.5974106789
2008-05-17	5	2008	6.7203702927
2008-05-18	5	2008	5.8858003616
2008-05-19	5	2008	9.8143606186
2008-05-20	5	2008	6.5097513199
2008-05-21	5	2008	15.7891397476
2008-05-22	5	2008	18.6688995361
2008-05-23	5	2008	3.5367405415
2008-05-24	5	2008	12.388967514
2008-05-25	5	2008	23.6877841949
2008-05-26	5	2008	23.9750518799
2008-05-27	5	2008	50.6375961304
2008-05-28	5	2008	9.4230995178
2008-05-29	5	2008	5.2343435287
2008-05-30	5	2008	4.0142264366
2008-05-31	5	2008	2.3643314838
2008-06-01	6	2008	3.7215433121
2008-06-02	6	2008	4.5311632156
2008-06-03	6	2008	7.383169651
2008-06-04	6	2008	9.6955909729
2008-06-05	6	2008	0
2008-06-06	6	2008	9.5408802032
2008-06-07	6	2008	9.0190010071
2008-06-08	6	2008	1.5813535452
2008-06-09	6	2008	2.6578691006
2008-06-10	6	2008	5.0874743462
2008-06-11	6	2008	4.2075242996
2008-06-12	6	2008	9.4441709518
2008-06-13	6	2008	10.0536327362
2008-06-14	6	2008	7.1654572487
2008-06-15	6	2008	9.5200719833
2008-06-16	6	2008	5.2141709328
2008-06-17	6	2008	6.2313404083
2008-06-18	6	2008	19.8724384308
2008-06-19	6	2008	22.9765377045
2008-06-20	6	2008	17.1867008209
2008-06-21	6	2008	4.3553948402
2008-06-22	6	2008	21.8160228729
2008-06-23	6	2008	21.9494533539
2008-06-24	6	2008	2.0874342918
2008-06-25	6	2008	18.3432712555
2008-06-26	6	2008	20.9409446716
2008-06-27	6	2008	20.3507232666
2008-06-28	6	2008	15.8013849258
2008-06-29	6	2008	13.7235641479
2008-06-30	6	2008	13.0178699493
2008-07-01	7	2008	12.9415912628
2008-07-02	7	2008	13.4348011017
2008-07-03	7	2008	4.1555800438
2008-07-04	7	2008	7.7137064934
2008-07-05	7	2008	15.0063323975
2008-07-06	7	2008	9.0207424164
2008-07-07	7	2008	10.6083173752
2008-07-08	7	2008	10.1363239288
2008-07-09	7	2008	8.2004241943
2008-07-10	7	2008	14.7096529007
2008-07-11	7	2008	8.8745393753
2008-07-12	7	2008	8.0063476563
2008-07-13	7	2008	6.743437767
2008-07-14	7	2008	6.7465777397
2008-07-15	7	2008	7.1301803589
2008-07-16	7	2008	7.9650559425
2008-07-17	7	2008	8.3302879333
2008-07-18	7	2008	8.2184343338
2008-07-19	7	2008	10.1556959152
2008-07-20	7	2008	8.0819139481
2008-07-21	7	2008	10.5935878754
2008-07-22	7	2008	9.0397291183
2008-07-23	7	2008	0
2008-07-24	7	2008	5.3974256516
2008-07-25	7	2008	10.9476423264
2008-07-26	7	2008	7.06219244
2008-07-27	7	2008	0
2008-07-28	7	2008	3.7417972088
2008-07-29	7	2008	4.2998275757
2008-07-30	7	2008	19.5649833679
2008-07-31	7	2008	18.6266994476
2008-08-01	8	2008	16.1243591309
2008-08-02	8	2008	15.2006797791
2008-08-03	8	2008	13.7276601791
2008-08-04	8	2008	14.9723882675
2008-08-05	8	2008	12.9688835144
2008-08-06	8	2008	13.6628217697
2008-08-07	8	2008	12.5094118118
2008-08-08	8	2008	13.2599191666
2008-08-09	8	2008	11.5625581741
2008-08-10	8	2008	25.4009361267
2008-08-11	8	2008	20.4514217377
2008-08-12	8	2008	18.0940093994
2008-08-13	8	2008	19.6676158905
2008-08-14	8	2008	19.5280246735
2008-08-15	8	2008	9.3872585297
2008-08-16	8	2008	16.0791721344
2008-08-17	8	2008	17.3394927979
2008-08-18	8	2008	16.4752349854
2008-08-19	8	2008	22.6386451721
2008-08-20	8	2008	14.9568758011
2008-08-21	8	2008	15.0328035355
2008-08-22	8	2008	5.0425128937
2008-08-23	8	2008	10.8609743118
2008-08-24	8	2008	16.262638092
2008-08-25	8	2008	15.6659526825
2008-08-26	8	2008	16.5267009735
2008-08-27	8	2008	16.5597248077
2008-08-28	8	2008	14.3683671951
2008-08-29	8	2008	5.9030642509
2008-08-30	8	2008	2.5197110176
2008-08-31	8	2008	5.085624218
2008-09-01	9	2008	13.1194458008
2008-09-02	9	2008	14.3426141739
2008-09-03	9	2008	17.8506393433
2008-09-04	9	2008	22.6436920166
2008-09-05	9	2008	7.6688117981
2008-09-06	9	2008	6.4943037033
2008-09-07	9	2008	16.8281707764
2008-09-08	9	2008	5.1712608337
2008-09-09	9	2008	8.9557647705
2008-09-10	9	2008	15.8040895462
2008-09-11	9	2008	21.3463745117
2008-09-12	9	2008	13.0157928467
2008-09-13	9	2008	5.5295376778
2008-09-14	9	2008	3.9298093319
2008-09-15	9	2008	5.0716032982
2008-09-16	9	2008	1.9052447081
2008-09-17	9	2008	3.3026258945
2008-09-18	9	2008	0
2008-09-19	9	2008	3.2966742516
2008-09-20	9	2008	0
2008-09-21	9	2008	4.4431557655
2008-09-22	9	2008	7.407289505
2008-09-23	9	2008	27.1437835693
2008-09-24	9	2008	22.0722541809
2008-09-25	9	2008	31.9915065765
2008-09-26	9	2008	19.6733875275
2008-09-27	9	2008	27.364112854
2008-09-28	9	2008	51.1387214661
2008-09-29	9	2008	50.6767120361
2008-09-30	9	2008	49.9987564087
2008-10-01	10	2008	49.4329528809
2008-10-02	10	2008	49.1783905029
2008-10-03	10	2008	49.0750846863
2008-10-04	10	2008	49.2029380798
2008-10-05	10	2008	49.6270256042
2008-10-06	10	2008	50.2478637695
2008-10-07	10	2008	50.7363853455
2008-10-08	10	2008	51.3603286743
2008-10-09	10	2008	10.0319643021
2008-10-10	10	2008	42.672164917
2008-10-11	10	2008	51.8220024109
2008-10-12	10	2008	10.0080871582
2008-10-13	10	2008	10.4449911118
2008-10-14	10	2008	13.3555850983
2008-10-15	10	2008	12.54596138
2008-10-16	10	2008	49.3436698914
2008-10-17	10	2008	49.131061554
2008-10-18	10	2008	49.0950088501
2008-10-19	10	2008	49.2686462402
2008-10-20	10	2008	49.7434082031
2008-10-21	10	2008	50.3884315491
2008-10-22	10	2008	50.8747711182
2008-10-23	10	2008	51.4688949585
2008-10-24	10	2008	45.2420959473
2008-10-25	10	2008	51.9276618958
2008-10-26	10	2008	51.7627410889
2008-10-27	10	2008	51.4719543457
2008-10-28	10	2008	50.8744544983
2008-10-29	10	2008	50.3937911987
2008-10-30	10	2008	49.7447776794
2008-10-31	10	2008	49.2657165527
2008-11-01	11	2008	49.0971870422
2008-11-02	11	2008	49.1287231445
2008-11-03	11	2008	49.3464622498
2008-11-04	11	2008	49.8672218323
2008-11-05	11	2008	50.5300636292
2008-11-06	11	2008	51.0094680786
2008-11-07	11	2008	51.5679130554
2008-11-08	11	2008	51.8251457214
2008-11-09	11	2008	51.920715332
2008-11-10	11	2008	51.691028595
2008-11-11	11	2008	51.3634910583
2008-11-12	11	2008	50.7361030579
2008-11-13	11	2008	50.253200531
2008-11-14	11	2008	49.6283035278
2008-11-15	11	2008	49.1998672485
2008-11-16	11	2008	49.0771102905
2008-11-17	11	2008	49.1759033203
2008-11-18	11	2008	49.4356231689
2008-11-19	11	2008	49.9972457886
2008-11-20	11	2008	50.6713638306
2008-11-21	11	2008	51.1391525269
2008-11-22	11	2008	51.6564064026
2008-11-23	11	2008	51.8715171814
2008-11-24	11	2008	51.8997879028
2008-11-25	11	2008	51.6075668335
2008-11-26	11	2008	51.2465324402
2008-11-27	11	2008	50.5954093933
2008-11-28	11	2008	50.1150360107
2008-11-29	11	2008	49.5203933716
2008-11-30	11	2008	49.1467666626
2008-12-01	12	2008	49.071018219
2008-12-02	12	2008	49.2360839844
2008-12-03	12	2008	49.5352516174
2008-12-04	12	2008	50.1322059631
2008-12-05	12	2008	50.8109397888
2008-12-06	12	2008	51.2625465393
2008-12-07	12	2008	51.7335090637
2008-12-08	12	2008	51.9044036865
2008-12-09	12	2008	51.8650856018
2008-12-10	12	2008	51.5131759644
2008-12-11	12	2008	51.1222267151
2008-12-12	12	2008	50.4537582397
2008-12-13	12	2008	49.9806556702
2008-12-14	12	2008	49.4221038818
2008-12-15	12	2008	49.1069374084
2008-12-16	12	2008	49.0789756775
2008-12-17	12	2008	49.3086700439
2008-12-18	12	2008	49.6443634033
2008-12-19	12	2008	50.2707710266
2008-12-20	12	2008	50.9474182129
2008-12-21	12	2008	51.3784370422
2008-12-22	12	2008	51.7984580994
2008-12-23	12	2008	51.9234771729
2008-12-24	12	2008	51.8169517517
2008-12-25	12	2008	51.408782959
2008-12-26	12	2008	50.9918022156
2008-12-27	12	2008	50.312538147
2008-12-28	12	2008	49.8513870239
2008-12-29	12	2008	49.3344039917
2008-12-30	12	2008	49.0807685852
2008-12-31	12	2008	49.1009063721
2009-01-01	1	2009	49.3929519653
2009-01-02	1	2009	49.7618942261
2009-01-03	1	2009	50.4115791321
2009-01-04	1	2009	51.0794639587
2009-01-05	1	2009	51.4856910706
2009-01-06	1	2009	51.8506164551
2009-01-07	1	2009	51.9285545349
2009-01-08	1	2009	51.7558555603
2009-01-09	1	2009	51.2954177856
2009-01-10	1	2009	50.8565368652
2009-01-11	1	2009	50.1731376648
2009-01-12	1	2009	49.7284927368
2009-01-13	1	2009	49.2581558228
2009-01-14	1	2009	49.0685195923
2009-01-15	1	2009	49.136592865
2009-01-16	1	2009	49.4880981445
2009-01-17	1	2009	49.886680603
2009-01-18	1	2009	50.5532493591
2009-01-19	1	2009	32.4423828125
2009-01-20	1	2009	36.9750785828
2009-01-21	1	2009	23.9251041412
2009-01-22	1	2009	23.0666217804
2009-01-23	1	2009	8.0197124481
2009-01-24	1	2009	5.8796663284
2009-01-25	1	2009	50.7177658081
2009-01-26	1	2009	16.6890583038
2009-01-27	1	2009	7.2634520531
2009-01-28	1	2009	4.6618804932
2009-01-29	1	2009	7.6143875122
2009-01-30	1	2009	49.1856803894
2009-01-31	1	2009	27.1307754517
2009-02-01	2	2009	14.5479764938
2009-02-02	2	2009	19.2281551361
2009-02-03	2	2009	13.564283371
2009-02-04	2	2009	14.3320713043
2009-02-05	2	2009	18.0904750824
2009-02-06	2	2009	20.5073623657
2009-02-07	2	2009	18.7672367096
2009-02-08	2	2009	11.0193119049
2009-02-09	2	2009	11.499745369
2009-02-10	2	2009	13.1890439987
2009-02-11	2	2009	11.2564020157
2009-02-12	2	2009	10.0628538132
2009-02-13	2	2009	10.5961713791
2009-02-14	2	2009	0
2009-02-15	2	2009	2.2662880421
2009-02-16	2	2009	5.4099149704
2009-02-17	2	2009	8.3529005051
2009-02-18	2	2009	4.262090683
2009-02-19	2	2009	0.9738417864
2009-02-20	2	2009	8.0574941635
2009-02-21	2	2009	0.2865687013
2009-02-22	2	2009	13.6108760834
2009-02-23	2	2009	14.8084392548
2009-02-24	2	2009	13.3290891647
2009-02-25	2	2009	9.6604309082
2009-02-26	2	2009	14.3712186813
2009-02-27	2	2009	22.641254425
2009-02-28	2	2009	14.9664773941
2009-03-01	3	2009	17.1870346069
2009-03-02	3	2009	13.821352005
2009-03-03	3	2009	17.5250530243
2009-03-04	3	2009	50.9695205688
2009-03-05	3	2009	25.5199718475
2009-03-06	3	2009	18.0535488129
2009-03-07	3	2009	20.5178031921
2009-03-08	3	2009	51.8099403381
2009-03-09	3	2009	51.395652771
2009-03-10	3	2009	50.7756004333
2009-03-11	3	2009	6.940425396
2009-03-12	3	2009	49.6606330872
2009-03-13	3	2009	49.3236923218
2009-03-14	3	2009	49.0808525085
2009-03-15	3	2009	49.1590614319
2009-03-16	3	2009	49.4079208374
2009-03-17	3	2009	6.4919400215
2009-03-18	3	2009	10.3270359039
2009-03-19	3	2009	7.4812431335
2009-03-20	3	2009	11.7391834259
2009-03-21	3	2009	9.5295343399
2009-03-22	3	2009	13.0585756302
2009-03-23	3	2009	10.5960922241
2009-03-24	3	2009	21.0914268494
2009-03-25	3	2009	18.417388916
2009-03-26	3	2009	19.0236091614
2009-03-27	3	2009	28.8293743134
2009-03-28	3	2009	49.2491645813
2009-03-29	3	2009	49.0706253052
2009-03-30	3	2009	49.2154655457
2009-03-31	3	2009	0
2009-04-01	4	2009	0
2009-04-02	4	2009	10.9175157547
2009-04-03	4	2009	5.8856406212
2009-04-04	4	2009	13.6661243439
2009-04-05	4	2009	8.5274457932
2009-04-06	4	2009	11.1983270645
2009-04-07	4	2009	14.3325395584
2009-04-08	4	2009	27.987285614
2009-04-09	4	2009	16.104927063
2009-04-10	4	2009	21.3919029236
2009-04-11	4	2009	8.5964393616
2009-04-12	4	2009	2.4323906898
2009-04-13	4	2009	11.1581420898
2009-04-14	4	2009	12.3989877701
2009-04-15	4	2009	5.351442337
2009-04-16	4	2009	12.0184659958
2009-04-17	4	2009	7.8697042465
2009-04-18	4	2009	6.6722064018
2009-04-19	4	2009	6.7286877632
2009-04-20	4	2009	4.3020892143
2009-04-21	4	2009	5.9551711082
2009-04-22	4	2009	5.2184247971
2009-04-23	4	2009	11.6027946472
2009-04-24	4	2009	16.0597991943
2009-04-25	4	2009	7.3037672043
2009-04-26	4	2009	7.2260832787
2009-04-27	4	2009	12.9861717224
2009-04-28	4	2009	10.052488327
2009-04-29	4	2009	7.6601748466
2009-04-30	4	2009	17.3278636932
2009-05-01	5	2009	8.7563657761
2009-05-02	5	2009	26.0575275421
2009-05-03	5	2009	12.9448814392
2009-05-04	5	2009	11.785823822
2009-05-05	5	2009	18.095205307
2009-05-06	5	2009	23.8718700409
2009-05-07	5	2009	51.487739563
2009-05-08	5	2009	50.8960876465
2009-05-09	5	2009	24.004070282
2009-05-10	5	2009	8.6511669159
2009-05-11	5	2009	15.7171821594
2009-05-12	5	2009	24.3134918213
2009-05-13	5	2009	16.3845443726
2009-05-14	5	2009	4.6868329048
2009-05-15	5	2009	3.5928390026
2009-05-16	5	2009	14.0103731155
2009-05-17	5	2009	29.66705513
2009-05-18	5	2009	29.1001338959
2009-05-19	5	2009	18.8692836761
2009-05-20	5	2009	13.0628852844
2009-05-21	5	2009	7.1350016594
2009-05-22	5	2009	8.4427909851
2009-05-23	5	2009	8.3405122757
2009-05-24	5	2009	5.0656666756
2009-05-25	5	2009	3.8393087387
2009-05-26	5	2009	8.0861997604
2009-05-27	5	2009	11.1592998505
2009-05-28	5	2009	13.6383476257
2009-05-29	5	2009	1.9062825441
2009-05-30	5	2009	7.7552523613
2009-05-31	5	2009	4.1970863342
2009-06-01	6	2009	6.6430892944
2009-06-02	6	2009	5.9337568283
2009-06-03	6	2009	1.9965746403
2009-06-04	6	2009	6.7449946404
2009-06-05	6	2009	0
2009-06-06	6	2009	8.9121484756
2009-06-07	6	2009	7.4105257988
2009-06-08	6	2009	13.1987361908
2009-06-09	6	2009	11.8529415131
2009-06-10	6	2009	6.7832946777
2009-06-11	6	2009	5.6380586624
2009-06-12	6	2009	6.3970985413
2009-06-13	6	2009	6.0724239349
2009-06-14	6	2009	9.2085943222
2009-06-15	6	2009	7.8815031052
2009-06-16	6	2009	4.5437979698
2009-06-17	6	2009	13.0126848221
2009-06-18	6	2009	18.0931987762
2009-06-19	6	2009	18.0755786896
2009-06-20	6	2009	14.9877758026
2009-06-21	6	2009	11.0398874283
2009-06-22	6	2009	1.3287472725
2009-06-23	6	2009	10.7533483505
2009-06-24	6	2009	4.6848917007
2009-06-25	6	2009	6.382314682
2009-06-26	6	2009	5.6387310028
2009-06-27	6	2009	0.9277825356
2009-06-28	6	2009	3.1030128002
2009-06-29	6	2009	9.7518558502
2009-06-30	6	2009	2.5185267925
2009-07-01	7	2009	3.4450335503
2009-07-02	7	2009	2.7718377113
2009-07-03	7	2009	4.3024859428
2009-07-04	7	2009	9.5234355927
2009-07-05	7	2009	11.6929607391
2009-07-06	7	2009	15.5442914963
2009-07-07	7	2009	18.3080348969
2009-07-08	7	2009	15.8495502472
2009-07-09	7	2009	9.576628685
2009-07-10	7	2009	7.6167263985
2009-07-11	7	2009	10.0534620285
2009-07-12	7	2009	20.3098316193
2009-07-13	7	2009	12.5581789017
2009-07-14	7	2009	14.6566343307
2009-07-15	7	2009	8.3903560638
2009-07-16	7	2009	11.1108798981
2009-07-17	7	2009	9.5269317627
2009-07-18	7	2009	19.6896438599
2009-07-19	7	2009	18.0388736725
2009-07-20	7	2009	15.6364707947
2009-07-21	7	2009	10.4180250168
2009-07-22	7	2009	21.4669895172
2009-07-23	7	2009	16.5367088318
2009-07-24	7	2009	11.7890167236
2009-07-25	7	2009	11.157365799
2009-07-26	7	2009	11.7557821274
2009-07-27	7	2009	13.0751504898
2009-07-28	7	2009	12.5914402008
2009-07-29	7	2009	16.1172904968
2009-07-30	7	2009	14.8886566162
2009-07-31	7	2009	10.5597543716
2009-08-01	8	2009	15.810500145
2009-08-02	8	2009	11.2002468109
2009-08-03	8	2009	11.7539625168
2009-08-04	8	2009	12.8794937134
2009-08-05	8	2009	9.8466672897
2009-08-06	8	2009	7.7676925659
2009-08-07	8	2009	5.0050706863
2009-08-08	8	2009	7.6350779533
2009-08-09	8	2009	6.7715983391
2009-08-10	8	2009	8.0808181763
2009-08-11	8	2009	7.6931595802
2009-08-12	8	2009	8.2464952469
2009-08-13	8	2009	8.3266773224
2009-08-14	8	2009	2.3393325806
2009-08-15	8	2009	12.360537529
2009-08-16	8	2009	10.6300582886
2009-08-17	8	2009	9.5268259048
2009-08-18	8	2009	7.5560102463
2009-08-19	8	2009	11.0238771439
2009-08-20	8	2009	14.7169332504
2009-08-21	8	2009	18.1592826843
2009-08-22	8	2009	8.584821701
2009-08-23	8	2009	11.7605199814
2009-08-24	8	2009	12.9721136093
2009-08-25	8	2009	14.3212194443
2009-08-26	8	2009	15.1416454315
2009-08-27	8	2009	12.0417222977
2009-08-28	8	2009	22.5752601624
2009-08-29	8	2009	25.4622879028
2009-08-30	8	2009	16.5008506775
2009-08-31	8	2009	22.2073707581
2009-09-01	9	2009	23.8795490265
2009-09-02	9	2009	24.6278381348
2009-09-03	9	2009	29.6350784302
2009-09-04	9	2009	25.853717804
2009-09-05	9	2009	25.5167140961
2009-09-06	9	2009	21.9023323059
2009-09-07	9	2009	23.4773540497
2009-09-08	9	2009	21.8192996979
2009-09-09	9	2009	21.9074268341
2009-09-10	9	2009	17.3575382233
2009-09-11	9	2009	22.4212875366
2009-09-12	9	2009	12.1911268234
2009-09-13	9	2009	9.9992113113
2009-09-14	9	2009	10.0526151657
2009-09-15	9	2009	11.8064002991
2009-09-16	9	2009	51.7244186401
2009-09-17	9	2009	51.4128456116
2009-09-18	9	2009	50.7980079651
2009-09-19	9	2009	3.3748505116
2009-09-20	9	2009	8.1631975174
2009-09-21	9	2009	49.2276153564
2009-09-22	9	2009	49.0843200684
2009-09-23	9	2009	49.1532859802
2009-09-24	9	2009	49.394618988
2009-09-25	9	2009	10.7802219391
2009-09-26	9	2009	7.4091887474
2009-09-27	9	2009	4.8408026695
2009-09-28	9	2009	6.310482502
2009-09-29	9	2009	8.5203304291
2009-09-30	9	2009	4.6028547287
2009-10-01	10	2009	10.0226869583
2009-10-02	10	2009	10.5044612885
2009-10-03	10	2009	18.4256572723
2009-10-04	10	2009	50.1760978699
2009-10-05	10	2009	7.2567281723
2009-10-06	10	2009	14.9826183319
2009-10-07	10	2009	49.0719909668
2009-10-08	10	2009	49.2077484131
2009-10-09	10	2009	49.4897079468
2009-10-10	10	2009	50.0716552734
2009-10-11	10	2009	50.7491607666
2009-10-12	10	2009	51.2085189819
2009-10-13	10	2009	51.7006759644
2009-10-14	10	2009	0
2009-10-15	10	2009	51.8822021484
2009-10-16	10	2009	51.5564498901
2009-10-17	10	2009	51.1783447266
2009-10-18	10	2009	50.5167884827
2009-10-19	10	2009	50.0398712158
2009-10-20	10	2009	49.4645652771
2009-10-21	10	2009	49.1229858398
2009-10-22	10	2009	49.0737037659
2009-10-23	10	2009	49.2748985291
2009-10-24	10	2009	49.5947303772
2009-10-25	10	2009	50.208782196
2009-10-26	10	2009	50.8871879578
2009-10-27	10	2009	31.6391792297
2009-10-28	10	2009	43.2538871765
2009-10-29	10	2009	31.1061172485
2009-10-30	10	2009	51.8399925232
2009-10-31	10	2009	51.4563827515
2009-11-01	11	2009	51.0504875183
2009-11-02	11	2009	50.375202179
2009-11-03	11	2009	49.9081687927
2009-11-04	11	2009	49.3720436096
2009-11-05	11	2009	49.0906982422
2009-11-06	11	2009	49.0894393921
2009-11-07	11	2009	49.3540725708
2009-11-08	11	2009	49.708656311
2009-11-09	11	2009	50.3487625122
2009-11-10	11	2009	51.0213661194
2009-11-11	11	2009	51.439125061
2009-11-12	11	2009	51.8290328979
2009-11-13	11	2009	51.9280319214
2009-11-14	11	2009	51.7845916748
2009-11-15	11	2009	51.3468780518
2009-11-16	11	2009	50.9172134399
2009-11-17	11	2009	50.2348251343
2009-11-18	11	2009	49.782283783
2009-11-19	11	2009	49.2906036377
2009-11-20	11	2009	49.0722351074
2009-11-21	11	2009	15.6664066315
2009-11-22	11	2009	49.4444961548
2009-11-23	11	2009	49.8303604126
2009-11-24	11	2009	35.3727378845
2009-11-25	11	2009	51.1503868103
2009-11-26	11	2009	51.5411186218
2009-11-27	11	2009	46.5646629333
2009-11-28	11	2009	30.2113323212
2009-11-29	11	2009	51.7165489197
2009-11-30	11	2009	51.2290039063
2009-12-01	12	2009	5.834356308
2009-12-02	12	2009	50.0970306396
2009-12-03	12	2009	18.8371295929
2009-12-04	12	2009	49.2210464478
2009-12-05	12	2009	49.067779541
2009-12-06	12	2009	49.1622200012
2009-12-07	12	2009	49.5452766418
2009-12-08	12	2009	49.9586524963
2009-12-09	12	2009	50.6317672729
2009-12-10	12	2009	51.2729682922
2009-12-11	12	2009	51.6328659058
2009-12-12	12	2009	32.8854904175
2009-12-13	12	2009	27.4961872101
2009-12-14	12	2009	21.2376232147
2009-12-15	12	2009	11.6195888519
2009-12-16	12	2009	14.0462493896
2009-12-17	12	2009	13.8585996628
2009-12-18	12	2009	22.847743988
2009-12-19	12	2009	26.8960208893
2009-12-20	12	2009	49.0773658752
2009-12-21	12	2009	49.2185554504
2009-12-22	12	2009	49.6554260254
2009-12-23	12	2009	50.0922660828
2009-12-24	12	2009	50.7720069885
2009-12-25	12	2009	51.3879165649
2009-12-26	12	2009	51.7134742737
2009-12-27	12	2009	51.9226112366
2009-12-28	12	2009	51.8779678345
2009-12-29	12	2009	51.5453338623
2009-12-30	12	2009	50.9728736877
2009-12-31	12	2009	50.4981842041
2010-01-01	1	2010	49.8345832825
2010-01-02	1	2010	49.4515762329
2010-01-03	1	2010	49.1201934814
2010-01-04	1	2010	49.1009063721
2010-01-05	1	2010	49.2874832153
2010-01-06	1	2010	49.7738609314
2010-01-07	1	2010	50.2298927307
2010-01-08	1	2010	50.9095611572
2010-01-09	1	2010	51.4940948486
2010-01-10	1	2010	51.7821464539
2010-01-11	1	2010	51.9260559082
2010-01-12	1	2010	51.833820343
2010-01-13	1	2010	51.4438400269
2010-01-14	1	2010	3.4098374844
2010-01-15	1	2010	12.6687374115
2010-01-16	1	2010	49.71251297
2010-01-17	1	2010	49.3606033325
2010-01-18	1	2010	12.3500356674
2010-01-19	1	2010	7.1939086914
2010-01-20	1	2010	49.3683357239
2010-01-21	1	2010	5.7332000732
2010-01-22	1	2010	50.3701705933
2010-01-23	1	2010	7.4727897644
2010-01-24	1	2010	8.005446434
2010-01-25	1	2010	13.699886322
2010-01-26	1	2010	13.0608921051
2010-01-27	1	2010	14.3615875244
2010-01-28	1	2010	51.3330535889
2010-01-29	1	2010	23.3757591248
2010-01-30	1	2010	50.2165985107
2010-01-31	1	2010	49.5981636047
2010-02-01	2	2010	49.280834198
2010-02-02	2	2010	49.0734405518
2010-02-03	2	2010	49.1887893677
2010-02-04	2	2010	49.4603118896
2010-02-05	2	2010	50.0308494568
2010-02-06	2	2010	50.5117301941
2010-02-07	2	2010	16.3209514618
2010-02-08	2	2010	25.5882263184
2010-02-09	2	2010	33.7534408569
2010-02-10	2	2010	32.8764648438
2010-02-11	2	2010	32.7597808838
2010-02-12	2	2010	28.0175132751
2010-02-13	2	2010	26.7802371979
2010-02-14	2	2010	21.4174861908
2010-02-15	2	2010	18.0017261505
2010-02-16	2	2010	20.2408676147
2010-02-17	2	2010	12.9685678482
2010-02-18	2	2010	15.008058548
2010-02-19	2	2010	21.1964740753
2010-02-20	2	2010	20.6331653595
2010-02-21	2	2010	20.0159912109
2010-02-22	2	2010	18.6564788818
2010-02-23	2	2010	31.0062675476
2010-02-24	2	2010	36.3677024841
2010-02-25	2	2010	13.7037096024
2010-02-26	2	2010	51.6250572205
2010-02-27	2	2010	51.0880508423
2010-02-28	2	2010	50.4152832031
2010-03-01	3	2010	49.9461212158
2010-03-02	3	2010	0.0624604411
2010-03-03	3	2010	11.7623033524
2010-03-04	3	2010	10.595416069
2010-03-05	3	2010	49.3279724121
2010-03-06	3	2010	5.3582315445
2010-03-07	3	2010	13.2949943542
2010-03-08	3	2010	19.2656002045
2010-03-09	3	2010	21.9851131439
2010-03-10	3	2010	12.3972959518
2010-03-11	3	2010	14.4029979706
2010-03-12	3	2010	25.650144577
2010-03-13	3	2010	22.8945674896
2010-03-14	3	2010	8.8584899902
2010-03-15	3	2010	9.238363266
2010-03-16	3	2010	5.3738145828
2010-03-17	3	2010	49.31224823
2010-03-18	3	2010	49.1159973145
2010-03-19	3	2010	49.108165741
2010-03-20	3	2010	49.4151687622
2010-03-21	3	2010	10.1960678101
2010-03-22	3	2010	50.4473266602
2010-03-23	3	2010	12.1863555908
2010-03-24	3	2010	17.1808319092
2010-03-25	3	2010	14.3848638535
2010-03-26	3	2010	17.3195495605
2010-03-27	3	2010	1.8199620247
2010-03-28	3	2010	12.305814743
2010-03-29	3	2010	5.1410164833
2010-03-30	3	2010	9.7295761108
2010-03-31	3	2010	49.6973609924
2010-04-01	4	2010	49.239112854
2010-04-02	4	2010	12.349480629
2010-04-03	4	2010	11.7597808838
2010-04-04	4	2010	15.0875091553
2010-04-05	4	2010	15.9218521118
2010-04-06	4	2010	50.5889892578
2010-04-07	4	2010	12.8464269638
2010-04-08	4	2010	7.1214909554
2010-04-09	4	2010	1.2290375233
2010-04-10	4	2010	3.4821102619
2010-04-11	4	2010	4.8955755234
2010-04-12	4	2010	7.0816302299
2010-04-13	4	2010	10.9403390884
2010-04-14	4	2010	15.2360773087
2010-04-15	4	2010	13.7534856796
2010-04-16	4	2010	15.6853256226
2010-04-17	4	2010	10.0485925674
2010-04-18	4	2010	0
2010-04-19	4	2010	5.7011537552
2010-04-20	4	2010	3.8707156181
2010-04-21	4	2010	4.203546524
2010-04-22	4	2010	51.1902694702
2010-04-23	4	2010	2.9880304337
2010-04-24	4	2010	8.0561714172
2010-04-25	4	2010	14.3925275803
2010-04-26	4	2010	13.629576683
2010-04-27	4	2010	4.5395884514
2010-04-28	4	2010	14.0183773041
2010-04-29	4	2010	12.5463666916
2010-04-30	4	2010	15.7815608978
2010-05-01	5	2010	12.9843091965
2010-05-02	5	2010	6.3770170212
2010-05-03	5	2010	49.2651786804
2010-05-04	5	2010	14.4662761688
2010-05-05	5	2010	13.9211549759
2010-05-06	5	2010	4.8205294609
2010-05-07	5	2010	9.9576129913
2010-05-08	5	2010	22.9968204498
2010-05-09	5	2010	23.0689983368
2010-05-10	5	2010	14.3813781738
2010-05-11	5	2010	19.5237102509
2010-05-12	5	2010	14.8542098999
2010-05-13	5	2010	6.1612315178
2010-05-14	5	2010	13.1469964981
2010-05-15	5	2010	7.2301878929
2010-05-16	5	2010	11.1630973816
2010-05-17	5	2010	8.5334434509
2010-05-18	5	2010	2.8523232937
2010-05-19	5	2010	11.3367967606
2010-05-20	5	2010	5.0912871361
2010-05-21	5	2010	0
2010-05-22	5	2010	3.4491536617
2010-05-23	5	2010	1.3641830683
2010-05-24	5	2010	0.4569933712
2010-05-25	5	2010	9.5176858902
2010-05-26	5	2010	17.1321640015
2010-05-27	5	2010	12.8149385452
2010-05-28	5	2010	16.7624320984
2010-05-29	5	2010	10.7134504318
2010-05-30	5	2010	18.700340271
2010-05-31	5	2010	4.9645667076
2010-06-01	6	2010	10.6021938324
2010-06-02	6	2010	4.3830075264
2010-06-03	6	2010	0.6235513687
2010-06-04	6	2010	6.9646496773
2010-06-05	6	2010	2.5286254883
2010-06-06	6	2010	6.6958990097
2010-06-07	6	2010	8.5230579376
2010-06-08	6	2010	10.0715761185
2010-06-09	6	2010	1.8196647167
2010-06-10	6	2010	9.9455795288
2010-06-11	6	2010	15.4799785614
2010-06-12	6	2010	9.2097415924
2010-06-13	6	2010	6.4352784157
2010-06-14	6	2010	17.1554679871
2010-06-15	6	2010	16.3662586212
2010-06-16	6	2010	5.6476926804
2010-06-17	6	2010	5.3427786827
2010-06-18	6	2010	8.2364368439
2010-06-19	6	2010	6.9841928482
2010-06-20	6	2010	10.4956693649
2010-06-21	6	2010	1.5029370785
2010-06-22	6	2010	3.2346203327
2010-06-23	6	2010	4.914870739
2010-06-24	6	2010	5.9343352318
2010-06-25	6	2010	2.9553396702
2010-06-26	6	2010	1.9486505985
2010-06-27	6	2010	4.4320178032
2010-06-28	6	2010	9.081829071
2010-06-29	6	2010	11.180439949
2010-06-30	6	2010	0
2010-07-01	7	2010	9.0426921844
2010-07-02	7	2010	9.633275032
2010-07-03	7	2010	10.2922754288
2010-07-04	7	2010	10.3923072815
2010-07-05	7	2010	13.576877594
2010-07-06	7	2010	9.5007724762
2010-07-07	7	2010	14.4019384384
2010-07-08	7	2010	10.6102352142
2010-07-09	7	2010	8.9635257721
2010-07-10	7	2010	12.2017383575
2010-07-11	7	2010	14.6940660477
2010-07-12	7	2010	3.1069974899
2010-07-13	7	2010	6.8079977036
2010-07-14	7	2010	12.3592844009
2010-07-15	7	2010	13.6186351776
2010-07-16	7	2010	15.7166786194
2010-07-17	7	2010	13.8013381958
2010-07-18	7	2010	13.980887413
2010-07-19	7	2010	15.507062912
2010-07-20	7	2010	13.6053037643
2010-07-21	7	2010	6.7278914452
2010-07-22	7	2010	5.6013288498
2010-07-23	7	2010	11.1723890305
2010-07-24	7	2010	7.985268116
2010-07-25	7	2010	7.0184211731
2010-07-26	7	2010	7.8173336983
2010-07-27	7	2010	10.183385849
2010-07-28	7	2010	10.6332378387
2010-07-29	7	2010	6.7748513222
2010-07-30	7	2010	5.645175457
2010-07-31	7	2010	9.5782175064
2010-08-01	8	2010	20.515712738
2010-08-02	8	2010	3.390291214
2010-08-03	8	2010	6.6305766106
2010-08-04	8	2010	10.009516716
2010-08-05	8	2010	14.376666069
2010-08-06	8	2010	15.1010684967
2010-08-07	8	2010	15.7485570908
2010-08-08	8	2010	8.9271116257
2010-08-09	8	2010	10.9490146637
2010-08-10	8	2010	13.9347705841
2010-08-11	8	2010	9.1173648834
2010-08-12	8	2010	12.3760681152
2010-08-13	8	2010	14.9542703629
2010-08-14	8	2010	14.9866247177
2010-08-15	8	2010	15.770731926
2010-08-16	8	2010	4.434484005
2010-08-17	8	2010	12.7518100739
2010-08-18	8	2010	9.9270181656
2010-08-19	8	2010	30.0601711273
2010-08-20	8	2010	23.9188098907
2010-08-21	8	2010	15.094534874
2010-08-22	8	2010	8.9699983597
2010-08-23	8	2010	1.0853061676
2010-08-24	8	2010	18.3971405029
2010-08-25	8	2010	14.5719661713
2010-08-26	8	2010	18.7785606384
2010-08-27	8	2010	16.3904685974
2010-08-28	8	2010	9.0172643661
2010-08-29	8	2010	15.7061042786
2010-08-30	8	2010	21.1897792816
2010-08-31	8	2010	4.4464917183
2010-09-01	9	2010	6.2136321068
2010-09-02	9	2010	5.531015873
2010-09-03	9	2010	4.287364006
2010-09-04	9	2010	12.4201364517
2010-09-05	9	2010	6.7392616272
2010-09-06	9	2010	25.5020942688
2010-09-07	9	2010	17.0463294983
2010-09-08	9	2010	9.268445015
2010-09-09	9	2010	17.4114761353
2010-09-10	9	2010	21.9525089264
2010-09-11	9	2010	49.1033668518
2010-09-12	9	2010	49.0807151794
2010-09-13	9	2010	16.4490756989
2010-09-14	9	2010	27.1656684875
2010-09-15	9	2010	28.3840694427
2010-09-16	9	2010	25.2347698212
2010-09-17	9	2010	14.94739151
2010-09-18	9	2010	15.0678434372
2010-09-19	9	2010	24.8226661682
2010-09-20	9	2010	23.8888435364
2010-09-21	9	2010	8.9350585938
2010-09-22	9	2010	14.1398296356
2010-09-23	9	2010	19.0774364471
2010-09-24	9	2010	19.6936626434
2010-09-25	9	2010	25.2740287781
2010-09-26	9	2010	23.4621334076
2010-09-27	9	2010	13.6203327179
2010-09-28	9	2010	15.0539741516
2010-09-29	9	2010	11.3175067902
2010-09-30	9	2010	12.6864805222
2010-10-01	10	2010	25.2998714447
2010-10-02	10	2010	21.1802177429
2010-10-03	10	2010	23.0381832123
2010-10-04	10	2010	9.5422716141
2010-10-05	10	2010	26.5155239105
2010-10-06	10	2010	19.4511833191
2010-10-07	10	2010	16.9573612213
2010-10-08	10	2010	50.1579093933
2010-10-09	10	2010	22.922668457
2010-10-10	10	2010	16.4267463684
2010-10-11	10	2010	16.3658943176
2010-10-12	10	2010	16.3903541565
2010-10-13	10	2010	49.4992370605
2010-10-14	10	2010	22.169752121
2010-10-15	10	2010	19.1805553436
2010-10-16	10	2010	20.2397098541
2010-10-17	10	2010	8.9692544937
2010-10-18	10	2010	13.714348793
2010-10-19	10	2010	20.5156936646
2010-10-20	10	2010	51.6735534668
2010-10-21	10	2010	9.4011669159
2010-10-22	10	2010	15.4499044418
2010-10-23	10	2010	50.0221405029
2010-10-24	10	2010	49.6009635925
2010-10-25	10	2010	49.1878128052
2010-10-26	10	2010	49.0713691711
2010-10-27	10	2010	49.1919059753
2010-10-28	10	2010	49.6053466797
2010-10-29	10	2010	50.0322647095
2010-10-30	10	2010	50.7098846436
2010-10-31	10	2010	51.3378105164
2010-11-01	11	2010	51.6790542603
2010-11-02	11	2010	51.9165725708
2010-11-03	11	2010	51.8932685852
2010-11-04	11	2010	51.587223053
2010-11-05	11	2010	51.0318183899
2010-11-06	11	2010	50.5612068176
2010-11-07	11	2010	49.8910484314
2010-11-08	11	2010	49.4954109192
2010-11-09	11	2010	49.1380500793
2010-11-10	11	2010	49.0887260437
2010-11-11	11	2010	49.2553100586
2010-11-12	11	2010	49.7202339172
2010-11-13	11	2010	50.1682739258
2010-11-14	11	2010	50.8488006592
2010-11-15	11	2010	51.4480209351
2010-11-16	11	2010	51.7531242371
2010-11-17	11	2010	51.9262580872
2010-11-18	11	2010	51.8551025391
2010-11-19	11	2010	24.6149349213
2010-11-20	11	2010	16.9762535095
2010-11-21	11	2010	17.569480896
2010-11-22	11	2010	16.5986671448
2010-11-23	11	2010	11.8201618195
2010-11-24	11	2010	12.9766702652
2010-11-25	11	2010	21.0071907043
2010-11-26	11	2010	26.1308174133
2010-11-27	11	2010	31.5788249969
2010-11-28	11	2010	50.3075408936
2010-11-29	11	2010	50.9842758179
2010-11-30	11	2010	51.5488739014
2010-12-01	12	2010	51.8148651123
2010-12-02	12	2010	51.9219017029
2010-12-03	12	2010	51.8036117554
2010-12-04	12	2010	51.3834075928
2010-12-05	12	2010	50.7602272034
2010-12-06	12	2010	50.2786445618
2010-12-07	12	2010	0
2010-12-08	12	2010	49.3148765564
2010-12-09	12	2010	49.0790328979
2010-12-10	12	2010	49.1646537781
2010-12-11	12	2010	49.4180870056
2010-12-12	12	2010	49.9717445374
2010-12-13	12	2010	50.4486999512
2010-12-14	12	2010	51.1149787903
2010-12-15	12	2010	51.6393737793
2010-12-16	12	2010	51.8636779785
2010-12-17	12	2010	51.9035377502
2010-12-18	12	2010	51.7393035889
2010-12-19	12	2010	51.2679290771
2010-12-20	12	2010	50.6198616028
2010-12-21	12	2010	50.1399307251
2010-12-22	12	2010	49.5384216309
2010-12-23	12	2010	49.2416725159
2010-12-24	12	2010	49.0703582764
2010-12-25	12	2010	49.2224807739
2010-12-26	12	2010	49.5158576965
2010-12-27	12	2010	50.1058921814
2010-12-28	12	2010	50.5903663635
2010-12-29	12	2010	51.2396240234
2010-12-30	12	2010	51.7186317444
2010-12-31	12	2010	51.8990745544
2011-01-01	1	2011	51.8713493347
2011-01-02	1	2011	51.6628036499
2011-01-03	1	2011	51.1448898315
2011-01-04	1	2011	50.4782829285
2011-01-05	1	2011	50.0047531128
2011-01-06	1	2011	49.4382858276
2011-01-07	1	2011	49.1808433533
2011-01-08	1	2011	49.0757331848
2011-01-09	1	2011	49.2928352356
2011-01-10	1	2011	49.6233024597
2011-01-11	1	2011	50.2438964844
2011-01-12	1	2011	50.7311439514
2011-01-13	1	2011	51.3569869995
2011-01-14	1	2011	30.1302070618
2011-01-15	1	2011	37.2169761658
2011-01-16	1	2011	51.8256568909
2011-01-17	1	2011	21.2122612
2011-01-18	1	2011	22.6649589539
2011-01-19	1	2011	21.5276470184
2011-01-20	1	2011	13.833987236
2011-01-21	1	2011	49.3485679626
2011-01-22	1	2011	49.1329879761
2011-01-23	1	2011	49.0951004028
2011-01-24	1	2011	49.3750190735
2011-01-25	1	2011	49.7393684387
2011-01-26	1	2011	50.3843955994
2011-01-27	1	2011	50.869644165
2011-01-28	1	2011	51.4659118652
2011-01-29	1	2011	51.8404273987
2011-01-30	1	2011	51.9283714294
2011-01-31	1	2011	51.7669029236
2011-02-01	2	2011	51.4763679504
2011-02-02	2	2011	50.881023407
2011-02-03	2	2011	50.1970405579
2011-02-04	2	2011	49.7502861023
2011-02-05	2	2011	49.2701530457
2011-02-06	2	2011	49.098575592
2011-02-07	2	2011	49.128276825
2011-02-08	2	2011	49.4682350159
2011-02-09	2	2011	49.8629074097
2011-02-10	2	2011	50.5260124207
2011-02-11	2	2011	14.1474409103
2011-02-12	2	2011	21.2083358765
2011-02-13	2	2011	51.8817672729
2011-02-14	2	2011	24.8213539124
2011-02-15	2	2011	30.9736785889
2011-02-16	2	2011	51.3682632446
2011-02-17	2	2011	15.4622507095
2011-02-18	2	2011	6.1199808121
2011-02-19	2	2011	18.8257637024
2011-02-20	2	2011	4.9775276184
2011-02-21	2	2011	11.7431650162
2011-02-22	2	2011	4.6600627899
2011-02-23	2	2011	10.7009601593
2011-02-24	2	2011	15.9450616837
2011-02-25	2	2011	19.2179012299
2011-02-26	2	2011	14.183473587
2011-02-27	2	2011	22.091053009
2011-02-28	2	2011	24.8153762817
2011-03-01	3	2011	15.8153629303
2011-03-02	3	2011	15.727314949
2011-03-03	3	2011	17.0942001343
2011-03-04	3	2011	18.4052810669
2011-03-05	3	2011	16.6525707245
2011-03-06	3	2011	15.0912342072
2011-03-07	3	2011	16.3932991028
2011-03-08	3	2011	49.0712966919
2011-03-09	3	2011	49.2346038818
2011-03-10	3	2011	49.683971405
2011-03-11	3	2011	30.8992385864
2011-03-12	3	2011	25.1579055786
2011-03-13	3	2011	12.2648210526
2011-03-14	3	2011	7.5736236572
2011-03-15	3	2011	9.0266075134
2011-03-16	3	2011	17.2995986938
2011-03-17	3	2011	8.465473175
2011-03-18	3	2011	6.6440296173
2011-03-19	3	2011	5.1046590805
2011-03-20	3	2011	13.1613645554
2011-03-21	3	2011	7.6696634293
2011-03-22	3	2011	1.5746457577
2011-03-23	3	2011	3.5373249054
2011-03-24	3	2011	4.0856308937
2011-03-25	3	2011	7.7282943726
2011-03-26	3	2011	13.2843675613
2011-03-27	3	2011	9.8863687515
2011-03-28	3	2011	12.9247484207
2011-03-29	3	2011	5.239885807
2011-03-30	3	2011	8.5319213867
2011-03-31	3	2011	19.6550350189
2011-04-01	4	2011	24.5788326263
2011-04-02	4	2011	27.8989696503
2011-04-03	4	2011	26.6543273926
2011-04-04	4	2011	15.138504982
2011-04-05	4	2011	23.5862674713
2011-04-06	4	2011	49.0831108093
2011-04-07	4	2011	14.961684227
2011-04-08	4	2011	0
2011-04-09	4	2011	6.1042637825
2011-04-10	4	2011	7.3796224594
2011-04-11	4	2011	7.048306942
2011-04-12	4	2011	17.1710109711
2011-04-13	4	2011	13.0444107056
2011-04-14	4	2011	11.8025999069
2011-04-15	4	2011	1.5069887638
2011-04-16	4	2011	5.5338096619
2011-04-17	4	2011	2.515239954
2011-04-18	4	2011	4.1579732895
2011-04-19	4	2011	4.3951387405
2011-04-20	4	2011	11.7871284485
2011-04-21	4	2011	4.6501479149
2011-04-22	4	2011	4.9705891609
2011-04-23	4	2011	2.6484537125
2011-04-24	4	2011	7.3295016289
2011-04-25	4	2011	5.8077607155
2011-04-26	4	2011	15.6023178101
2011-04-27	4	2011	7.5513782501
2011-04-28	4	2011	7.596683979
2011-04-29	4	2011	12.4137935638
2011-04-30	4	2011	10.5836515427
2011-05-01	5	2011	13.5261211395
2011-05-02	5	2011	16.1781845093
2011-05-03	5	2011	13.8808526993
2011-05-04	5	2011	13.0727386475
2011-05-05	5	2011	15.6913156509
2011-05-06	5	2011	16.367067337
2011-05-07	5	2011	12.9983720779
2011-05-08	5	2011	15.1109657288
2011-05-09	5	2011	20.6473445892
2011-05-10	5	2011	20.8481311798
2011-05-11	5	2011	13.5634860992
2011-05-12	5	2011	15.0278081894
2011-05-13	5	2011	13.7201957703
2011-05-14	5	2011	15.077753067
2011-05-15	5	2011	19.5722637177
2011-05-16	5	2011	16.2832565308
2011-05-17	5	2011	16.1332569122
2011-05-18	5	2011	16.6472320557
2011-05-19	5	2011	19.5098438263
2011-05-20	5	2011	18.6406345367
2011-05-21	5	2011	17.8541049957
2011-05-22	5	2011	18.67852211
2011-05-23	5	2011	19.6407680511
2011-05-24	5	2011	19.8927364349
2011-05-25	5	2011	20.9054317474
2011-05-26	5	2011	20.3243904114
2011-05-27	5	2011	20.4466762543
2011-05-28	5	2011	19.6956233978
2011-05-29	5	2011	18.8351325989
2011-05-30	5	2011	18.7340755463
2011-05-31	5	2011	17.7438583374
2011-06-01	6	2011	17.5769939423
2011-06-02	6	2011	9.6615982056
2011-06-03	6	2011	5.6632351875
2011-06-04	6	2011	8.5370073318
2011-06-05	6	2011	11.7522554398
2011-06-06	6	2011	11.2137804031
2011-06-07	6	2011	11.3288145065
2011-06-08	6	2011	18.3618221283
2011-06-09	6	2011	15.5299406052
2011-06-10	6	2011	11.1250095367
2011-06-11	6	2011	6.3335032463
2011-06-12	6	2011	8.0572957993
2011-06-13	6	2011	16.4948120117
2011-06-14	6	2011	6.2838730812
2011-06-15	6	2011	14.0859098434
2011-06-16	6	2011	16.0430698395
2011-06-17	6	2011	20.4273014069
2011-06-18	6	2011	21.050201416
2011-06-19	6	2011	24.3038692474
2011-06-20	6	2011	2.2412810326
2011-06-21	6	2011	18.738948822
2011-06-22	6	2011	23.8801593781
2011-06-23	6	2011	17.6408176422
2011-06-24	6	2011	17.8053588867
2011-06-25	6	2011	22.9371032715
2011-06-26	6	2011	12.4082450867
2011-06-27	6	2011	6.7454872131
2011-06-28	6	2011	5.5699548721
2011-06-29	6	2011	10.5017948151
2011-06-30	6	2011	10.9321699142
2011-07-01	7	2011	8.2423582077
2011-07-02	7	2011	1.9061198235
2011-07-03	7	2011	0
2011-07-04	7	2011	2.2373068333
2011-07-05	7	2011	8.5557069778
2011-07-06	7	2011	11.2550916672
2011-07-07	7	2011	18.9976329803
2011-07-08	7	2011	14.0808820724
2011-07-09	7	2011	14.8983354568
2011-07-10	7	2011	6.7195906639
2011-07-11	7	2011	4.0132269859
2011-07-12	7	2011	9.0187692642
2011-07-13	7	2011	7.5464029312
2011-07-14	7	2011	3.1886301041
2011-07-15	7	2011	5.4474601746
2011-07-16	7	2011	15.2435483932
2011-07-17	7	2011	21.1499919891
2011-07-18	7	2011	24.3219299316
2011-07-19	7	2011	18.6138362885
2011-07-20	7	2011	12.3986358643
2011-07-21	7	2011	8.623913765
2011-07-22	7	2011	13.930981636
2011-07-23	7	2011	7.4521689415
2011-07-24	7	2011	11.0828428268
2011-07-25	7	2011	4.0041952133
2011-07-26	7	2011	1.8263617754
2011-07-27	7	2011	2.563318491
2011-07-28	7	2011	3.4505915642
2011-07-29	7	2011	9.9042921066
2011-07-30	7	2011	2.4903817177
2011-07-31	7	2011	6.4837188721
2011-08-01	8	2011	9.5795211792
2011-08-02	8	2011	4.9658098221
2011-08-03	8	2011	4.6522068977
2011-08-04	8	2011	13.045873642
2011-08-05	8	2011	13.140542984
2011-08-06	8	2011	3.6299872398
2011-08-07	8	2011	15.5515642166
2011-08-08	8	2011	15.6780128479
2011-08-09	8	2011	20.4828586578
2011-08-10	8	2011	10.6332378387
2011-08-11	8	2011	28.3258495331
2011-08-12	8	2011	16.3729419708
2011-08-13	8	2011	18.514415741
2011-08-14	8	2011	13.2720785141
2011-08-15	8	2011	16.5996227264
2011-08-16	8	2011	17.1732025146
2011-08-17	8	2011	9.0172367096
2011-08-18	8	2011	9.0268096924
2011-08-19	8	2011	7.6741023064
2011-08-20	8	2011	17.3690090179
2011-08-21	8	2011	15.3900585175
2011-08-22	8	2011	10.4767637253
2011-08-23	8	2011	7.999443531
2011-08-24	8	2011	9.5330352783
2011-08-25	8	2011	14.4025239944
2011-08-26	8	2011	13.6655511856
2011-08-27	8	2011	14.8964300156
2011-08-28	8	2011	18.4643115997
2011-08-29	8	2011	15.9735488892
2011-08-30	8	2011	8.1585483551
2011-08-31	8	2011	6.0165524483
2011-09-01	9	2011	10.5922899246
2011-09-02	9	2011	6.3893561363
2011-09-03	9	2011	17.2689208984
2011-09-04	9	2011	18.1765003204
2011-09-05	9	2011	26.8281173706
2011-09-06	9	2011	28.9484214783
2011-09-07	9	2011	36.179889679
2011-09-08	9	2011	29.2993412018
2011-09-09	9	2011	18.8794670105
2011-09-10	9	2011	23.8040809631
2011-09-11	9	2011	51.089717865
2011-09-12	9	2011	50.6241073608
2011-09-13	9	2011	29.9269676208
2011-09-14	9	2011	28.8242034912
2011-09-15	9	2011	19.4253845215
2011-09-16	9	2011	10.0498275757
2011-09-17	9	2011	26.9296665192
2011-09-18	9	2011	49.6681251526
2011-09-19	9	2011	24.8114280701
2011-09-20	9	2011	26.0231246948
2011-09-21	9	2011	17.1437206268
2011-09-22	9	2011	28.2952003479
2011-09-23	9	2011	21.3557243347
2011-09-24	9	2011	23.9178543091
2011-09-25	9	2011	16.4368457794
2011-09-26	9	2011	20.9585819244
2011-09-27	9	2011	15.3829431534
2011-09-28	9	2011	15.8902168274
2011-09-29	9	2011	14.3802986145
2011-09-30	9	2011	22.646396637
2011-10-01	10	2011	7.188958168
2011-10-02	10	2011	5.6638531685
2011-10-03	10	2011	7.7256608009
2011-10-04	10	2011	13.2789058685
2011-10-05	10	2011	20.9447822571
2011-10-06	10	2011	33.5089073181
2011-10-07	10	2011	51.7889709473
2011-10-08	10	2011	29.3093929291
2011-10-09	10	2011	51.8281288147
2011-10-10	10	2011	51.4320373535
2011-10-11	10	2011	50.8219070435
2011-10-12	10	2011	50.3411178589
2011-10-13	10	2011	13.1346597672
2011-10-14	10	2011	8.1093187332
2011-10-15	10	2011	20.1891822815
2011-10-16	10	2011	24.3339958191
2011-10-17	10	2011	49.3779678345
2011-10-18	10	2011	49.9136657715
2011-10-19	10	2011	50.3857727051
2011-10-20	10	2011	51.0575180054
2011-10-21	10	2011	51.6004600525
2011-10-22	10	2011	51.8435974121
2011-10-23	10	2011	51.9134254456
2011-10-24	10	2011	51.7694511414
2011-10-25	10	2011	51.3202934265
2011-10-26	10	2011	50.6825256348
2011-10-27	10	2011	50.2012672424
2011-10-28	10	2011	49.5860519409
2011-10-29	10	2011	49.2727432251
2011-10-30	10	2011	49.0724830627
2011-10-31	10	2011	49.1951789856
2011-11-01	11	2011	49.471118927
2011-11-02	11	2011	50.0456733704
2011-11-03	11	2011	50.5273857117
2011-11-04	11	2011	30.6677150726
2011-11-05	11	2011	30.9671764374
2011-11-06	11	2011	51.8850135803
2011-11-07	11	2011	51.8873558044
2011-11-08	11	2011	51.6982879639
2011-11-09	11	2011	51.2004699707
2011-11-10	11	2011	50.5413131714
2011-11-11	11	2011	50.0643539429
2011-11-12	11	2011	49.4815940857
2011-11-13	11	2011	49.2063293457
2011-11-14	11	2011	49.0716056824
2011-11-15	11	2011	49.2600364685
2011-11-16	11	2011	49.5743865967
2011-11-17	11	2011	50.1821289063
2011-11-18	11	2011	50.6687278748
2011-11-19	11	2011	51.3057632446
2011-11-20	11	2011	51.7574958801
2011-11-21	11	2011	51.9128036499
2011-11-22	11	2011	51.8476219177
2011-11-23	11	2011	51.6153411865
2011-11-24	11	2011	51.0737495422
2011-11-25	11	2011	50.3996582031
2011-11-26	11	2011	49.9317169189
2011-11-27	11	2011	49.3871269226
2011-11-28	11	2011	49.1526374817
2011-11-29	11	2011	49.0847663879
2011-11-30	11	2011	49.3370552063
2011-12-01	12	2011	49.6867523193
2011-12-02	12	2011	15.3339309692
2011-12-03	12	2011	50.8084144592
2011-12-04	12	2011	29.0232181549
2011-12-05	12	2011	37.9699287415
2011-12-06	12	2011	50.7091369629
2011-12-07	12	2011	51.7946128845
2011-12-08	12	2011	51.5214271545
2011-12-09	12	2011	50.9413757324
2011-12-10	12	2011	19.8602142334
2011-12-11	12	2011	49.8046684265
2011-12-12	12	2011	21.0857372284
2011-12-13	12	2011	49.1121940613
2011-12-14	12	2011	49.1118354797
2011-12-15	12	2011	49.4254722595
2011-12-16	12	2011	11.3247299194
2011-12-17	12	2011	23.2673778534
2011-12-18	12	2011	26.1039333344
2011-12-19	12	2011	14.9856739044
2011-12-20	12	2011	16.5422363281
2011-12-21	12	2011	51.9265594482
2011-12-22	12	2011	15.762720108
2011-12-23	12	2011	17.9172267914
2011-12-24	12	2011	21.7277011871
2011-12-25	12	2011	50.1205787659
2011-12-26	12	2011	49.6844558716
2011-12-27	12	2011	49.2317810059
2011-12-28	12	2011	49.0853996277
2011-12-29	12	2011	49.1525421143
2011-12-30	12	2011	49.5244178772
2011-12-31	12	2011	24.7257575989
2012-01-01	1	2012	25.05768013
2012-01-02	1	2012	27.0558853149
2012-01-03	1	2012	33.5810050964
2012-01-04	1	2012	51.8988571167
2012-01-05	1	2012	51.9123878479
2012-01-06	1	2012	51.6509857178
2012-01-07	1	2012	51.3044815063
2012-01-08	1	2012	23.360490799
2012-01-09	1	2012	15.9428901672
2012-01-10	1	2012	17.2742347717
2012-01-11	1	2012	49.1724319458
2012-01-12	1	2012	49.072517395
2012-01-13	1	2012	14.3120880127
2012-01-14	1	2012	49.6329193115
2012-01-15	1	2012	50.0670166016
2012-01-16	1	2012	50.7451934814
2012-01-17	1	2012	51.2039337158
2012-01-18	1	2012	51.6987800598
2012-01-19	1	2012	51.9188766479
2012-01-20	1	2012	51.8843269348
2012-01-21	1	2012	51.5617790222
2012-01-22	1	2012	51.1835899353
2012-01-23	1	2012	50.5235595703
2012-01-24	1	2012	9.6753416061
2012-01-25	1	2012	49.4691810608
2012-01-26	1	2012	49.1261177063
2012-01-27	1	2012	49.0736732483
2012-01-28	1	2012	49.273147583
2012-01-29	1	2012	49.749912262
2012-01-30	1	2012	0
2012-01-31	1	2012	50.8833427429
2012-02-01	2	2012	51.3236083984
2012-02-02	2	2012	51.7697029114
2012-02-03	2	2012	51.9249076843
2012-02-04	2	2012	51.8426475525
2012-02-05	2	2012	51.4621086121
2012-02-06	2	2012	51.055973053
2012-02-07	2	2012	50.3819541931
2012-02-08	2	2012	49.732875824
2012-02-09	2	2012	49.3762359619
2012-02-10	2	2012	49.0932884216
2012-02-11	2	2012	49.0888519287
2012-02-12	2	2012	49.3518600464
2012-02-13	2	2012	49.8742408752
2012-02-14	2	2012	50.3438987732
2012-02-15	2	2012	51.01770401
2012-02-16	2	2012	27.2454376221
2012-02-17	2	2012	51.8281288147
2012-02-18	2	2012	51.9168891907
2012-02-19	2	2012	51.7877616882
2012-02-20	2	2012	51.3529586792
2012-02-21	2	2012	50.9228897095
2012-02-22	2	2012	50.2415008545
2012-02-23	2	2012	49.6170196533
2012-02-24	2	2012	49.294342041
2012-02-25	2	2012	11.1581029892
2012-02-26	2	2012	3.7984695435
2012-02-27	2	2012	49.4418525696
2012-02-28	2	2012	14.5442504883
2012-02-29	2	2012	5.8005189896
2012-03-01	3	2012	17.0592880249
2012-03-02	3	2012	10.5532026291
2012-03-03	3	2012	24.7981700897
2012-03-04	3	2012	33.7624206543
2012-03-05	3	2012	51.7202072144
2012-03-06	3	2012	32.461151123
2012-03-07	3	2012	50.7856483459
2012-03-08	3	2012	50.1035804749
2012-03-09	3	2012	49.5098075867
2012-03-10	3	2012	49.2242965698
2012-03-11	3	2012	49.0692558289
2012-03-12	3	2012	49.1605567932
2012-03-13	3	2012	0
2012-03-14	3	2012	50.1399726868
2012-03-15	3	2012	7.4118599892
2012-03-16	3	2012	16.3523902893
2012-03-17	3	2012	24.681646347
2012-03-18	3	2012	24.8133907318
2012-03-19	3	2012	22.1786842346
2012-03-20	3	2012	25.5706920624
2012-03-21	3	2012	13.5075883865
2012-03-22	3	2012	17.6482563019
2012-03-23	3	2012	11.9565038681
2012-03-24	3	2012	16.48072052
2012-03-25	3	2012	16.3988380432
2012-03-26	3	2012	4.3516988754
2012-03-27	3	2012	5.3088765144
2012-03-28	3	2012	5.3558707237
2012-03-29	3	2012	6.9383044243
2012-03-30	3	2012	12.7720165253
2012-03-31	3	2012	21.9759368896
2012-04-01	4	2012	27.3914337158
2012-04-02	4	2012	8.5319643021
2012-04-03	4	2012	8.513343811
2012-04-04	4	2012	51.5498771667
2012-04-05	4	2012	50.9797401428
2012-04-06	4	2012	50.5041122437
2012-04-07	4	2012	49.8407173157
2012-04-08	4	2012	49.3254432678
2012-04-09	4	2012	49.1224060059
2012-04-10	4	2012	49.1012802124
2012-04-11	4	2012	49.2848205566
2012-04-12	4	2012	9.1457042694
2012-04-13	4	2012	5.7929768562
2012-04-14	4	2012	7.4525604248
2012-04-15	4	2012	51.4916305542
2012-04-16	4	2012	0
2012-04-17	4	2012	51.5394554138
2012-04-18	4	2012	51.7479476929
2012-04-19	4	2012	51.4487762451
2012-04-20	4	2012	22.5888366699
2012-04-21	4	2012	29.3021087646
2012-04-22	4	2012	49.7183647156
2012-04-23	4	2012	27.7992229462
2012-04-24	4	2012	25.1542072296
2012-04-25	4	2012	10.6073703766
2012-04-26	4	2012	21.1120948792
2012-04-27	4	2012	26.4298381805
2012-04-28	4	2012	31.166677475
2012-04-29	4	2012	37.3989868164
2012-04-30	4	2012	51.5884017944
2012-05-01	5	2012	30.1596813202
2012-05-02	5	2012	5.6002187729
2012-05-03	5	2012	18.0064716339
2012-05-04	5	2012	7.084523201
2012-05-05	5	2012	14.7479915619
2012-05-06	5	2012	50.2224159241
2012-05-07	5	2012	15.820982933
2012-05-08	5	2012	49.1870193481
2012-05-09	5	2012	0
2012-05-10	5	2012	49.1880989075
2012-05-11	5	2012	49.4567680359
2012-05-12	5	2012	10.7992086411
2012-05-13	5	2012	6.1984977722
2012-05-14	5	2012	17.0659751892
2012-05-15	5	2012	15.7461433411
2012-05-16	5	2012	11.1992731094
2012-05-17	5	2012	2.7773311138
2012-05-18	5	2012	12.3436698914
2012-05-19	5	2012	11.0567340851
2012-05-20	5	2012	8.3086242676
2012-05-21	5	2012	5.0666675568
2012-05-22	5	2012	2.6491246223
2012-05-23	5	2012	3.2957906723
2012-05-24	5	2012	0
2012-05-25	5	2012	3.808768034
2012-05-26	5	2012	11.2682199478
2012-05-27	5	2012	0
2012-05-28	5	2012	4.5080323219
2012-05-29	5	2012	5.5324287415
2012-05-30	5	2012	2.7696044445
2012-05-31	5	2012	7.5996818542
2012-06-01	6	2012	8.5208330154
2012-06-02	6	2012	2.7557966709
2012-06-03	6	2012	7.9283928871
2012-06-04	6	2012	13.9859952927
2012-06-05	6	2012	5.053176403
2012-06-06	6	2012	13.0559844971
2012-06-07	6	2012	6.7756352425
2012-06-08	6	2012	16.3707637787
2012-06-09	6	2012	25.2744960785
2012-06-10	6	2012	2.8712289333
2012-06-11	6	2012	3.3739266396
2012-06-12	6	2012	5.1569085121
2012-06-13	6	2012	1.0889028311
2012-06-14	6	2012	2.995018959
2012-06-15	6	2012	27.50532341
2012-06-16	6	2012	34.5771713257
2012-06-17	6	2012	24.5643959045
2012-06-18	6	2012	2.7275032997
2012-06-19	6	2012	10.8542222977
2012-06-20	6	2012	2.8801307678
2012-06-21	6	2012	8.1036205292
2012-06-22	6	2012	17.8504867554
2012-06-23	6	2012	22.6424503326
2012-06-24	6	2012	20.3231334686
2012-06-25	6	2012	8.6555509567
2012-06-26	6	2012	2.9159252644
2012-06-27	6	2012	9.9182453156
2012-06-28	6	2012	4.5671482086
2012-06-29	6	2012	18.0715618134
2012-06-30	6	2012	18.0950546265
2012-07-01	7	2012	19.6250038147
2012-07-02	7	2012	17.1000862122
2012-07-03	7	2012	12.7868394852
2012-07-04	7	2012	13.2518014908
2012-07-05	7	2012	6.076236248
2012-07-06	7	2012	2.6354835033
2012-07-07	7	2012	7.6139831543
2012-07-08	7	2012	11.1744794846
2012-07-09	7	2012	3.8288297653
2012-07-10	7	2012	2.8854181767
2012-07-11	7	2012	11.5014915466
2012-07-12	7	2012	8.9065656662
2012-07-13	7	2012	8.4793920517
2012-07-14	7	2012	8.5275096893
2012-07-15	7	2012	7.1641988754
2012-07-16	7	2012	11.1527776718
2012-07-17	7	2012	15.5852565765
2012-07-18	7	2012	14.059305191
2012-07-19	7	2012	18.1889514923
2012-07-20	7	2012	10.1541700363
2012-07-21	7	2012	5.6507353783
2012-07-22	7	2012	3.5368855
2012-07-23	7	2012	11.1863012314
2012-07-24	7	2012	9.629034996
2012-07-25	7	2012	2.2817871571
2012-07-26	7	2012	7.8712058067
2012-07-27	7	2012	6.6729855537
2012-07-28	7	2012	8.493265152
2012-07-29	7	2012	11.2075557709
2012-07-30	7	2012	18.8735961914
2012-07-31	7	2012	14.3062381744
2012-08-01	8	2012	16.2718429565
2012-08-02	8	2012	14.7015666962
2012-08-03	8	2012	15.1983995438
2012-08-04	8	2012	18.7691898346
2012-08-05	8	2012	7.1932053566
2012-08-06	8	2012	7.6176748276
2012-08-07	8	2012	11.2010316849
2012-08-08	8	2012	3.0994417667
2012-08-09	8	2012	1.0630714893
2012-08-10	8	2012	3.4116370678
2012-08-11	8	2012	6.6871800423
2012-08-12	8	2012	11.1734991074
2012-08-13	8	2012	13.7232122421
2012-08-14	8	2012	12.4064664841
2012-08-15	8	2012	13.6049156189
2012-08-16	8	2012	25.1955032349
2012-08-17	8	2012	19.9174919128
2012-08-18	8	2012	16.5941963196
2012-08-19	8	2012	6.0380306244
2012-08-20	8	2012	6.0024161339
2012-08-21	8	2012	8.0720157623
2012-08-22	8	2012	14.3509292603
2012-08-23	8	2012	13.8290710449
2012-08-24	8	2012	8.2690105438
2012-08-25	8	2012	8.8659191132
2012-08-26	8	2012	13.6262016296
2012-08-27	8	2012	15.0725107193
2012-08-28	8	2012	15.1014957428
2012-08-29	8	2012	17.2761440277
2012-08-30	8	2012	19.4848136902
2012-08-31	8	2012	14.0754089355
2012-09-01	9	2012	12.6452140808
2012-09-02	9	2012	15.8311166763
2012-09-03	9	2012	0
2012-09-04	9	2012	11.7430315018
2012-09-05	9	2012	8.5480327606
2012-09-06	9	2012	11.2386169434
2012-09-07	9	2012	11.3654794693
2012-09-08	9	2012	0
2012-09-09	9	2012	8.4014520645
2012-09-10	9	2012	17.2266387939
2012-09-11	9	2012	19.6733989716
2012-09-12	9	2012	20.5089454651
2012-09-13	9	2012	21.2766551971
2012-09-14	9	2012	25.3795757294
2012-09-15	9	2012	18.4060401917
2012-09-16	9	2012	20.6158599854
2012-09-17	9	2012	23.6763725281
2012-09-18	9	2012	49.2343330383
2012-09-19	9	2012	24.2979221344
2012-09-20	9	2012	26.9319038391
2012-09-21	9	2012	20.3701019287
2012-09-22	9	2012	50.1209754944
2012-09-23	9	2012	25.0583610535
2012-09-24	9	2012	29.8201522827
2012-09-25	9	2012	51.7266654968
2012-09-26	9	2012	51.9021453857
2012-09-27	9	2012	51.8669586182
2012-09-28	9	2012	51.6536369324
2012-09-29	9	2012	51.1308822632
2012-09-30	9	2012	50.4626274109
2012-10-01	10	2012	49.9900970459
2012-10-02	10	2012	49.4278450012
2012-10-03	10	2012	49.174911499
2012-10-04	10	2012	49.0771865845
2012-10-05	10	2012	49.3013458252
2012-10-06	10	2012	49.635723114
2012-10-07	10	2012	50.2593193054
2012-10-08	10	2012	50.7465782166
2012-10-09	10	2012	18.6843624115
2012-10-10	10	2012	18.0479240417
2012-10-11	10	2012	18.885427475
2012-10-12	10	2012	51.8197975159
2012-10-13	10	2012	51.5644950867
2012-10-14	10	2012	12.8308000565
2012-10-15	10	2012	50.3213272095
2012-10-16	10	2012	49.8604049683
2012-10-17	10	2012	17.193069458
2012-10-18	10	2012	49.1285171509
2012-10-19	10	2012	49.0980911255
2012-10-20	10	2012	49.3847923279
2012-10-21	10	2012	49.7526702881
2012-10-22	10	2012	50.40001297
2012-10-23	10	2012	50.8847465515
2012-10-24	10	2012	51.4773788452
2012-10-25	10	2012	51.8456535339
2012-10-26	10	2012	51.9283561707
2012-10-27	10	2012	51.7596359253
2012-10-28	10	2012	51.464881897
2012-10-29	10	2012	50.8659133911
2012-10-30	10	2012	50.1817474365
2012-10-31	10	2012	49.7369995117
2012-11-01	11	2012	49.2622184753
2012-11-02	11	2012	49.0956115723
2012-11-03	11	2012	49.132774353
2012-11-04	11	2012	49.4791679382
2012-11-05	11	2012	15.1984157562
2012-11-06	11	2012	50.5416641235
2012-11-07	11	2012	23.523809433
2012-11-08	11	2012	29.1118965149
2012-11-09	11	2012	18.8720626831
2012-11-10	11	2012	51.9204177856
2012-11-11	11	2012	51.6870689392
2012-11-12	11	2012	51.3557777405
2012-11-13	11	2012	50.7273521423
2012-11-14	11	2012	50.0452613831
2012-11-15	11	2012	49.6210975647
2012-11-16	11	2012	0
2012-11-17	11	2012	49.0765190125
2012-11-18	11	2012	49.1808929443
2012-11-19	11	2012	49.5835456848
2012-11-20	11	2012	50.0073814392
2012-11-21	11	2012	22.5171890259
2012-11-22	11	2012	28.8707237244
2012-11-23	11	2012	39.4601860046
2012-11-24	11	2012	0
2012-11-25	11	2012	15.8144178391
2012-11-26	11	2012	15.0090742111
2012-11-27	11	2012	51.2382621765
2012-11-28	11	2012	50.5865440369
2012-11-29	11	2012	24.7153205872
2012-11-30	11	2012	5.34096241
2012-12-01	12	2012	3.5421090126
2012-12-02	12	2012	17.8485107422
2012-12-03	12	2012	30.3533878326
2012-12-04	12	2012	31.4864082336
2012-12-05	12	2012	36.7424659729
2012-12-06	12	2012	33.9215583801
2012-12-07	12	2012	42.1385726929
2012-12-08	12	2012	51.7396621704
2012-12-09	12	2012	23.068567276
2012-12-10	12	2012	30.1749897003
2012-12-11	12	2012	51.5076713562
2012-12-12	12	2012	51.113483429
2012-12-13	12	2012	50.4448776245
2012-12-14	12	2012	49.7868881226
2012-12-15	12	2012	49.4162597656
2012-12-16	12	2012	49.1062011719
2012-12-17	12	2012	49.0803756714
2012-12-18	12	2012	49.315410614
2012-12-19	12	2012	49.8181152344
2012-12-20	12	2012	3.6240096092
2012-12-21	12	2012	21.7934970856
2012-12-22	12	2012	19.4907207489
2012-12-23	12	2012	40.3466148376
2012-12-24	12	2012	18.8854064941
2012-12-25	12	2012	24.7696228027
2012-12-26	12	2012	27.228181839
2012-12-27	12	2012	50.982673645
2012-12-28	12	2012	17.5291309357
2012-12-29	12	2012	49.6675453186
2012-12-30	12	2012	49.3293457031
2012-12-31	12	2012	49.0810089111
2013-01-01	1	2013	25.1602172852
2013-01-02	1	2013	18.7373867035
2013-01-03	1	2013	18.9442958832
2013-01-04	1	2013	14.665722847
2013-01-05	1	2013	14.1712026596
2013-01-06	1	2013	11.1157903671
2013-01-07	1	2013	13.7043132782
2013-01-08	1	2013	17.3125896454
2013-01-09	1	2013	11.1716032028
2013-01-10	1	2013	7.5087423325
2013-01-11	1	2013	12.1664848328
2013-01-12	1	2013	12.6203918457
2013-01-13	1	2013	49.5563545227
2013-01-14	1	2013	49.2539405823
2013-01-15	1	2013	49.0697517395
2013-01-16	1	2013	49.1399345398
2013-01-17	1	2013	49.4963722229
2013-01-18	1	2013	50.0792922974
2013-01-19	1	2013	50.5640029907
2013-01-20	1	2013	51.2160339355
2013-01-21	1	2013	51.5900611877
2013-01-22	1	2013	51.8928565979
2013-01-23	1	2013	51.4892311096
2013-01-24	1	2013	51.6774711609
2013-01-25	1	2013	51.1669120789
2013-01-26	1	2013	50.7081451416
2013-01-27	1	2013	50.0285949707
2013-01-28	1	2013	49.4544029236
2013-01-29	1	2013	49.1907844543
2013-01-30	1	2013	49.0725402832
2013-01-31	1	2013	49.189956665
2013-02-01	2	2013	49.6021118164
2013-02-02	2	2013	50.2166862488
2013-02-03	2	2013	12.1324911118
2013-02-04	2	2013	26.3036460876
2013-02-05	2	2013	43.8579444885
2013-02-06	2	2013	51.9170455933
2013-02-07	2	2013	51.8334960938
2013-02-08	2	2013	51.591583252
2013-02-09	2	2013	17.023147583
2013-02-10	2	2013	10.3544893265
2013-02-11	2	2013	23.0065517426
2013-02-12	2	2013	8.5814609528
2013-02-13	2	2013	14.9740018845
2013-02-14	2	2013	49.08934021
2013-02-15	2	2013	18.6813926697
2013-02-16	2	2013	11.8959970474
2013-02-17	2	2013	20.7112922668
2013-02-18	2	2013	50.8440704346
2013-02-19	2	2013	30.8237190247
2013-02-20	2	2013	25.6251926422
2013-02-21	2	2013	38.0501823425
2013-02-22	2	2013	45.8753089905
2013-02-23	2	2013	51.4949569702
2013-02-24	2	2013	50.9049606323
2013-02-25	2	2013	50.4254493713
2013-02-26	2	2013	49.7719039917
2013-02-27	2	2013	49.2821388245
2013-02-28	2	2013	49.1035804749
2013-03-01	3	2013	49.1199951172
2013-03-02	3	2013	49.3280296326
2013-03-03	3	2013	49.838924408
2013-03-04	3	2013	50.4983444214
2013-03-05	3	2013	50.9797096252
2013-03-06	3	2013	51.5466308594
2013-03-07	3	2013	51.8129615784
2013-03-08	3	2013	51.9234886169
2013-03-09	3	2013	51.7081260681
2013-03-10	3	2013	51.3885421753
2013-03-11	3	2013	50.7673225403
2013-03-12	3	2013	50.2845039368
2013-03-13	3	2013	49.65366745
2013-03-14	3	2013	49.21352005
2013-03-15	3	2013	49.0803909302
2013-03-16	3	2013	49.1641960144
2013-03-17	3	2013	11.2355117798
2013-03-18	3	2013	10.7864694595
2013-03-19	3	2013	5.818271637
2013-03-20	3	2013	5.1704239845
2013-03-21	3	2013	7.559823513
2013-03-22	3	2013	40.3922309875
2013-03-23	3	2013	28.3958702087
2013-03-24	3	2013	34.458820343
2013-03-25	3	2013	51.2733879089
2013-03-26	3	2013	50.6270332336
2013-03-27	3	2013	50.1456794739
2013-03-28	3	2013	49.5437469482
2013-03-29	3	2013	49.1575164795
2013-03-30	3	2013	49.0711593628
2013-03-31	3	2013	49.2215118408
2013-04-01	4	2013	49.5120925903
2013-04-02	4	2013	50.1016387939
2013-04-03	4	2013	50.7799186707
2013-04-04	4	2013	51.2355384827
2013-04-05	4	2013	51.7172813416
2013-04-06	4	2013	51.898235321
2013-04-07	4	2013	5.5955529213
2013-04-08	4	2013	51.5352058411
2013-04-09	4	2013	51.1506271362
2013-04-10	4	2013	0
2013-04-11	4	2013	10.7956800461
2013-04-12	4	2013	8.5954589844
2013-04-13	4	2013	9.0252523422
2013-04-14	4	2013	49.0759773254
2013-04-15	4	2013	49.2913818359
2013-04-16	4	2013	49.6191711426
2013-04-17	4	2013	14.6125507355
2013-04-18	4	2013	50.9172096252
2013-04-19	4	2013	28.986322403
2013-04-20	4	2013	2.5608706474
2013-04-21	4	2013	10.075925827
2013-04-22	4	2013	15.7931976318
2013-04-23	4	2013	16.4044284821
2013-04-24	4	2013	8.8698291779
2013-04-25	4	2013	7.3704490662
2013-04-26	4	2013	9.6799144745
2013-04-27	4	2013	17.9509525299
2013-04-28	4	2013	9.5257520676
2013-04-29	4	2013	16.3748226166
2013-04-30	4	2013	49.3731117249
2013-05-01	5	2013	5.7143006325
2013-05-02	5	2013	3.3791720867
2013-05-03	5	2013	7.473856926
2013-05-04	5	2013	17.9329166412
2013-05-05	5	2013	17.2904720306
2013-05-06	5	2013	10.0775203705
2013-05-07	5	2013	5.2371902466
2013-05-08	5	2013	15.6385965347
2013-05-09	5	2013	30.4892578125
2013-05-10	5	2013	29.2099018097
2013-05-11	5	2013	29.8111457825
2013-05-12	5	2013	22.71925354
2013-05-13	5	2013	25.1431846619
2013-05-14	5	2013	25.172586441
2013-05-15	5	2013	20.3448638916
2013-05-16	5	2013	11.3363418579
2013-05-17	5	2013	3.3886694908
2013-05-18	5	2013	7.9414544106
2013-05-19	5	2013	6.3036236763
2013-05-20	5	2013	7.1595401764
2013-05-21	5	2013	10.6320886612
2013-05-22	5	2013	4.584151268
2013-05-23	5	2013	10.4844799042
2013-05-24	5	2013	17.6843109131
2013-05-25	5	2013	21.4122600555
2013-05-26	5	2013	2.6566421986
2013-05-27	5	2013	13.0045995712
2013-05-28	5	2013	12.344701767
2013-05-29	5	2013	49.1735534668
2013-05-30	5	2013	49.5688438416
2013-05-31	5	2013	12.5759220123
2013-06-01	6	2013	6.9913167953
2013-06-02	6	2013	8.4293851852
2013-06-03	6	2013	2.7643988132
2013-06-04	6	2013	5.9642314911
2013-06-05	6	2013	8.0539417267
2013-06-06	6	2013	5.5678610802
2013-06-07	6	2013	8.8792133331
2013-06-08	6	2013	11.506942749
2013-06-09	6	2013	5.3863139153
2013-06-10	6	2013	2.6508283615
2013-06-11	6	2013	13.6339359283
2013-06-12	6	2013	17.8521289825
2013-06-13	6	2013	24.3783664703
2013-06-14	6	2013	19.6317996979
2013-06-15	6	2013	30.0310306549
2013-06-16	6	2013	30.4386348724
2013-06-17	6	2013	23.7050285339
2013-06-18	6	2013	13.671210289
2013-06-19	6	2013	0
2013-06-20	6	2013	4.9154009819
2013-06-21	6	2013	5.9198298454
2013-06-22	6	2013	24.3534641266
2013-06-23	6	2013	50.4668731689
2013-06-24	6	2013	24.6627349854
2013-06-25	6	2013	4.6842870712
2013-06-26	6	2013	0
2013-06-27	6	2013	3.0604631901
2013-06-28	6	2013	11.7973384857
2013-06-29	6	2013	13.1614980698
2013-06-30	6	2013	10.8497266769
2013-07-01	7	2013	14.1293945313
2013-07-02	7	2013	9.9974927902
2013-07-03	7	2013	14.3668804169
2013-07-04	7	2013	11.8062591553
2013-07-05	7	2013	9.5227985382
2013-07-06	7	2013	3.4489412308
2013-07-07	7	2013	0
2013-07-08	7	2013	6.5398068428
2013-07-09	7	2013	5.3595924377
2013-07-10	7	2013	5.669154644
2013-07-11	7	2013	4.3522992134
2013-07-12	7	2013	3.8008136749
2013-07-13	7	2013	0.2729074657
2013-07-14	7	2013	2.4690372944
2013-07-15	7	2013	2.6974840164
2013-07-16	7	2013	3.1828575134
2013-07-17	7	2013	2.7621865273
2013-07-18	7	2013	6.7377552986
2013-07-19	7	2013	5.2514138222
2013-07-20	7	2013	4.9052443504
2013-07-21	7	2013	8.9195432663
2013-07-22	7	2013	7.4177303314
2013-07-23	7	2013	4.755874157
2013-07-24	7	2013	16.5346717834
2013-07-25	7	2013	14.3290481567
2013-07-26	7	2013	8.5308713913
2013-07-27	7	2013	6.393764019
2013-07-28	7	2013	5.6852469444
2013-07-29	7	2013	10.806520462
2013-07-30	7	2013	14.0194387436
2013-07-31	7	2013	12.2506132126
2013-08-01	8	2013	16.4875049591
2013-08-02	8	2013	19.6811752319
2013-08-03	8	2013	18.0796699524
2013-08-04	8	2013	18.0120868683
2013-08-05	8	2013	14.1979999542
2013-08-06	8	2013	9.8052520752
2013-08-07	8	2013	2.2818953991
2013-08-08	8	2013	2.0744667053
2013-08-09	8	2013	14.310131073
2013-08-10	8	2013	9.5232200623
2013-08-11	8	2013	9.5611763
2013-08-12	8	2013	9.6229686737
2013-08-13	8	2013	9.2242155075
2013-08-14	8	2013	7.4202594757
2013-08-15	8	2013	11.0781011581
2013-08-16	8	2013	14.3583192825
2013-08-17	8	2013	10.6304950714
2013-08-18	8	2013	19.6635951996
2013-08-19	8	2013	14.3141374588
2013-08-20	8	2013	13.4940567017
2013-08-21	8	2013	13.9753370285
2013-08-22	8	2013	9.1727571487
2013-08-23	8	2013	2.070554018
2013-08-24	8	2013	12.3645324707
2013-08-25	8	2013	7.1864285469
2013-08-26	8	2013	12.4145383835
2013-08-27	8	2013	7.7120480537
2013-08-28	8	2013	9.7686853409
2013-08-29	8	2013	8.3512716293
2013-08-30	8	2013	12.3060760498
2013-08-31	8	2013	15.7916030884
2013-09-01	9	2013	13.0638904572
2013-09-02	9	2013	14.3647518158
2013-09-03	9	2013	8.9548311234
2013-09-04	9	2013	3.670501709
2013-09-05	9	2013	9.2326889038
2013-09-06	9	2013	11.9137897491
2013-09-07	9	2013	25.2584819794
2013-09-08	9	2013	15.663064003
2013-09-09	9	2013	13.6235198975
2013-09-10	9	2013	14.3788137436
2013-09-11	9	2013	17.3608608246
2013-09-12	9	2013	15.3817558289
2013-09-13	9	2013	16.2535495758
2013-09-14	9	2013	14.294090271
2013-09-15	9	2013	15.8055610657
2013-09-16	9	2013	51.9256820679
2013-09-17	9	2013	51.7208328247
2013-09-18	9	2013	51.4054069519
2013-09-19	9	2013	50.7893371582
2013-09-20	9	2013	50.1054954529
2013-09-21	9	2013	16.5672225952
2013-09-22	9	2013	49.2246017456
2013-09-23	9	2013	3.5376560688
2013-09-24	9	2013	49.1578598022
2013-09-25	9	2013	0
2013-09-26	9	2013	3.6000299454
2013-09-27	9	2013	6.9854249954
2013-09-28	9	2013	21.013507843
2013-09-29	9	2013	22.0788631439
2013-09-30	9	2013	25.6999778748
2013-10-01	10	2013	27.496931076
2013-10-02	10	2013	26.4608707428
2013-10-03	10	2013	51.2914962769
2013-10-04	10	2013	10.3713283539
2013-10-05	10	2013	13.2064990997
2013-10-06	10	2013	11.8586053848
2013-10-07	10	2013	14.3005046844
2013-10-08	10	2013	24.2987613678
2013-10-09	10	2013	8.555478096
2013-10-10	10	2013	23.7330532074
2013-10-11	10	2013	50.0819664001
2013-10-12	10	2013	50.7606010437
2013-10-13	10	2013	23.6152801514
2013-10-14	10	2013	26.4944515228
2013-10-15	10	2013	27.502368927
2013-10-16	10	2013	28.3820323944
2013-10-17	10	2013	30.8871555328
2013-10-18	10	2013	20.2201423645
2013-10-19	10	2013	29.3866558075
2013-10-20	10	2013	26.4016704559
2013-10-21	10	2013	26.1983242035
2013-10-22	10	2013	31.9582748413
2013-10-23	10	2013	49.0746612549
2013-10-24	10	2013	25.2514133453
2013-10-25	10	2013	49.7633056641
2013-10-26	10	2013	31.8174095154
2013-10-27	10	2013	35.6586990356
2013-10-28	10	2013	33.3990325928
2013-10-29	10	2013	39.546787262
2013-10-30	10	2013	35.5231361389
2013-10-31	10	2013	51.837223053
2013-11-01	11	2013	51.4505004883
2013-11-02	11	2013	14.1577043533
2013-11-03	11	2013	50.366355896
2013-11-04	11	2013	15.1504917145
2013-11-05	11	2013	49.3666305542
2013-11-06	11	2013	49.0905036926
2013-11-07	11	2013	49.0913848877
2013-11-08	11	2013	49.3612632751
2013-11-09	11	2013	49.8883743286
2013-11-10	11	2013	16.062040329
2013-11-11	11	2013	18.5617160797
2013-11-12	11	2013	13.5964889526
2013-11-13	11	2013	15.7946968079
2013-11-14	11	2013	51.915145874
2013-11-15	11	2013	51.7809104919
2013-11-16	11	2013	12.2845077515
2013-11-17	11	2013	12.1810312271
2013-11-18	11	2013	10.842259407
2013-11-19	11	2013	22.0381889343
2013-11-20	11	2013	49.2860069275
2013-11-21	11	2013	49.0730285645
2013-11-22	11	2013	49.1219596863
2013-11-23	11	2013	49.4524497986
2013-11-24	11	2013	50.0194206238
2013-11-25	11	2013	50.5009841919
2013-11-26	11	2013	51.1608581543
2013-11-27	11	2013	51.5482635498
2013-11-28	11	2013	51.8776741028
2013-11-29	11	2013	31.0910835266
2013-11-30	11	2013	51.7119979858
2013-12-01	12	2013	51.2219429016
2013-12-02	12	2013	50.7702903748
2013-12-03	12	2013	50.088558197
2013-12-04	12	2013	49.4985389709
2013-12-05	12	2013	49.2173194885
2013-12-06	12	2013	49.0695648193
2013-12-07	12	2013	49.1660842896
2013-12-08	12	2013	49.5539283752
2013-12-09	12	2013	50.1551589966
2013-12-10	12	2013	50.6424827576
2013-12-11	12	2013	51.2829437256
2013-12-12	12	2013	51.6392555237
2013-12-13	12	2013	51.9079971313
2013-12-14	12	2013	51.8543815613
2013-12-15	12	2013	51.6311607361
2013-12-16	12	2013	51.0963973999
2013-12-17	12	2013	50.6300125122
2013-12-18	12	2013	49.9550361633
2013-12-19	12	2013	49.4021606445
2013-12-20	12	2013	49.161239624
2013-12-21	12	2013	49.0801467896
2013-12-22	12	2013	49.2233314514
2013-12-23	12	2013	49.6646995544
2013-12-24	12	2013	50.2942466736
2013-12-25	12	2013	50.7825737
2013-12-26	12	2013	14.2563915253
2013-12-27	12	2013	51.719039917
2013-12-28	12	2013	51.9244651794
2013-12-29	12	2013	17.2783641815
2013-12-30	12	2013	51.5391998291
2013-12-31	12	2013	50.964969635
2014-01-01	1	2014	50.4884529114
2014-01-02	1	2014	49.8268623352
2014-01-03	1	2014	49.3165397644
2014-01-04	1	2014	49.1183242798
2014-01-05	1	2014	49.1046676636
2014-01-06	1	2014	49.2931289673
2014-01-07	1	2014	49.7836761475
2014-01-08	1	2014	50.4353218079
2014-01-09	1	2014	6.225086689
2014-01-10	1	2014	11.7102851868
2014-01-11	1	2014	14.3644390106
2014-01-12	1	2014	12.4248552322
2014-01-13	1	2014	20.4455890656
2014-01-14	1	2014	16.4057197571
2014-01-15	1	2014	14.7839927673
2014-01-16	1	2014	15.3416481018
2014-01-17	1	2014	16.5784473419
2014-01-18	1	2014	6.0200242996
2014-01-19	1	2014	7.6172866821
2014-01-20	1	2014	8.5432481766
2014-01-21	1	2014	9.0730514526
2014-01-22	1	2014	9.6857128143
2014-01-23	1	2014	9.8152141571
2014-01-24	1	2014	9.3814487457
2014-01-25	1	2014	11.7320299149
2014-01-26	1	2014	12.4045333862
2014-01-27	1	2014	35.516708374
2014-01-28	1	2014	51.6646308899
2014-01-29	1	2014	51.3256149292
2014-01-30	1	2014	50.689666748
2014-01-31	1	2014	50.2070732117
2014-02-01	2	2014	49.5915374756
2014-02-02	2	2014	49.1808280945
2014-02-03	2	2014	49.0735359192
2014-02-04	2	2014	49.1944351196
2014-02-05	2	2014	49.4675292969
2014-02-06	2	2014	50.0414924622
2014-02-07	2	2014	24.2457313538
2014-02-08	2	2014	51.1808052063
2014-02-09	2	2014	51.6832618713
2014-02-10	2	2014	43.3481407166
2014-02-11	2	2014	32.8757591248
2014-02-12	2	2014	51.5774497986
2014-02-13	2	2014	51.2060890198
2014-02-14	2	2014	50.5485038757
2014-02-15	2	2014	50.0700149536
2014-02-16	2	2014	49.4867019653
2014-02-17	2	2014	49.1320724487
2014-02-18	2	2014	49.072101593
2014-02-19	2	2014	49.2587966919
2014-02-20	2	2014	49.5704116821
2014-02-21	2	2014	50.1777954102
2014-02-22	2	2014	50.8565788269
2014-02-23	2	2014	51.3018417358
2014-02-24	2	2014	51.7564125061
2014-02-25	2	2014	51.9122695923
2014-02-26	2	2014	51.8506011963
2014-02-27	2	2014	51.479637146
2014-02-28	2	2014	51.0796203613
2014-03-01	3	2014	50.4068374634
2014-03-02	3	2014	49.9371871948
2014-03-03	3	2014	49.3918228149
2014-03-04	3	2014	49.0967330933
2014-03-05	3	2014	49.0847053528
2014-03-06	3	2014	49.3353462219
2014-03-07	3	2014	49.6824378967
2014-03-08	3	2014	19.085111618
2014-03-09	3	2014	28.7822875977
2014-03-10	3	2014	8.9382429123
2014-03-11	3	2014	22.1607341766
2014-03-12	3	2014	11.8066682816
2014-03-13	3	2014	7.1479701996
2014-03-14	3	2014	0
2014-03-15	3	2014	12.1904916763
2014-03-16	3	2014	13.2843990326
2014-03-17	3	2014	10.752409935
2014-03-18	3	2014	15.0249900818
2014-03-19	3	2014	16.3682727814
2014-03-20	3	2014	49.1112251282
2014-03-21	3	2014	49.423324585
2014-03-22	3	2014	49.8025054932
2014-03-23	3	2014	50.4585037231
2014-03-24	3	2014	14.1800355911
2014-03-25	3	2014	51.5191459656
2014-03-26	3	2014	51.8649902344
2014-03-27	3	2014	51.9271354675
2014-03-28	3	2014	51.7328453064
2014-03-29	3	2014	51.2560539246
2014-03-30	3	2014	50.8108673096
2014-03-31	3	2014	13.9041996002
2014-04-01	4	2014	10.726395607
2014-04-02	4	2014	18.674823761
2014-04-03	4	2014	9.5222845078
2014-04-04	4	2014	3.8010592461
2014-04-05	4	2014	15.7948884964
2014-04-06	4	2014	24.7233524323
2014-04-07	4	2014	12.1073923111
2014-04-08	4	2014	22.7674350739
2014-04-09	4	2014	15.0121183395
2014-04-10	4	2014	10.0718355179
2014-04-11	4	2014	9.0249090195
2014-04-12	4	2014	9.49214077
2014-04-13	4	2014	12.2347669601
2014-04-14	4	2014	11.5212059021
2014-04-15	4	2014	9.7018280029
2014-04-16	4	2014	11.2723731995
2014-04-17	4	2014	9.5432701111
2014-04-18	4	2014	8.5312728882
2014-04-19	4	2014	3.3003530502
2014-04-20	4	2014	9.6314382553
2014-04-21	4	2014	16.6974086761
2014-04-22	4	2014	9.8470029831
2014-04-23	4	2014	12.2899026871
2014-04-24	4	2014	15.7528448105
2014-04-25	4	2014	8.0565690994
2014-04-26	4	2014	51.8860054016
2014-04-27	4	2014	51.5666732788
2014-04-28	4	2014	51.002658844
2014-04-29	4	2014	0
2014-04-30	4	2014	3.8560781479
2014-05-01	5	2014	10.6797685623
2014-05-02	5	2014	9.5341796875
2014-05-03	5	2014	3.0596199036
2014-05-04	5	2014	13.0214195251
2014-05-05	5	2014	15.1587200165
2014-05-06	5	2014	22.3021240234
2014-05-07	5	2014	24.3227901459
2014-05-08	5	2014	26.3734931946
2014-05-09	5	2014	30.119720459
2014-05-10	5	2014	23.9421787262
2014-05-11	5	2014	51.8448600769
2014-05-12	5	2014	51.4673995972
2014-05-13	5	2014	50.8678512573
2014-05-14	5	2014	50.3882865906
2014-05-15	5	2014	1.4481745958
2014-05-16	5	2014	0
2014-05-17	5	2014	3.0596847534
2014-05-18	5	2014	6.0061039925
2014-05-19	5	2014	0
2014-05-20	5	2014	0.3549409509
2014-05-21	5	2014	6.9465641975
2014-05-22	5	2014	8.3824796677
2014-05-23	5	2014	12.3394041061
2014-05-24	5	2014	19.6576690674
2014-05-25	5	2014	4.9201087952
2014-05-26	5	2014	4.9079260826
2014-05-27	5	2014	3.444814682
2014-05-28	5	2014	2.5086681843
2014-05-29	5	2014	7.7970957756
2014-05-30	5	2014	10.7120714188
2014-05-31	5	2014	2.4378666878
2014-06-01	6	2014	6.7723155022
2014-06-02	6	2014	9.5433921814
2014-06-03	6	2014	11.240986824
2014-06-04	6	2014	6.8999724388
2014-06-05	6	2014	13.3409385681
2014-06-06	6	2014	7.9360260963
2014-06-07	6	2014	11.7455425262
2014-06-08	6	2014	13.7089939117
2014-06-09	6	2014	13.0564012527
2014-06-10	6	2014	13.6695518494
2014-06-11	6	2014	16.3433132172
2014-06-12	6	2014	3.9122064114
2014-06-13	6	2014	0.9430559278
2014-06-14	6	2014	3.829212904
2014-06-15	6	2014	6.0181446075
2014-06-16	6	2014	6.3766899109
2014-06-17	6	2014	5.6570887566
2014-06-18	6	2014	6.056245327
2014-06-19	6	2014	4.1543550491
2014-06-20	6	2014	9.3021621704
2014-06-21	6	2014	7.0745716095
2014-06-22	6	2014	8.0278053284
2014-06-23	6	2014	7.162727356
2014-06-24	6	2014	7.5927410126
2014-06-25	6	2014	5.9336829185
2014-06-26	6	2014	5.5138716698
2014-06-27	6	2014	6.1672720909
2014-06-28	6	2014	4.7359285355
2014-06-29	6	2014	8.5909938812
2014-06-30	6	2014	4.6595134735
2014-07-01	7	2014	7.6157064438
2014-07-02	7	2014	0
2014-07-03	7	2014	11.8796243668
2014-07-04	7	2014	13.286699295
2014-07-05	7	2014	13.4154615402
2014-07-06	7	2014	9.441860199
2014-07-07	7	2014	13.689535141
2014-07-08	7	2014	3.482711792
2014-07-09	7	2014	13.6934309006
2014-07-10	7	2014	11.12890625
2014-07-11	7	2014	8.8636951447
2014-07-12	7	2014	4.1684165001
2014-07-13	7	2014	12.5403690338
2014-07-14	7	2014	10.1012163162
2014-07-15	7	2014	14.969039917
2014-07-16	7	2014	11.1642370224
2014-07-17	7	2014	8.1164627075
2014-07-18	7	2014	9.6578397751
2014-07-19	7	2014	6.1634407043
2014-07-20	7	2014	1.9578297138
2014-07-21	7	2014	4.2664361
2014-07-22	7	2014	3.7371168137
2014-07-23	7	2014	1.9973852634
2014-07-24	7	2014	4.9042992592
2014-07-25	7	2014	3.2066252232
2014-07-26	7	2014	0
2014-07-27	7	2014	11.4064426422
2014-07-28	7	2014	9.1371850967
2014-07-29	7	2014	10.0856924057
2014-07-30	7	2014	6.0017228127
2014-07-31	7	2014	12.361998558
2014-08-01	8	2014	13.0793581009
2014-08-02	8	2014	5.3816566467
2014-08-03	8	2014	13.361369133
2014-08-04	8	2014	12.8390569687
2014-08-05	8	2014	8.9679555893
2014-08-06	8	2014	12.4158000946
2014-08-07	8	2014	13.721154213
2014-08-08	8	2014	3.4662592411
2014-08-09	8	2014	12.9169216156
2014-08-10	8	2014	14.7499427795
2014-08-11	8	2014	25.6352806091
2014-08-12	8	2014	19.603302002
2014-08-13	8	2014	18.6578712463
2014-08-14	8	2014	14.9541244507
2014-08-15	8	2014	11.1837368011
2014-08-16	8	2014	11.2766485214
2014-08-17	8	2014	16.6841144562
2014-08-18	8	2014	17.6666584015
2014-08-19	8	2014	16.318107605
2014-08-20	8	2014	8.4907312393
2014-08-21	8	2014	12.4217014313
2014-08-22	8	2014	19.6836338043
2014-08-23	8	2014	12.3449115753
2014-08-24	8	2014	9.9409322739
2014-08-25	8	2014	29.4233150482
2014-08-26	8	2014	13.1873760223
2014-08-27	8	2014	23.6647453308
2014-08-28	8	2014	21.8317737579
2014-08-29	8	2014	30.2484436035
2014-08-30	8	2014	25.2351303101
2014-08-31	8	2014	14.4585161209
2014-09-01	9	2014	15.2839984894
2014-09-02	9	2014	7.888610363
2014-09-03	9	2014	5.5319552422
2014-09-04	9	2014	0
2014-09-05	9	2014	4.6040644646
2014-09-06	9	2014	4.0103764534
2014-09-07	9	2014	16.424703598
2014-09-08	9	2014	19.3817405701
2014-09-09	9	2014	12.6869878769
2014-09-10	9	2014	6.084918499
2014-09-11	9	2014	6.8178830147
2014-09-12	9	2014	9.5291128159
2014-09-13	9	2014	11.159910202
2014-09-14	9	2014	12.408996582
2014-09-15	9	2014	19.6914749146
2014-09-16	9	2014	13.9511642456
2014-09-17	9	2014	14.8259763718
2014-09-18	9	2014	28.11860466
2014-09-19	9	2014	10.6089944839
2014-09-20	9	2014	8.5316028595
2014-09-21	9	2014	25.6533336639
2014-09-22	9	2014	11.0936002731
2014-09-23	9	2014	9.3657999039
2014-09-24	9	2014	23.1868114471
2014-09-25	9	2014	21.2359600067
2014-09-26	9	2014	20.2850322723
2014-09-27	9	2014	6.7727527618
2014-09-28	9	2014	0
2014-09-29	9	2014	4.682393074
2014-09-30	9	2014	9.1806764603
2014-10-01	10	2014	22.4083747864
2014-10-02	10	2014	12.856844902
2014-10-03	10	2014	20.3523712158
2014-10-04	10	2014	32.8567581177
2014-10-05	10	2014	28.3948402405
2014-10-06	10	2014	51.7441635132
2014-10-07	10	2014	51.2755622864
2014-10-08	10	2014	50.831905365
2014-10-09	10	2014	50.1493186951
2014-10-10	10	2014	49.5446166992
2014-10-11	10	2014	49.2463493347
2014-10-12	10	2014	49.0693702698
2014-10-13	10	2014	25.1814956665
2014-10-14	10	2014	49.5075874329
2014-10-15	10	2014	27.404920578
2014-10-16	10	2014	28.5496788025
2014-10-17	10	2014	31.5785446167
2014-10-18	10	2014	46.318939209
2014-10-19	10	2014	51.508556366
2014-10-20	10	2014	51.4851455688
2014-10-21	10	2014	51.6685371399
2014-10-22	10	2014	51.1530380249
2014-10-23	10	2014	50.6926422119
2014-10-24	10	2014	50.013835907
2014-10-25	10	2014	49.4437522888
2014-10-26	10	2014	49.1845855713
2014-10-27	10	2014	49.0737075806
2014-10-28	10	2014	49.1962852478
2014-10-29	10	2014	49.6143531799
2014-10-30	10	2014	50.2320556641
2014-10-31	10	2014	50.7205276489
2014-11-01	11	2014	29.8751335144
2014-11-02	11	2014	41.7557640076
2014-11-03	11	2014	32.8941764832
2014-11-04	11	2014	51.8279075623
2014-11-05	11	2014	51.5814208984
2014-11-06	11	2014	16.2740116119
2014-11-07	11	2014	50.5514831543
2014-11-08	11	2014	49.8831253052
2014-11-09	11	2014	18.7194633484
2014-11-10	11	2014	17.1221294403
2014-11-11	11	2014	19.3991031647
2014-11-12	11	2014	9.0520629883
2014-11-13	11	2014	17.3291397095
2014-11-14	11	2014	19.9050521851
2014-11-15	11	2014	18.4987869263
2014-11-16	11	2014	6.6868433952
2014-11-17	11	2014	11.1729917526
2014-11-18	11	2014	12.4250097275
2014-11-19	11	2014	14.3597955704
2014-11-20	11	2014	3.9814221859
2014-11-21	11	2014	10.9855566025
2014-11-22	11	2014	50.4098167419
2014-11-23	11	2014	49.7584724426
2014-11-24	11	2014	49.2739601135
2014-11-25	11	2014	49.1003417969
2014-11-26	11	2014	49.1242179871
2014-11-27	11	2014	49.3370552063
2014-11-28	11	2014	49.8528518677
2014-11-29	11	2014	50.513999939
2014-11-30	11	2014	50.9944267273
2014-12-01	12	2014	51.5572013855
2014-12-02	12	2014	51.8190574646
2014-12-03	12	2014	51.9222068787
2014-12-04	12	2014	51.6997642517
2014-12-05	12	2014	51.3762321472
2014-12-06	12	2014	50.7519302368
2014-12-07	12	2014	50.2690391541
2014-12-08	12	2014	49.6410980225
2014-12-09	12	2014	49.206703186
2014-12-10	12	2014	49.0786857605
2014-12-11	12	2014	49.1698951721
2014-12-12	12	2014	49.4249725342
2014-12-13	12	2014	49.9822349548
2014-12-14	12	2014	50.6554069519
2014-12-15	12	2014	51.1247444153
2014-12-16	12	2014	51.6469345093
2014-12-17	12	2014	51.8669319153
2014-12-18	12	2014	51.9028587341
2014-12-19	12	2014	51.6175918579
2014-12-20	12	2014	51.2601776123
2014-12-21	12	2014	50.6114311218
2014-12-22	12	2014	50.130531311
2014-12-23	12	2014	49.5321578979
2014-12-24	12	2014	49.1521263123
2014-12-25	12	2014	49.0710029602
2014-12-26	12	2014	49.2286262512
2014-12-27	12	2014	49.5234603882
2014-12-28	12	2014	50.1166992188
2014-12-29	12	2014	50.7952461243
2014-12-30	12	2014	51.2489128113
2014-12-31	12	2014	51.7253684998

